영단어|한국단어|설명
(Bulbous)Bow Warning Light|구상선수 주의등|구상선수가 있음을 알리기 위하여 켜는 선수등으로 적색 또는 청색이 있음
0.50% Sulphur limit|연료유 0.5% 황 함유량 규제|0.50% Sulphur limit under MARPOL Annex VI, 선박에서 배출되는 대기오염물질 중 황산화물(SO 2 및 SO 3 )의 배출량 감축을 위해 기존 중유(3.5% S 이하) 대신 황 함유량 0.50% 이하 연료를 사용하는 규제로 2020년부터 시작된 글로벌 규제임 < 출처: DNV-GL >
2|2세대 비손상 복원성|nd
2010 HNS Protocol|2010년 위험 유해물질의 해상운송에 따른|‘위험·유해 물질의 해상운송에 따른 손해배상책임에 관한 국제협약’(International Convention on Liability and Compensation for Damage in Connection with the Carriage of Hazardous and Noxious Substances by Sea, 1996; ‘HNS 협약’)은 국제해사기구의 법률위원회에서 1980년 최초로 논의된 뒤 1996년 외교 회의에서 채택되었음. HNS 협약은 유류, LNG, LPG 및 산적 고체·액체·가스 위험물 등 다양한 위험 유해물질의 해상운송 과정에서 사고가 발생한 경우 선박소유자 및 보험사가 1차로 보상하고, 2차로 HNS 기금이 보상하는 2단계 체계를 마련하여, 대형사고가 발생하더라도 피해자들에게 충분하고 신속하게 보상할 수 있도록 규정하고 있음. 그러나 HNS 협약이 발효되기 위해서는 12개국이 비준해야 하며 물동량이 1년 일반회계 기준 4천만 톤을 넘어야 하지만 다수 국가의 의견이 하나로 수렴되지 않아 발효 요건이 충족되지 않았고 결국 1996년 HNS 협약은 발효되지 않았음. 이후 법률위원회에서 각국의 의견을 수렴하여 기존 HNS 협약을 개정하는바, 이 개정된 의정서의 명칭이 ‘1996년 위험·유해 물질의 해상운송에 따른 손해배상책임에 관한 국제협약의 2010년 의정서 (Protocol of 2010 to Amend the International Convention on Liability and Compensation for Damage in Connection with the Carriage of Hazardous and Noxious Substances by Sea, 1996; HNS PROT 2010)이며 2020년 6월 기준 아직 발효되지 않았음
2010 Manila Amendments|2010 마닐라 개정|2010년 6월에 필리핀 마닐라에서 열린 외교 회의에서 채택되었 으며, 선원들이 기술적으로 진보된 선박을 운영하기 위해 선원을 교육하고 인증하는데 필요한 글로벌 표준을 마련하는 목표로 협약 및 각 규칙에 대하여 변경 사항을 포함
2011 Guidelines for the control and management of ship’s biofouling to minimize the transfer of invasive aquatic species|2011 선박 생물오손 관리 지침서|선박의 생물오손을 통한 수중생물의 이동을 최소화하기 위해 선체와 생물부착에 취약한 구역 등을 관리하기 위한 지침
2012 Cape Town Agreement (CTA)|2012 케이프타운 협정|어선의 구조와 설비에 대한 안전 요구 사항으로 1977 어선 안전을 위한 토레몰리노스 국제협약이 제정됨. 엄격한 규정으로 발효 조건을 만족하지 못하자 일부 요건을 완화하여 1993 트레몰리노스 의정서로 개정함. 이 또한 현재까지 발효 조건을 만족하지 못하였으며 이 의정서의 세부요건을 일부 완화하고, 점진적 이행이 가능하도록 제도를 마련하여 의정서 발효를 촉구하고자 2012 케이프타운 협정서를 체결함. 발효 조건은 24m 이상 어선의 합계 척수 3,600척 이상, 22개국 이상이 비준해야 하며, 현재 11개국이 비준함
3GPP|이동통신 표준화기구|3GPP (3rd Generation Partnership Project), 이동통신 관련 국제표준 제정을 위한 민간 표준화 기구
3R|Reduce(감소),|폐기물의 감량화(Reduce), 재사용(Reuse), 재활용(Recycling)을 의미. 자원의 절약과 자연계의 자정 능력 범위에서 폐기물을 배출시켜 환경 영향 감소와 기술 발전을 이루도록 하는 목적이 있음.
A 1|A1 해역|A1 (Sea area A1), 당사국 정부에 의하여 규정될 수 있는 것으로서 계속적인 DSC 경보를 이용할 수 있는 최소한 하나의 VHF 해안국의 무선전화통신 범위 내의 해역 (통상 20~30마일)
A 2|A2 해역|A2 (Sea area A2), 당사국 정부에 의하여 규정될 수 있는 것으로서 계속적인 DSC 경보를 이용할 수 있는 최소한 하나의 MF 해안국의 무선전화통신 범위 내에서 A1해역을 제외한 해역 (통상 100마일)
A 3|A3 해역|A3 (Sea area A3), 계속적인 경보를 이용할 수 있는 INMARSAT 정지궤도 위성의 통신 범위 내에서 A1 및 A2 해역을 제외한 해역 (약 70°N~70°S)
A 4|A4 해역|A4 (Sea area A4), A1, A2 및 A3 해역 밖의 해역 (남극, 북극 등) < 출처: Marine Gyaan 홈페이지 >
A/C (Anticorrosive) Paint|방청도료|NULL
A/F (Antifouling) Paint|방오도료(防汚塗料|NULL
ABOVE BASE LINE|기선 상부|NULL
ABOVE BASE LINE|기준선 상부|NULL
ABS : American Bureau of Shipping|미국선급협회|미국의 선급협회
ABS(American Bureau of Shipping|미국 선급협회|NULL
AC ( Alternating Current|교류 전류|NULL
AC Arc Welding|교류 아크용접|교류전원을 사용하는 아크용접
AC BALANCER|교류 밸런서|NULL
AC Balancer|교류 밸런서|NULL
AC GENERATOR|교류 발전기 ( 交流發電機 )|NULL
AC MOTOR|교류 전동기|NULL
AC MOTOR|교류 정류자기 ( 交流整流子機 )|NULL
AC Motor|교류 전동기|NULL
AC Motor|교류 정류자기 ( 交流整流子機 )|NULL
AC SLNGLE SPEED CONTROL|교류 1 단 속도제어|NULL
AC generator|교류 발전기 ( 交流發電機 )|NULL
ACB(Air Circuit Breaker|기중 차단기|NULL
ACC (Automatic Combustion Control|보일러 자동 연소제어 (自動燃燒制御|NULL
ACCEPT WITH COMMENT|주석조건하에 수락|NULL
ACCEPTANCE TRIAL|인수 시운전|NULL
ACCESS HOLE|억세스홀|NULL
ACCOMMODATION|거주구|NULL
ACCU(Automatic control system certified for unattended eng. room|기관실 무인화등급 (ABS|NULL
ACCUMULATOR|어큐뮬레이터|NULL
ACETYLENE|아세틸렌 가스|NULL
ACTIVE PASS FILTER|능동 필터|NULL
ACTIVE PASS FILTER|자동 오자 정정 장치|NULL
ACTIVE POWER|유효 전력|NULL
ACTIVITY|작업 단위|NULL
ACV (Air Cushion Vehicle|공기 부양선(浮揚船|NULL
ADAPTIVE DELTA MODULATION|적응 델타 변조|NULL
ADAPTIVE DIFFERENTIAL PULSE CODE|적응 차등 펄스 부호 변조방식|NULL
ADB|아시아 개발 은행|ADB (Asian Development Bank), 아시아 개발은행은 아시아와 태평양 지역 개발도상국의 경제발전과 협력을 촉진한다는 목적으로 1966년 8월 22일 필리핀의 메트로 마닐라에서 창립함. ADB에는 아시아 태평양 경제 사회 위원회의 회원국 및 선진국들이 참여함
ADJUSTABLE CONDENSER, VARIABLE|가변 콘덴서|NULL
ADJUSTABLE INDUCTOR|가변 인덕터|NULL
ADJUSTABLE RESISTOR, VARIABLE RESISTOR|가변 저항기|NULL
ADVANCE PAYMENT (BANK)|환급보증|NULL
ADVANCE PAYMENT (BANK) GUARANTEE|환급보증|NULL
AFRAMAX(Average Freight Rate Assessment at the max. of Deadweight) C.O.T|아프라막스 C.O.T (8 만톤급 원유운반선|NULL
AFT DRAFT AT A.P.|선미 홀수|NULL
AFT PEAK TANK|선미 피이크 탱크|NULL
AFT PERPENDICULAR|선미 수선|NULL
AFTWARD|뒤쪽으로|NULL
AGENCY FOR INTERNATIONAL DEVELOPMENT|국제개발처|NULL
AHU( Air Handling Unit|중앙공기 조화장치|NULL
AHWP (Actual Hours of Work Performed|작업 완료분의 실투입 시수|NULL
AI (Allocated Item|당용(호선)자재|NULL
AI (Artificial Intelligence|인공지능(人工知能|NULL
AIIC|국제회의통역사협회|AIIC (International, Association of Conference Interpreters), 1953년 설립, 100개국 이상의 3,000명가량 회원이 가입되어 있으며, 국제회의 통역사들을 대표하는 국제기관임
AIR CIRCUIT BREAKER|기중( 氣中 ) 차단기|NULL
AIR CONDITIONER|공기 조절장치|NULL
AIR CUSION VEHICLE|공기 부양선|NULL
AIR HANDLING UNIT|공기 조화기|NULL
AIR HOLE|공기 구멍|NULL
AIR RELAY|공기식 계전기|NULL
AIR TEST|기밀 시험|NULL
AIR VENT|공기 배기용 창|NULL
AIR-BLAST CIRCUIT BREAKER|공기 차단기|NULL
AIR-BLAST CIRCUIT BREAKER|기중 차단기|NULL
AIRBORNE COLLISION AVOIDANCE SYSTEM|기상 충돌 방지 장치|NULL
AIS|선박자동식별장치|AIS (Automatic Identification System), 해상에서의 선박 충돌을 방지하기 위한 장치로서, VHF 주파수를 사용하며, 시계가 좋지 않은 경우에도 선명·침로·속력·위치·목적지 등의 식별이 가능함. 이를 통하여 선박 충돌 방지뿐만 아니라, 육상에서의 선박관제, 조난 선박의 수색 및 구조 활동 등에도 활용됨
ALARM & MONITORING SYSTEM|각종경보 및 집중감시장치|NULL
ALIPHATIC HYDROCARBONS|지방족탄화수소용제|NULL
ALKYD PAINT|ENGINE ROOM 혹은 BOSUN STORE 및 거주구에 많이 사용되는 발청 방지용 도료|NULL
ALLOCATION QUANTITY|할당 수량|NULL
ALLOY STEEL BOILER AND HEAT EXCHANGER TUBES|보일러 열교환기용 합금강 강관|NULL
ALLOY STEEL PIPES|배관용 합금강 강관|NULL
ALLOY STEEL TUBES FOR STRUCTURAL PURPOSE|구조용 합금강 강관|NULL
ALTERNATE CURRENT|교류|NULL
ALTERNATING CURRENT|교류|NULL
ALUMINUM CABLE STEEL REINFORCED|강심 알루미늄 연선|NULL
AM ( Amplitude Modulation|진폭 변조|NULL
AMERICAN BUREAU OF|미국 선급 협회|NULL
AMERICAN BUREAU OF SHIPPING|미국 선급 협회|NULL
AMERICAN BUREAU OF SHIPPING|미국선급|NULL
AMERICAN INSTITUTE OF|미국 철구조물 건설 협회|NULL
AMERICAN INSTITUTE OF MERCHANT SHIPPING|미국선주협회|NULL
AMERICAN INSTITUTE OF STEEL|미국 철구조물 건설 협회|NULL
AMERICAN IRON & STEEL INSTITUTE|미국철강협회|NULL
AMERICAN IRON AND STEEL|미국 철강 협회|NULL
AMERICAN IRON AND STEEL INSTITUTE|미국 철강 협회|NULL
AMERICAN NATIONAL STANDARD INSTITUTE|미국 국제 표준 협회|NULL
AMERICAN NATIONAL STANDARD INSTITUTE|미국표준공업규격|NULL
AMERICAN PETROLEUM|미국 석유 협회|NULL
AMERICAN PETROLEUM INSTITUTE|미국 석유 협회|NULL
AMERICAN SOCIETY FOR|미국 재료시험 협회|NULL
AMERICAN SOCIETY FOR METAL|미국금속협회|NULL
AMERICAN SOCIETY FOR TESTING AND|미국 재료시험 협회|NULL
AMERICAN SOCIETY FOR TESTING MATERIALS|미국재료시험협회|NULL
AMERICAN SOCIETY OF|미국 기계 기술자 협회|NULL
AMERICAN SOCIETY OF MECHANICAL|미국 기계 기술자 협회|NULL
AMERICAN SOCIETY OF MECHANICAL ENGINEERS|미국기계공업협회|NULL
AMERICAN SOCIETY OF NON-|미국 비파괴 검사 협회|NULL
AMERICAN SOCIETY OF NONDESTRUCTIVE TESTING|미국비파괴시험협회|NULL
AMERICAN STANDARD ASSOCIATION|미국공업규격|NULL
AMERICAN STANDARD CODE FOR INFORMATION INTERCHANGE|컴퓨터의 내부 문자표현 코드|NULL
AMERICAN WELDING SOCIETY|미국 용접 협회|NULL
AMERICAN WELDING SOCIETY|미국용접협회|NULL
AMERICAN WIRE GAUGE|미국 와이어 게이지|NULL
AMPERE|암페어|NULL
AMPERE|전류|NULL
AMPERE'S RIGHTHANDED SCREW RULE|암페어의 오른 나사의 법칙|NULL
AMPLIFIER|증폭기|NULL
AMPLITUDE MODULATION|진폭 변조|NULL
AMPLITUDE SHIFT KEYING|진폭 위상 변조|NULL
ANALOG DIGITAL CONVERTER|아나로그 디지털 변환기|NULL
ANGLE|산형재|NULL
ANGLE OF EXTINCTION|소호각|NULL
ANNUAL SURVEY|연차 검사|NULL
ANSI(American National Standards Institute|미국 표준협회|NULL
ANTI CORROSIVE|방청 도료|NULL
ANTI CORROSIVE PAINT|부식 방지 도료|NULL
ANTI FOULING|오염 방지 도료|NULL
ANTI FOULING PAINT|방오 도료|NULL
ANTI-ACRONYM ASSOCIATION|반약어 협회|NULL
ANTI-SUBMARINE WARFARE|대 잠수함전|NULL
ANTI-SURFACE VESSEL WARFARE|대 함전|NULL
ANTS (Automatic Navigation and Track-keeping System|자동항해및 침로유지 (針路維持)장치|NULL
AP (After Perpendicular|선미 수선(船尾垂線|NULL
APHoMSA|아·태 해사안전기관장회의|APHoMSA (Asia Pacific Heads of Maritime Safety Agencies), 아시아·태평양 지역 국가의 해양환경 보호 및 해사안전에 관한 정책 교류 그리고 해당 지역에서 발생하는 해양사고의 대응 및 조사에 관한 정보공유를 통해 국제협력 차원에서 발전적인 네트워크를 형성하여 공동 이익을 위해 대응 활동을 펼침. 2019년 제20차 APHoMSA 회의가 대한민국 서울에서 개최
API (American Petroleum Institute|미국 석유협회|NULL
APPARENT POWER|피상 전력|NULL
APPLICATION SPECIFIC IC|응용 주문형 집적회로|NULL
APPROACH CONTROL RADAR|근접관계 레이다|NULL
APPROVAL|승인|NULL
APT (After Peak Tank|선미 피이크 탱크|NULL
ARMATURE REACTION|전기자 반작용|NULL
ARPA (Automatic Rader Plotting Aids|레이다 자동충돌 예방 항법장치|NULL
ARTIFICIAL INTELLIGENCE|인공 지능|NULL
ASI (Allocated Stock Item|당용(當用)저장자재|NULL
ASME(American Society of Mechanical Engineers|미국기계학회|NULL
ASP|운용 서비스 제공자|ASP (Application Service Provider), CSP를 통하여 수신된 선박의 LRIT 자료수집 후 이를 선박의 기국 DC로 송신함. ASP는 상업적 단체(기업)이며, 각 당사국은 자국 선박이 발송하는 LRIT 데이터를 자국 DC로 송신할 ASP를 자체적으로 선택 및 승인함
ASSOCIATION FRANCAISE DE NORMALIZATION|프랑스 규격협회|NULL
AST (Anti-Suction Tunnel|선수(船首)스라스트측 관통구(貫通口|NULL
ASTM (American Society of Testing Materials|미국 재료시험협회|NULL
ASYNCHRONOUS MACHINE|비동기기|NULL
ASYNCHRONOUS PHASE MODIFIER|비동기 조상기|NULL
AT : Appearance Test|에이티시험|외관검사 참조
ATBA|피항 수역|ATBA (Area To Be Avoid), IMO가 지정하는 해역으로 항해위험이 예상되거나, 해양 사고가 발생할 수 있으므로 선박이 통항하지 못하도록 제한된 수역을 말함
AUDIO FREQUENCY|가청 주파수|NULL
AUDIO RESPONSE UNIT|음성 응답 장치|NULL
AUS (Auto Unloading System|자동부하경감 장치|NULL
AUSTRALIAN WATERSIDE WORKERS FEDERATION|오스트레일리아 연안노동자연합|NULL
AUTHORIZED INSPECTOR|공인검사관|NULL
AUTO TRANSFORMER|단권 변압기|NULL
AUTOMATED MUTUAL-ASSISTANCE VESSEL RESCUE SYSTEM|선박구조에 관한 상호 원조기국(미국)|NULL
AUTOMATIC APPROVAL|자동 승인|NULL
AUTOMATIC BRIDGE CONTROL SYSTEM FOR UNATTENDED ENGINE ROOM|ABS(미국 선급) 무인화등급|NULL
AUTOMATIC BRIGHTNESS AND CONTRAST|자동 휘도 콘트라스트 조절|NULL
AUTOMATIC BRIGHTNESS CONTROL|자동 휘도 조절|NULL
AUTOMATIC COMBUSTION CONTROL|보일러의 자동연소 제어|NULL
AUTOMATIC CONTROL ROOM FOR UNATTENDED ENGINE ROOM CERTIFIED|ABS(미국 선급) 무인화등급|NULL
AUTOMATIC CONTROL SYSTEM CERTIFIED|ABS(미국 선급) 무인화등급|NULL
AUTOMATIC DIRECTION FINDER|자동 방위 측정기|NULL
AUTOMATIC DIRECTION FINDER|자동 방향 측정기|NULL
AUTOMATIC ROUTE SELECTION|자동 경로 선택|NULL
AUTOMATIC SEND/RECEIVE SET|자동 송수신 장치|NULL
AUTOMATIC START CONTROL|자동시동 조종장치|NULL
AUTOMATIC TRAIN CONTROL, AUTOMATIC|자동 열차 제어 , 자동 교통 제어|NULL
AUTOMATIC VEHICLE MONITORING SYSTEM|차량 위치 모니터링 시스템|NULL
AUTOMATIC VOLTAGE REGULATOR|자동 전압 조정기|NULL
AUTOMATION COMBUSTION CONTROL TEST|자동연소 조정시험|NULL
AUTOMATION DISTRIBUTION SYSTEM|배전 자동화 시스템|NULL
AUTOMATION FINE TUNING|자동 세밀 조정|NULL
AUTOMATION FREQUENCY CONTROL|자동 주파수 제어|NULL
AUTOMATION GAIN CONTROL|자동 이득 제어|NULL
AUXILIARY CONTROL CONSOLE|보기 제어 콘솔|NULL
AUXILIARY ENGINE|보조 기관|NULL
AUXILIARY MACHINERY ROOM|보조 기관실|NULL
AVR (Automatic Voltage Regulator|자동전압 조정기|NULL
AWB (Airway Bill ) No.|항공화물수취증번호|NULL
AWES(The Association of Western European Shipbuilders|서유럽 조선공업협회|NULL
AWG(American Wire Gauge|미국 전선번호 규격|NULL
AWS ( American Welding Society|미국 용접협회|NULL
AWWF(Australian Waterside Workers' Federation|오스트레일리아 연안(沿岸)노동자연합|NULL
Abaft|선미(船尾)방향으로|NULL
Abandoned, Lost or otherwise Discarded Fishing Gear (ALDFG)|버려지거나 유실되는 폐어구|어업 활동 중 버려지거나(abandoned) 유실(lost) 또는 고의로 버려지는(discarded) 폐어구를 총칭. 해양 플라스틱 쓰레기의 상당 부분이 ALDFG로 구성되어 있어 이에 대한 국제적 차원의 대응이 진행되고 있음
Abandonment of seafarers|선원의 유기|다음의 경우에 선원의 유기가 발생한 것으로 보며, 이에 대해 국제협약 및 국내법에 따라 유기된 선원의 구제방안이 마련됨 선박소유자가 선원을 송환하지 아니하거나 송환에 필요한 비용을 선원에게 지급하지 아니한 경우; 선박소유자가 임금을 2개월 이상 지급하지 아니하고 선원과의 연락을 두절하는 등 근로관계를 일방적으로 단절한 경우; 선박소유자가 관련법 또는 근로 계약에 따라 선원에게 제공해야 하는 식료품, 물, 생존을 위하여 필요한 연료 및 의료지원 등 선상생활에 필요한 재화나 서비스를 제공하지 아니한 경우
Abnormal Operation|비정상(非正常) 운전|NULL
Aboard|선내(船內)에|NULL
Abrasion Material/ Abrasive|연마제(硏磨劑|NULL
Abs. Press. (Absolute Pressure|절대압력|NULL
Absolute Humidity|절대습도|1kg의 기체중에 포함된 물의 중량
Abutting Plate|인접(隣接)한 판|NULL
Acceptable Quality Level|합격품질수준|NULL
Acceptance / Approval|수락 / 승인|수락이나 승인은 주로 다자조약에 대한 국가의 기속적 동의 표시의 한 방법으로 조약의 원서명자로서 수락이나 승인을 행하는 경우와 조약의 원서명자가 아닌 국가가 수락이나 승인을 행하는 경우로 나누어 볼 수 있는 데, “수락의 조건으로” 또는 “승인의 조건으로” 서명한 후 행하는 전자의 경우는 “비준” 그리고 해당 조약채택 시 서명을 하지 않았던 국가가 후에 행하는 수락이나 승인은 “가입”과 같은 의미와 효과를 지님
Access Hole|억세스홀|NULL
Access Hole|통로(通路) 구멍|NULL
Access Ladder|출입용 사다리|NULL
Accessibility|접근의 난이도|NULL
Accession|가입|다자조약의 원 서명국이 아닌 국가가 추후 당사국이 되기 위하여 조약상의 규정(가입)에 따라 국가의 기속적 동의를 표시하는 행위
Accessory|부속품(附屬品|NULL
Accident Prevention|사고 방지(事故防止|NULL
Accommodation (Accom.|거주 설비|NULL
Accommodation Deck|거주갑판|선원이나 승객의 거주공간이 배치된 갑판
Accommodation Deck|거주설비|배안의 선원 및 여객이 거주하는데 필요한 설비들의 총칭
Accommodation Ladder|현측(舷側) 사다리|NULL
Accommodation Plan|거주실 배치도|배안의 거주실 배치를 나타낸 도면
Accommodation Space|거주구역|NULL
Accomodation|거주설비|NULL
Accounting System|회계 제도|NULL
Accummulator|어큐뮬레리터|펌프에서 발생한 압력에너지를 축적하였다가 필요에 따라 기계를 작동시키는 장치
Accumulative Erection Weight Curve|탑재중량 누계곡선|NULL
Accumulator|축압기(蓄壓器|NULL
Accuracy Control|정도관리(精度 管理|NULL
Acetylene Gas|아세틸렌 가스|NULL
Acetylene Gas Generator|아세틸렌 가스발생기|카바이트(CaCO2)와 물을 접촉반응시켜 아세틸렌(C2H2) 가스를 발생시키는 장치
Achievement of the Goals|목표(目標)의 달성|NULL
Acid Pickling|산세척(酸洗滌|NULL
Acid Resisting Paint|내산페인트|산에 대한 저항력이 큰 도료
Act of God|천재|자연력에 의해서 발생하는 불가항력적인 재해
Act or omission|작위 또는 부작위|Act와 Omission이라는 표현은 법률 용어인 작위와 부작위로 표현됨. 일반적으로 작위는 적극적인 행위이고 부작위는 소극적인 행위라고 할 수 있는데 이를 좀 더 자세히 살펴보면 아래와 같음. 작위란 법적, 규범적으로 금지된 일을 의식적으로 행한 적극적인 행위를 뜻함. 즉, 법규로 금지됐기 때문에 하지 말아야 할 일을 의식적으로 하는 것이라고 할 수 있으며, 한마디로 말하면 법규를 어기고 의식적으로 범죄를 저지르는 행위를 작위라고 할 수 있음. 부작위란 마땅히 해야 할 일을 일부러 하지 않는 소극적인 행위를 뜻함. 즉, 법적, 도덕적으로 볼 때 마땅히 해야 할 일을 일부러 하지 않아 죄를 저지르게 되는 소극적인 행위라고 할 수 있음. 예를 들어 부모는 미성년자인 자녀를, 어른이 된 자녀는 자기가 부양하는 부모를 생명이나 신체에 대한 위험으로부터 민법상 보호할 의무를 지게 되는데 이를 이행하지 않는다면 부작위가 되는 것임
Active Pass Filter|능동 필터|NULL
Active Pass Filter|자동 오자 정정 장치|NULL
Active Power|유효 전력|NULL
Active substance|활성 물질|유해 수중생물 및 병원균에 대해 일반적 또는 특이적인 반응을 가지는 물질 또는 생물(바이러스 또는 균류 포함)을 지칭함
Activities on Critical Path|주공정상(主工程上)의 작업|NULL
Activity Duration Reduction|작업기간단축|NULL
Actual Manhours Used on Previous Ship|실적선(實積船)의 투입시수|NULL
Actual Throat|실제목두께|필렛용접부의 단면에서 용접부의 루트로부터 표면까지의 최단거리
Actylene Welding|아세틸렌용접|산소와 아세틸렌가스의 혼합기체의 연소열을 이용하는 용접법
Adapter|어댑타|NULL
Adaptive Delta Modulation|적응 델타 변조|NULL
Adaptive Differential Pulse|적응 차등 펄스 부호 변조방식|NULL
Additional Work|추가 공사(追加工事|NULL
Additive|첨가제(添加劑|NULL
Adhesion Test|부착력(附着力) 시험|NULL
Adjacent Block|인접(隣接) 블록|NULL
Adjustable Condenser,|가변 콘덴서|NULL
Adjustable Inductor|가변 인덕터|NULL
Adjustable Pin Jig|조정가능 핀지그|NULL
Adjustable Resistor,|가변 저항기|NULL
Adjustable Side Block|자동반목|입거선박의 선저높이와 경사에 맞도록 유압 또는 기계식으로 조절되는 반목
Adjustable Thrust Block|조절식추력베어링|축방향으로 위치조절이 가능한 추력베어링
Adjusting Piece (Adj. Pc|조정 피이스|NULL
Administration|주관청|그 선박의 국기를 게양할 권리를 가진 당사국의 정부를 지칭함
Admiralty Coefficient|애드미럴티계수|선박의 저항성능을 평가하거나 비교할 때 사용되는 무차원화계수
Admission Control|출 입통제|NULL
Admission Silencer|진입공기소음기|기관이나 송풍기의 공기흡입소음을 줄이기 위해 설치하는 장치
Aerofoil|에어러포일|에어포일과 같음
Aeronautics|항공학|항공기에 관련된 학문
Aerovane|풍량풍속계|풍향과 풍속의 수평성분을 동시에 잴 수 있는 계기
Afloat Condition|부양 상태(浮揚狀態|NULL
Aftbody|선체후반부|선체중앙보다 뒤쪽부분
After Draft|선미흘수|선미부의 흘수
After Peak Bulkhead (A.P Bhd|선미격벽(船尾隔壁|NULL
After Spring|애프터스프링|선박의 안벽계류시 갑판에서 나온 로프를 선박의 뒷쪽 안벽에 묶는 계류방식
After-Bending Pipe|후곡(後曲) 관제작|NULL
After-burning|후연|디젤기관에서 연료가 폭발행정에서 완전연소되지 못하고 배기행정에서도 연소가 이어지는 현상
After-generation|지연발생|아세틸렌 발생기에서 카바이트에 물을 공급하고 나서 일정시간이 지난 후에 가스가 발생하는 것
After-hold|후부선창|삼도형 선박에서 중앙에 위치한 기관실 뒤쪽에 있는 선창
Afterbody|후부 선체(後部船體|NULL
Afterhood Plating|선미골재외판|선미골재에 좌우대칭으로 붙여지는 외판
Afterpeak Tank|선미피크탱크|선미탱크와 같은 뜻으로 선미격벽 뒷부분에 위치하며 밸러스트와 청수탱크로 활용됨
Aftpeak Tank|선미탱크|선미트림 조절을 위해 물을 채우도록 구조된 선미부의 물탱크
Aftward|선미(船尾)쪽으로|NULL
Aggregate Production Planning|총괄생산계획|NULL
Agitation|교 반(攪拌|NULL
Agreement|협정|국제간 조약의 일종으로 주로 정치적 성격의 전문적·기술적인 주제를 다루는 경우에 사용함. 국제법상 효력 등은 조약과 동일하나 엄격한 형식을 취하지 않고 비교적 중요성이 낮은 합의에 쓰임 예) 한·호주자원협력 협정 (2005)
Ahead|전진|배가 앞으로 나아 가는 것
Air Bottle|압축공기병|압축공기를 담아두는 용기
Air Burble Breakwater|공기거품 방파제|항구 입구의 수중에 파이프를 배관하여 압축공기를 뿜어 거품을 이르킴으로서 파도의 에너지를 흡수하여 항내의 파도를 줄이는 방식
Air Change Rate|환기지수|환기통의 효능을 나타내는 기수로 시간당 환기량과 방의 용적의 비율로 나타냄
Air Cock|에어콕|액체나 가스의 용기 또는 배기관 등에 공기를 뽑거나 넣어주기 위해 달린 콕
Air Compressor|공기 압축기|NULL
Air Conditioning Plant|공기조화 장치|NULL
Air Cooler|공기냉각기|디젤기관의 과급공기를 물로 냉각시켜주는 기기
Air Cooling|공냉|공기로 냉각시키는 것
Air Dryer|탈습기|공기 중의 습기를 제거하는 장치
Air Ejector|공기 이젝타|NULL
Air Escape|공기도출구|공기가 다른 유체의 부피증가로 인한 압력에 밀려 빠져나가는 구멍
Air Filter|공기여과기|공기를 여과하여 공기 중 불순물을 거르는 장치
Air Fuel Ratio|공연비(空燃比|NULL
Air Hatch|공기창|환기를 위하여 공간의 뚜껑에 설치되는 햇치로 사람의 통로로 쓰이기도 함
Air Heater|공기예열기|연소가스의 배기열을 이용하여 기관이나 보일러 연소공기의 온도를 높여주는 장치
Air Hole|공기(空氣) 구멍|NULL
Air Horn|공기호각|압축공기로 진동판을 울려 소리내는 장치
Air Horn|기 적(氣笛|NULL
Air Horn|기적|압축공기로 경적이 나게하는 장치
Air Louver|공기조절창|통풍방향을 조절할 수 있는 창문
Air Pipe|공기관(空氣管|NULL
Air Pipe Head|공기관 머리쇠|이중저 탱크나 기타 탱크 내의 공기가 빠지도록 설치된 배관이 갑판을 뚫고 올라온 윗 부분에 붙는 쇠붙이
Air Quenching|공기 담금질|강철을 변태점 이상의 온도에서 공기에 방치하여 냉각시킴으로 경화되게 하는 열처리방식
Air Resistance|공기저항|배가 전진할 때 공기에서 받는 저항
Air Separator|공기분리기|액체 중의 공기를 분리하는 기구
Air Support Vehicle|공기부양선|NULL
Air Test|기밀시험(氣密試驗|NULL
Air Vent|에어벤트|탱크 내의 압력상승을 막기 위하여 공기를 빼주는 관
Air Vent Head|공기배출 헤드|NULL
Air Whistle|에어휘슬|압축공기의 방출로 소리나게 하는 장치
Air and Light Space|채광통풍공간|채광과 통풍이 필요한 장소
Air-blast Circuit Breaker|공기 차단기|NULL
Air-blast Circuit Breaker|기중 차단기|NULL
Air-gap|에어갭|NULL
Airborne Collision|기상 충돌 방지 장치|NULL
Airborne Noise|공기전달 소음|NULL
Airfoil|에어포일|유체가 흐름 중에 놓였을 때 항력보다 큰 양력을 받도록 붙인 날개
Airplane Warning Light|항공장애표시등|항공장애물이 있다는 것을 항공기에게 알려주는 적색발광등
Aiternating Group Flashing Light|교색다섬광등|한 주기 동안 2회 이상의 섬광을 내며 등의 색이 변하는 항로표시등
Ajar Hook|어자훅|문을 열어놓고 더 이상 열리지 않도록 하는 고리
Ajar Hook|조정용 문고리|NULL
Alarm Signal|위급신호|조난선이 SOS를 발하기 전에 보내는 신호로 4초간의 신호를 1초 간격으로 12회 반복함
Alarm and Monitoring System|경보및 감시장치|NULL
Alcohol Engine|알코올기관|알코올을 사용하는 내연기관
Alcohol Thermometer|알코올온도계|착색알코올을 유리관에 봉한 온도계
Alignment|중심맞추기|두 개이상의 물체가 기준선에 놓이도록 맞추는 것
Alignment of Structure|선각구조의 정렬|NULL
Alkaline Battery|알카리 축전지|NULL
All Welded Metal Test Specimen|전용착금속시험편|용착금속으로만 만들어진 금속시험편
All-round Light|전주등|해상충돌예빙규정에 따라 수평방향으로 360도 비추는 등기구
Allowable Error|허용 오차(許容誤差|NULL
Allowable Limits of Vibration to Human Body|인체진동허용한계|인체에 불쾌감이나 작업능률저하를 일으키지 않는 진동의 한계값
Allowable Load|허용 하중(許容荷重|NULL
Allowable Pressure|허용압력|압력용기나 구조물에 허용되는 최대압력
Allowable Stress|허용응력|구조부재에 허용되는 최대응력
Allowable Water Velocity|허용 유속(流速|NULL
Allowance List|인도시 누락자재 목록|NULL
Allowance Time|여유시간(餘裕時間|NULL
Allowance for Machining|기계가공 여유(餘裕|NULL
Alloy|합금|자기 이외의 다른 금속 또는 비금속을 함유하고있는 금속
Alloy Iron|합금철|철 이외의 원소를 많이 함유하는 선철의 일종
Alloy Steel|합금강|특수강의 별칭
Alloy Steel|합금강(合金鋼|NULL
Alongside Pier|접안|배를 안벽에 대는 것
Alongside Repair|안벽 수리(岸壁修理|NULL
Alongside Ship|접현|배가 서로 뱃전을 맞대는 것
Alteration Survey|개조 검사(改造檢査|NULL
Alternate Subcontractor|외주업체 변경(變更|NULL
Alternating Light|교색광등|색깔이 다른 빛을 교대로 내며 그 사이의 불빛이 계속 비취는 항로표시등
Alternative Repair Method|대체(對替) 수정방안|NULL
Alternator|교류(交流) 발전기|NULL
Aluminizing|알루마 도금(鍍金|NULL
Aluminum Anode|방식(防蝕) 알루미늄|NULL
Aluminum Cable Steel|강심 알루미늄 연선|NULL
Ambient Temperature|주위온도(周圍溫度|NULL
Amendment|개정|유효하게 체결된 조약의 규정을 당사국 간 합의에 따라 변경하는 행위를 말함. 조약은 당사국 간의 합의에 따라 개정될 수 있으며, 조약에 개정 절차를 규정하고 있는 경우를 제외하고는 조약체결 절차와 같은 절차에 의하여 개정됨
American National Standard|미국 국제 표준 협회|NULL
Amidships|선체(船體) 중앙부|NULL
Ammeter|전류계(電流計|NULL
Ammonia Compression Refrigerating Machine|암모니아압축냉각기|암모니아를 냉매로 사용하는 왕복동 압축 냉동기로서 응축압력이 높고 값이 싸 대형냉동에 많이 이용됨
Ammonium Nitrate Based Fertilizer|질산암모늄계 비료|유기물, 무기물 등 해당 비료를 구성하는 성분의 비율에 따라 두 종류의 그룹 B 화물(산화성 물질 또는 기타 위험 물질) 및 그룹 C(비 위험물)로 분류됨. 그룹 B에 해당하는 질산암모늄계 비료는 화학반응이 개시될 경우, 폭발을 일으키거나 독성 가스를 방출하는 등 선박과 선원의 안전에 해로운 영향을 미칠 수 있음
Ampere|암페어|NULL
Ampere's Righthanded|암페어의 오른 나사의 법칙|NULL
Amplifier|증폭기(增幅器|NULL
Amplitude|진폭|진동현상에서 일 주기 동안의 최대 변위차
Amplitude Modulation|진폭 변조|NULL
Amplitude Shift Keying|진폭 위상 변조|NULL
Analog Digital Converter|아나로그 디지털 변환기|NULL
Analytical Insight|분석적 통찰력|NULL
Anchor Arm|앵커암|닻이 해저에 놓였을 때 배가 움직이는 방향으로 향하여 바닥에 꼽히는 부분
Anchor Ball|정박표시구|주간에 선수에 걸어두는 흑색 공으로 정박 중임을 나타냄
Anchor Buoy|앵커부이|계류앵커나 앵커 인양로프 위치를 표시하는 부표
Anchor Capstain|앵커캡스턴|닻을 끌어올릴 때 사용하는 수직드럼의 윈치장치
Anchor Chain|앵커체인|닻을 연결하는 계류용 체인
Anchor Chock|앵커?|갑판상에 예비앵커를 격납하는 대
Anchor Crown|앵커크라운|닻머리와 동의어
Anchor Gear|닻장치|닻을 다루는 모든 기계장치의 총칭
Anchor Light|정박등|선박의 정박 중에 다는 백등
Anchor Light|정박등(停泊燈|NULL
Anchor Pattern|앵카 패튼(塗裝의|NULL
Anchor Pocket|앵커 포켓|NULL
Anchor Point|고정(固定) 지점|NULL
Anchor Recess|앵커 리세스|NULL
Anchor Shackle|앨커새클|닻과 닻즐을 연결하는 새클
Anchor Shaft|앵커새프트|닻자루
Anchor Stock|앵커스톡|닻자루의 위쪽에 닻자루와 90도를 이루는 각도로 붙어있는 가로봉
Anchor Stopper|앵커스토퍼|운항 중에 닻이 내려가지 않도록 묶어 주는 쇠붙이
Anchor Tumbker|앰커텀블러|앵커를 감아올리는 가이드롤러
Anchor Winch|앵커윈치|앵커의 로프를 감아주는 윈치
Anchoring|묘박|닻을 내려 정박하는 것
Anchoring Test|투양묘시험|양묘장치의 전반적 성능과 닻을 올리고 내리는 것과 수납상태 등을 확인하는 시험
Anemometer|풍속계|풍속을 재는 계기
Anemoscope|풍위계(風位計|NULL
Anemoscope|풍향계|풍향을 재는 계기
Angle Valve (Ang. V/V|앵글(L형) 밸브|NULL
Angle of Extinction|소호각|NULL
Angle of Repose|적재안식각|안식각 참조
Angle of Trim|종경사각|선박의 길이방향축과 수평면이 이루는 경사각
Annealing Furnace|어닐링로|어닐링에 사용되는 가열로
Annex|부속서|조약문은 크게 제목(title), 전문(preamble), 본문(main parts)으로 구성되어 있으며 본문은 다시 주된 조문(articles), 최종조항(final clauses), 부속서(annex)로 구성됨. 부속서란 본문과 분리되어 있으나 역시 본문의 일부를 이루는 문서로서 통상 기술적인 규정 및 보충사항을 그 내용으로 함. 조약의 조문에 이러한 내용까지 포함할 경우 조약 본문의 분량이 너무 방대해지거나 그 체제가 산만하게 되므로 이를 막기 위해 이를 부속서로 따로 분리함.
Annual Survey|연차 검사(年次檢査|NULL
Annual Survey|연차검사|선박이 선급을 유지하기 위하여 매년 받는 검사로 검사항목은 선급규정에 명시됨
Anode Current|양극전류(陽極 電流|NULL
Anodic Protection|양극 방식(陽極防蝕|NULL
Anodic Protection|양극방식법|선체표면에 전해부식이 쉬운 금속편을 붙여 선체부식을 대신하도록 막아주는 방식법
Antenna|안테나|NULL
Anti-Corrosive Tape|방식(防蝕) 테이프|NULL
Anti-Corrosive Treatment|방식 처리(防蝕處理|NULL
Anti-Rolling Bar|흔들림 방지봉|NULL
Anti-Skid Bar|미끌림 방지용봉(棒|NULL
Anti-collision Light|충돌예방등|대형탱커 등의 중앙부에 소형선박이 야간에 충돌하지 않도록 갑판위에 설치하는 발광등기구
Anti-collision System|충돌예방장치|레이더정보를 처리하여 배의 충돌을 막는 데 필요한 데이터를 표시하는 장치
Anti-corrosive Paint|방식도료|금속표면의 부식방지를 위해 칠하는 도료
Anti-corrosive Paint|방청도료|방식도료와 동일
Anti-fouling Composition|방오재|해양생물의 부착을 막기 위해 도료에 혼합하는 약재(일반적으로 독성이 강함)
Anti-fouling Paint|방오도료|선체표면의 생물부착으로 인한 부식과 마찰저항증가 등을 방지하기 위해 사용되는 침수부 도료
Anti-fouling Systems|방오시스템|생물부착을 제한 및 방지하기 위하여 선박에 사용되는 코팅, 페인트, 표면 처리, 표면 또는 장치를 말함. 일반적으로 선체에는 방오도료의 도포 또는 코팅이 사용되며 선내 취수를 위한 sea chest 및 관 장치의 생물 부착방지를 위해 해양생물 성장방지 장치(MGPS, Marine growth prevention system)을 주로 사용함
Anti-friction Grease|마찰감소그리스|윤활유를 베이스로 비누류를 섞어 만든 겔상태의 윤활충진제
Anti-rolling Tank|감요 탱크|횡동요 감쇄탱크 참조
Anti-rolling Tank|횡동요감쇄탱크|선체와 자유수의 연성동요를 이용하여 횡동요를 줄여주는 탱크장치
Anti-torpedo Armament|대어뢰장갑판|어뢰공격에 대비하여 전함의 수선면 부근에 붙이는 장갑판
Anti-torpedo Boat Gun|대어뢰정포|어뢰정 공격에 대비하여 전함에 장착하는 포
Anticlockwise|반시계(反時計) 방향|NULL
Antifreezing Solution|부동액(不凍液|NULL
Anvil Block|모루|대장간에서 달군 쇠를 두드릴 때 쓰는 받침쇠 덩어리
Apparent Power|피상 전력|NULL
Apparent Slip|겉보기 슬립|NULL
Appeal on Disagreement|불복신청(不服申請|NULL
Appearamt Wave Height|겉보기 파고|파도의 꼭대기와 바닥 사이의 수직높이
Appearant Wave Period|겉보기 파도주기|파도의 정점이 선수를 지날 때와 다음 파도의 정점이 지날 때 사이의 걸리는 시간
Applicable Rule|적용 규정(適用規定|NULL
Applicable Standards|적용 규격(適用規格|NULL
Application Specific IC|응용 주문형 집적회로|NULL
Apportioning and Absorbing|배부및 산입(간접비|NULL
Apprentice|견습생(見習生|NULL
Approval|승인(承認|NULL
Approved Maker|승인된 메이커|NULL
Approved Plan|승인도|생산에 앞서 관계처에 제출하여 승인을 받은 도면
Approximate(Approx.) Calculation|대략(근사) 계산|NULL
Apron|에이프런|철도연락선의 차량갑판과 부두의 안벽을 연결하고 높이를 조절하는 철제 다리
Arbitration|법적 중재(法的仲裁|NULL
Arc|아크|두 개의 서로 다른 전극 사이의 기체가 통전매체로 전환되어 일으키는 전기적 방전현상
Arc Brazing|아크 경납땜|모재와 전극 또는 두 전극간의 아크열로 때우는 경납땜
Arc Cutting|아크절단|아크열을 이용하는 절단법
Arc Lamp|아크등|아크를 이용한 등
Arc Length|아크 길이|아크 양단간의 길이
Arc Resistant Material|내아크성 재료|사용 중에 아크가 반복 발생하여도 표면이 잘 손상되지 않는 재료
Arc Spot Welding|아크 점용접|아크열을 이용하여 판의 한쪽에서 가열 가압하여 용착시키는 방법
Arc Strike|아아크 스트라이크|NULL
Arc Time|순수(純粹)용접시간|NULL
Arc Voltage|아크전압|아크 발생시에 아크 양단에 걸리는 전압(전위차)
Arc Welding|아크용접|용접봉과 모재 사이에 전류로 인한 아크를 발생시켜 이때 생기는 고열을 이용하여 용접봉과 모재를 서로 융용시켜 접합하는 용접방법
Arc-air Gouging|아크 에어 가우징|아크열로 가열된 금속표면에 압축공기를 불어 표면에 홈을 파는 방법
Arch Vessel|아치형선|수선상부에서 외판과 갑판이 서로 아치형으로 이어져 아치 단면을 이루는 선박으로 역Sheer를 가지며 종강도가 증가되는 장점을 가짐
Archives|문서(文書) 보관소|NULL
Argon Arc Welding|알곤 아크용접|불활성 가스인 알곤의 분위기 속에서 금속전극과 모재 사이에 발생한 아크열로 접합하는 아크용접
Armature Reaction|전기자 반작용|NULL
Armed robbery against ships|선박 무장강도|한 국가의 영해 내에서 선박이나 그 선박의 승객과 재산에 행해지는 ‘해적’ 행위 이외의 폭력이나 억류, 약탈, 위협 행위를 말함. 또한, 상기 행위를 의도적으로 방조한 모든 행위를 말함
Armored Cable|외장(外裝) 케이블|NULL
Arrow Head|화살표|NULL
Article for Ships|선용품|선내의 각종 작업과 의장 등에 필요한 비품 및 소모용품들의 총칭
Artificial Intelligence|인공 지능|NULL
Artificial Seasoning|인공시효처리|인공적으로 시효처리를 촉진하는 것
Artificial Ventilation|인공통풍|인공적으로 외기를 통풍하는 것
As-Built Drawing|최종(最終)준공도면|NULL
Asbestos|석면(石綿|NULL
Assemble (Shipbuilding)Sipyard|어셈블 건조방식 조선소|합리화된 최신식 조선소로서 선체 블록을 비롯한 모든 의장유닛들이 외부제작되어 블록 또는 모듈 형태로 조선소에 납품되면 조선소는 독(Building Dock)만 운영하여 이들을 탑재 완성하는 방식임
Assembly|총회|국제기구에서 총회는 모든 회원국이 모여서 의제를 토의하고 어떠한 사안에 관한 최종 결정을 내리는 의사 결정 기구(회의)을 지칭함
Assembly Jig Plan|조립용 Jig플랜|NULL
Assembly Line|조립(組立) 라인|NULL
Assembly Stage|조립공정(組立工程|NULL
Assess the Influence of|영향 평가(影響評價|NULL
Assistant Oiler|조기원|선임 이외의 기관부 선원
Associated Work Processes|연관(聯關)작업공정|NULL
Association Francaise de|프랑스 규격협회|NULL
Astern Nozzle|후진노즐|후진터빈용 노즐
Astern Test|후진시험|배의 후진성능을 확인하는 시험
Astern Turbine|후진(後進) 터어빈|NULL
Asymmetric|비대칭적(非對稱的|NULL
Asynchronous Machine|비동기기|NULL
Asynchronous phase|비동기 조상기|NULL
Athwartship|선체를 가로질러|NULL
Atm. Press.(Atmospheric Pressure|대기압(大氣壓|NULL
Atmospheric Condenser|대기압식 복수기|NULL
Atmospheric Exhaust|대기배출|증기기계에서 일이 끝난 증기를 돌려보내지 않고 대기중으로 방출하는 것
Atmospheric Pollution|대기 오염(大氣汚染|NULL
Atmospheric Pressure|대기압|해변에서의 공기압으로 표준 대기압은 760mmHg 또는 1013hPa임
Atomic Hydrogen Welding|원자수소용접|수소기류 중에서 두 개의 금속전극을 사용하는 아크용접
Atomizer|분무기|액체를 미세한 입자상으로 만들어주는 장치
Attained EEDI|EEDI 계산값|EEDI 계산식에 따라 계산된 해당 선박의 실제 EEDI 값
Attetion Attradting Light|주의환기신호등|충돌예방을 위하여 다른 선박에 보내는 환기신호로 발광신호등 또는 탐조등을 사용함
Audio Frequency|가청 주파수|NULL
Audio Response Unit|음성 응답 장치|NULL
Authentic Text|정본|법적 구속력을 지닌 조약을 의미하는 것으로, 교섭 시 사용된 언어는 일반적으로 조약문 정본으로 포함되며 조약 당사국의 국어 본도 원칙적으로 정본이 됨
Authentication|인증|조약문이 작성된 다음에 조약문을 채택(adoption)하고 그 조약문을 최종적인 것으로 끝맺는 절차로서, 임시서명이나 서명의 방식으로 행해짐. 인증된 조약문에 대해서는 다시 수정할 수 없으며 수정은 재교섭을 의미함
Auto Filter|자동 필타|NULL
Auto Pilot|자동조타장치|선박이 정해진 침로에서 벗어나지 않도록 자동적으로 침로를 유지해주는 조타장치
Auto Transformer|단권 변압기|NULL
Auto-plotter|자동작도기|어떤 배와 목표물의 상대적인 움직임을 시간에 따라 자동적으로 표시기에 작도 표시하는 장치
Auto-starter|자동시동기|기계를 자동으로 시동시켜 주는 장치
Automatic Approval|자동 승인(自動承認|NULL
Automatic Arc Welding|자동 아크용접|아크 용접봉의 운봉이 자동으로 진행되어 연속적으로 용접되도록 고안된 용접법
Automatic Arc Welding|자동아크용접|아크길이와 용접속도 등을 자동으로 조절하는 아크용접방식
Automatic Brightness|자동 휘도 조절|NULL
Automatic Brightness and|자동 휘도 콘트라스트 조절|NULL
Automatic Control|자동 제어(自動制御|NULL
Automatic Control Device Operation Test|자동화기기 작동시험|자동화기기들이 설정된 조건대로 작동되는 지를 확인하는 시험
Automatic Direction Finder|자동 방위 측정기|NULL
Automatic Exchange Telephone|자동교환식 전화|NULL
Automatic Fire Alarm System|자동화재경보장치|자동적으로 화재를 조기에 발견하여 경보를 울리는 장치
Automatic Fuel Oil Reservoir|연료유자동조절통|가솔린기관의 기화기에 들어있는 자동조절기름통
Automatic Gas Cutting|자동가스절단|가스절단 토치를 적당한 구동장치에 얹어 자동으로 이동하면서 절단하는 절단법
Automatic Radar Plotting Aids : ARPA|자동충돌예방장치|레이더 정보에 의하여 충돌회피 판단에 유효한 데이터를 제공하는 장치
Automatic Radio-telegrahp signal Keying Device|비상신호자동키장치|무선전신에 따른 비상신호가 자동으로 발신되는 장치
Automatic Route Selection|자동 경로 선택|NULL
Automatic Send/Receive|자동 송수신 장치|NULL
Automatic Sprinkler System|자동살수소화장치|화재로 온도가 올라가면 자동으로 물뿌리개가 작동하여 소화하는 장치
Automatic Steering|자동조타|배를 설정된 침로에 따라서 항해하도록 자동적으로 조타하는 것
Automatic Tension System|자동장력조정장치|NULL
Automatic Train Control,|자동 열차 제어 , 자동 교통 제어|NULL
Automatic Vehicle|차량 위치 모니터링 시스템|NULL
Automatic Voltage Regulator|자동 전압 조정기|NULL
Automatic Welding|자동용접|용접봉의 공급 등을 자동화시킨 용접방식
Automatic Welding|자동용접(自動熔接|NULL
Automation Distribution|배전 자동화 시스템|NULL
Automation Fine Tuning|자동 세밀 조정|NULL
Automation Frequency|자동 주파수 제어|NULL
Automation Gain Control|자동 이득 제어|NULL
Autonomous System|자율 시스템|자율 시스템은 자율항해시스템과 자율기관시스템으로 구분됨 자율항해시스템은 라이다 , 레이더, IR 카메라(열화상 카메라) 등 각종 센서를 통해 운항 중인 다른 선박, 장애물, 지형, 날씨 등의 데이터를 읽고 수집 가능한 시스템을 지칭함 자율기관 시스템은 선박의 엔진과 각종 기기에 센서를 부착하여 운전 정보를 수집하고 현재 상태와 변화추이를 분석함. 고장 발생 전 분석한 빅데이터를 통해 사고를 예측하거나, 사고에 대처할 수 있도록 함으로써 운항 효율을 높임
Autopilot|자동조타기(操舵機|NULL
Auxiliary Machinery (Aux. Mach.|보조기계(補助機械|NULL
Available Capacity|가용능력(可用能力|NULL
Available Energy|유효에너지|열기관 사이클에서 유효한 열로 변환시킬 수 있는 에너지
Available Heat|유효열량|열기관에 의해 유효열로 변환시킨 열량
Available Information|가용정보(可用情報|NULL
Average|해손|해난에 의하여 선박이나 선적화물의 손상이나 일실로 인한 손해
Average Error|평균 오차(平均誤差|NULL
Awning|천막|노출갑판상에 햇빛 등을 가리기 위해 임시로 치는 장막
Awning|천막(天幕|NULL
Axial Blower|축류송풍기|바람날개를 돌리는 축과 같은방향으로 바람이 흐르게 하여 공기를 밀어 보내는 형의 송풍기
Axial Compressor|축류압축기|축류송풍기와 같은 구조로 되어있는 공기압축기
Axial Flow Pump|축류펌프|축류송풍기와 같은 구조로 되어있는 송풍기
Axial Vibration Damper|종진동댐퍼|추진축계의 축방향진동을 감쇠시키는 장치로 크링크축 선단에 장치함
Axis of Weld|용접축|용접선에 직각되는 용착단면의 중심부를 지나는 직선(용접면에 수직으로 나타남)
Azimuth Mirror|방위경|자기컴퍼스로 목표물의 방향을 측정할 때 사용되는 기구
Azimuth Table|방위표|천체방위측정에 사용되는 표
B mld (Moulded Breadth|형폭(型幅|NULL
B/C ( Bulk Carrier|살물선(撒物船|NULL
B/L ( Bill of Lading|선하증권(船荷證券|NULL
BACK ORDER QUANTITY|후불 예약수량|NULL
BACKWARD WAVE OSCILLATOR|후진파 발진관|NULL
BALANCED TRANSFORMERLESS|비티엘|NULL
BALLAST|발라스트|NULL
BALLAST|배의 경사를 변경시키기 위하여 적재하는 것|NULL
BALLAST TANKS|밸러스트 탱크|선박의 복원력, 종강도 및 트림의 개선을 통해 안정적으로 항해할 수 있도록 하는 평형수(Ballast Water)를 실을 수 있는 탱크
BALTIC FREIGHT INDEX|런던의 발턱운임집회소에서 12개 주요항로별로 운임을 가중평균한 지수|NULL
BAND COMPRESSION|대역 압축|NULL
BARE BOAT CHARTER|단순 나용선|NULL
BARE BOAT CHARTER WITH HIRE PURCHASE|국적취득조건부 나용선|NULL
BARGE MOUNTED POWER|해상열병합 설비|NULL
BARGE MOUNTED POWER PLANT|해상열병합 설비|NULL
BARREL PER DAY|일일 생산량 .|NULL
BASE LINE|기준선|NULL
BASIC DRAWING|기본 도면|NULL
BASIC WIND SPEED|기본 풍속|NULL
BAUXITE|보크사이트|수산화알루미늄 광물로 구성된 광석(Ore). 열과 마찰에 대한 저항이 큰 특성이 있어 내화제로 사용됨. IMSBC Code의 분류 체계에 따라 보크사이드의 수분 함량이 낮은 경우에는 그룹 C 화물로 분류되나, 일정 수분 함량을 포함하는 경우에는 그룹 A 화물로 분류됨
BBC (Bare Boat Charter|나용선(裸傭船|NULL
BCH Code|위험화학품 산적운송 선박의 구조 및 설비를 위한|BCH Code (Code for the Construction and Equipment of Ships Carrying Dangerous Chemicals in Bulk), MARPOL Annex II의 11 규칙에 따라 1986년 7월 1일 이전에 건조된 케미컬 탱커는 IBC Code의 전신인 위험화학품 산적운송 선박의 구조 및 설비에 관한 국제 코드(BCH Code)의 요구 사항을 준수해야 함. BCH 코드는 1974년 SOLAS 협약에 따라 권고 사항으로 남아 있음
BCR (Ballast Control Room|발라스트 컨트롤 룸|NULL
BCSN|산적화물 운송명|BCSN (Bulk Cargo Shipping Name), 해상운송되는 산적 고체 화물의 운송 명을 지칭하며, 개별화물 일람 표에 영문 대문자로 기재되어 있음
BDN|연료유 공급서|BDN(Bunker Delivery Note), 연료유 수급 시 선박에 제공되어야 하는 공급서로 협약의 요건에 따라 3년간 선박에 보관하여야 함
BEAM|작은보|NULL
BEFORE 3RD COAT|중도 도장 검사|NULL
BEFORE 3RD COAT INSPECTION|중도 도장 검사|NULL
BFE (Builder Furnished Equipment|조선소 공급품|NULL
BHP (Brake Horse Power|제동 마력(制動馬力|NULL
BHWP (Budgeted Hours of Work Performed|작업완료분의 예산 시수(豫算時數|NULL
BHWS (Budgeted Hours of Work Scheduled|작업미완료분의 예산 시수(豫算時數|NULL
BID|입찰|NULL
BID BOND|입찰 보증서|NULL
BILGE WELL|오수정|NULL
BILL OF LADING|선하 증권|NULL
BILL OF MATERIAL|자재불출 청구서|NULL
BIOCHEMICAL OXYGEN DEMAND|생물화학적 산소요구량|NULL
BIS( Built for In-Water Survey) Mark|수중검사를 위한 마킹|NULL
BISMUTH SILICON OXIDE|비스무트 규소 산화물|NULL
BLANK DIAMETER|블랭크지름|NULL
BLOCK|블록|NULL
BLOCK COEFFICIENT|방형 비척 계수|NULL
BLOCK DIVISION|작업량|NULL
BLOW OUT PREVENTION|분출방지장치|NULL
BOD(Biochemical Oxygen Demand|생화학적 산소요구량|NULL
BOG ( Boil-off Gas|증발가스|NULL
BOILDER GAUGE BOARD|보일러측에 설치된 보일러 제어반|NULL
BOILED OFF GAS|LNG화물창에서 자연 증발한 가스|NULL
BOILER SURVEY|보일러 검사|NULL
BOM ( Bill of Material|자재 명세서|NULL
BOM(Bill Of Material|특정제품이 어떤부품들로 구성되는가에 대한 데이터(자재명세서|NULL
BONDED WAREHOUSE TRANSACTION|보세창고 인도조건|NULL
BRACKET|브라켓트|NULL
BRACKET|브래킷 (부재)|NULL
BRAZILIAN SHIPBUILDING ASSOCIATION|브라질 조선협회|NULL
BREADTH (MOULDED)|형폭|NULL
BREAKER|분기 개폐기|NULL
BREAKER|조작 개폐기|NULL
BRIDGE CONTROL CONSOLE|선교 조종 CONSOLE|NULL
BRIDGE MANEUVERING SYSTEM|선교 제어장치|NULL
BRIDGE TYPE RELAY|브리지형 계전기|NULL
BRIDGING AMPLIFIER|분기 증폭기|NULL
BRIGHTNESS|휘도|NULL
BRINE|냉매 소금물|NULL
BRITISH STANDARD INSTITUTION|영국규격협회|NULL
BRITISH STANDARD INSTITUTION|영국표준협회|NULL
BRITISH STANDARDS|영국표준공업규격|NULL
BRITISH STANDARDS INSTITUTION|영국 규격 협회|NULL
BRONZE CASTING|청동 주물|NULL
BS( British Standards|영국 표준공업규격|NULL
BSRA (British Ship Research Association|영국 선박연구소|NULL
BUILDING AUTOMATION SYSTEM|빌딩 자동화 시스템|NULL
BULK CARRIER|BULKER라고도 하며 곡물,석탄등과 같이 별도로 포장된지 않은 상태로 적화. 운송하는 선박|NULL
BULKHEAD|격벽|NULL
BULKHEAD DECK|격벽갑판|격벽(Bulkhead) 및 외판(Shell)에 따라 수밀이 되는 최상층 갑판으로, 이때 격벽은 주요격벽 즉 선수격벽, 기관실 전·후단 격벽을 포함한 수밀이 확보되는 격벽을 의미함. 여객선의 SOLAS 손상복원성 요건 검토 시, 해당 격벽갑판을 기준으로 여객 탈출에 따른 적절한 구획의 평가가 고려됨
BUREAU VERITAS|프랑스 선급 협회|NULL
BURNER MANAGEMENT|버너조정시스템|NULL
BURNER MANAGEMENT SYSTEM|버너조정시스템|NULL
BURNER MANAGEMENT SYSTEM|보일러의 버어너 제어 시스템|NULL
BUTTOCK LINE|종절선|NULL
BV : Bureau Veritas|비 브이|프랑스 선급협회의 약칭
BV( Bureau Veritas|프랑스 선급(船級|NULL
BWMC (International Convention for the Control and Management of Ship's Ballast Water and Sediments, 2004)|선박평형수 관리협약|연간 50억에서 100억 톤의 바닷물이 다른 나라로 선박평형수에 의해 옮겨지고, 7,000여 종의 해양생물이 선박평형수와 함께 이동하는 것으로 추정됨. 선박평형수를 통해 외래 해양생물체가 다른 나라에 유입되어 해양생태계를 파괴함에 따라 이를 예방하기 위해 IMO는 본 협약을 채택(’04.02.13). 발효요건인 30개국 이상 가입국 선복량이 세계 선복량 35%를 2016년 9월 8일에 만족하여, 2017년 9월 8일부터 발효
BWMS (Ballast Water Management System)|선박평형수 처리설비|선박으로부터 배출되는 선박평형수에 포함된 수중생물 또는 미생물 등을 사멸 또는 살균처리 함으로써 다른 지역으로부터 외래종 유입을 차단하는 설비. 협약에서 정한 배출기준을 충족시켜야 하며 활성 물질을 사용하는 기술에서는 정부의 형식승인에 앞서 국제해사기구 (IMO) 승인이 필요함
BWMS Code (Code for approval of Ballast Water Management System)|선박평형수 처리설비 형식승인 코드|주관청이 선박평형수 처리설비의 형식승인을 위해 따라야 하는 형식승인 절차와 선박평형수 처리설비의 육상시험, 선상 시험, 환경시험 및 그 밖에 설계, 건조 및 안전에 관한 요구 사항들에 관한 규정임. 선박평형수 처리설비의 형식승인 코드는 2005년 MEPC 53차 회기에서 지침(Guidelines)으로 제정되었으며, 2008년 MEPC 58차 회기에서 1차 개정된 후 2016년에 지침을 전면 개정하면서 MEPC 72차 회기에서 코드로 채택하여 강제 규정함
Babbit Metal|바비트 메탈|NULL
Back Assembly|후면(後面) 조립공사|NULL
Back Bead|뒷면 비드|NULL
Back Fire|역화(逆火|NULL
Back Gouging|뒷면 가우징|NULL
Back Hook|문걸이|문을 열려있게 고정하는 고리
Back Metal|백메탈|일면만 용접할 때 뒷면으로 용착금속이 흐르지 않도록 뒷면에 붙이는 금속편
Back Piece|뒷댐부재|맞대기용접하는 두 판재의 용접 뒷면에 임시로 붙인 짧은 부재
Back Pressure|배압(背壓|NULL
Back-hand Welding|후진 용접(後進熔接|NULL
Background|배경(背景|NULL
Backhand Welding|후진용접|후퇴식용접과 동일
Backing Strip|뒷받침 쇠붙이|NULL
Backing Weld|뒷면막기 용접|아크용접에서 용융금속이 뒷면으로 흘러 떨어지는 것을 막기 위해서 미리 행하는 뒷면용접
Backlash|백 래시(기아의|NULL
Backside Marking|후면(後面) 마아킹|NULL
Backside Undercut|후면(後面) 언더컷|NULL
Backward Scheduling|후진계획(後進計劃)법|NULL
Backward Wave Oscillator|후진파 발진관|NULL
Bailer|베일러|배에 들어온 물을 퍼내는 바가지
Balance Weight|평형(균형) 추|NULL
Balanced Transformerless|비티엘|NULL
Balancing Machine|평형(균형) 시험기|NULL
Ball Bearing|볼베어링|마찰면에 볼을 끼워 돌게함으로써 회전마찰을 줄이도록 만든 베어링
Ball Joint|볼조인트|볼모양구조에 의하여 회전각이 자유롭게 되도록 연결한 준설관의 이음
Ball Launching|볼진수|배의 진수에서 고정대와 활주대 사이에 볼을 깔아 마찰을 줄인 미끄럼 진수방식의 하나
Ball Thrust Bearing|추력볼베어링|추럭을 전달하는 볼베어링
Ballanced Chain|밸런스드체인|잠수선의 수심을 유지하기 위하여 배에서 내리는 체인
Ballast|방전등용 안정기|NULL
Ballast Condition|밸러스트상태|화물을 실지 않은 공선에서 밸러스트탱크에 물을 채운 상태
Ballast Tank|발라스트 탱크|NULL
Ballast Water|선박평형수|선박이 화물의 적재상태에 따라 선박의 종경사, 횡경사, 흘수, 복원성 및 선체 응력을 통제하기 위하여 선박에 싣고 있는 부유물질이 포함된 물을 지칭 < 출처: 해양수산용어사전 >
Ballast water exchange|선박평형수교환|선박의 평형수 및 침전물 내 포함된 유해 수중생물 및 병원균의 유입 및 확산을 최소화하기 위해 선박의 평형수를 200해리 (최소 50해리) 및 수심 200m 이상 되는 외해의 물로 교환하는 방법. 선박평형수 관리협약의 제 D-1 규칙에서 규정하고 있음
Ballast water management|선박평형수 관리|평형수 및 침전물 내에 포함된 유해 수중생물 및 병원균을 제거하거나, 그 유입 또는 배출을 방지하기 위한 기계적, 물리적, 화학적 및 생물학적 공정 또는 그 절차를 지칭
Ballast water management plan|선박평형수 관리계획서|각 선박에 비치된 선박평형수 관리 공정 및 절차를 기술한 문서를 말하며, 선박평형수 관리협약 B-1 규칙에서 동 협약을 적용받는 모든 선박은 주관청이 승인한 선박평형수 관리계획서를 선박에 비치할 것을 규정함
Ballast water performance standard|선박평형수 배출성능 기준|배출되는 선박평형수 내 생존하는 생물의 개체 수를 규정하여 선박의 평형수를 관리함. 선박평형수 관리협약의 제 D-2 규칙에서 규정하고 있으며, 협약을 적용받는 대부분 선박이 기준을 만족하기 위해 주관청의 승인을 받은 설비를 설치하여 평형수를 관리하는 것이 일반적임. 선박평형수 배출성능 기준은 다음과 같음 생물 크기 (최소지름 기준) 50μm 이상 < 10 inds. / m 3 10μm 이상 50 μm 미만 < 10 inds. / mL 지표미생물 Vibrio cholerae < 1 CFU/100 mL 또는 동물성 플랑크톤 시료 1g(습중량) Escherichia coli < 250 CFU / 100mL Enterococcus group Intestinal Enterococci < 100 CFU / 100mL
Baloon Hatch|벌룬탑|기상관측기구를 띄우기 위한 장치
Band Compression|대역 압축|NULL
Bar Keel|방형용골|용골익판(Garboard Strake)에 의해 양쪽이 고정되어 마치 목선의 용골형태를 그대로 채용한 사각단면의 용골
Bar Steel|봉강|단면이 원으로 된 형강재
Barbette|포장갑|군함의 포탑주변 장갑구조
Barcelona Convention|바르셀로나 협약|Barcelona Convention (Convention for the Protection of the Mediterranean Sea Against Pollution), 스페인 바르셀로나에서 1976년 2월 16일 작성, 1978년 2월 12일 발효됨. 명칭은 '지중해 오염에서 보호하기 위한 협약’이며, 해양환경의 효과적인 보전을 위해 선박ㆍ항공기에서의 폐기물 투기, 해저개발과 연안 개발에 의한 오염 등 대부분 오염원에 관한 조치 내용을 포함
Bare Electrode|알몸용접봉|피복제를 입히지 않은 용접봉
Barge|부선(艀船|NULL
Barge Loading Cutter Suction Dredger|바지적립식준설선|준설펌프와 현측적립장치를 갖추고 준설한 토사를 현측의 토사운반선에 직접 실어주는 준설선
Barnacle|따개비등 조개류|NULL
Barred Speed|연속운전 금지구간|NULL
Barrel ( bbl|배럴 (158.99 ltr|NULL
Barrow|손수레|두바퀴에 상자와 손잡이가 달린 수레
Barstem|방형선수재|단면이 직사각형인 선수재
Base Block|바닥침목|선박을 앉힐 때 쓰는 받침목 중 맨 아래 깔리는 것
Base Cargo|밑짐|일반화물선에서 선창바닥에 적재하는 단일화물
Base Line|기선|선체 중앙에서 용골상면을 지나는 수평선으로 선체 치수의 기준이 되는 선
Base Plate|밑판|기관대 맨 아래에 붙는 두꺼운 판
Baseline (B.L|기선(基線|NULL
Basic Concept|기본 개념(基本槪念|NULL
Basic Design|기본 설계(基本設計|NULL
Basic Requirement|기본적인 요구사항|NULL
Batch Purification|일괄청정|사용할 기름을 세틀링탱크에 한데 모아서 청정하는 방법
Battery Charger|충전기(充電器|NULL
Battle Cruiser|순양전함|전함과 함께 주력함을 이루는 군함의 일종
Battle Tracer|항적기록기|선체가 운동한 그대로를 기록지에 기록해 주는 기계
Beacon|입표|바다의 암초나 얕은 곳에 세워지는 점등장치 없는 항해표시
Beacon Station|표시국|무선신호를 발사하여 선박의 위치측정을 돕는 무선국
Bead Welding|비드용접|평판 위에 용접비드를 용착시키는 것
Beam Knee|빔니|빔 브래킷과 동의어
Beam Runner|빔 러너|빔 밑에 종방향으로 붙이는 보강재
Beam Sea|횡파|배의 길이방향과 직각에 가깝게 진행하는 파도
Beam Trawler|빔트롤러|어망 입구에 빔이라는 목재를 붙여 주둥이를 벌려주는 형식의 망을 사용하는 트롤어선
Beam Wind|옆바람|배의 측면에 대하여 직각에 가까운 방향으로 부는 바람
Bearing|방위|좌표상의 한 점에서 다른 곳의 목표물을 보는 방향
Bearing Metal|베어링 메탈|NULL
Beaufort Scale|뷰우포오트 풍력 등급(風力等級|NULL
Becket|베킷|화물을 한묶음으로 하역훅(고리)에 걸어주는 그물도구
Bedplate|베드(엔진等의|NULL
Behind Schedule|공정 지연(工程遲延|NULL
Bell Buoy|타종부표|일기불순으로 시계가 흐릴 때 종소리를 내주는 부표
Bell Whistle|종형기적|증기나 압축공기로 소리내는 기적으로 발진부가 종모양으로 생김
Bell with a Pilot Lamp|표시등붙이벨|벨이 울리는 동시에 등이 켜지는 장치
Bellows|벨로우즈|NULL
Bellows Type Expansion Pipe Joint|벨로즈식 신축관이음새|주름진 관으로 만든 신축식 이음토막
Bench Mark|벤치 마크|NULL
Bending Moment|굽힘 모멘트|NULL
Bending Rolls|곡가공(曲加工) 장비|NULL
Bending Template|굽힘 본|굽힘가공 시에 맞춰보며 작업하는 굽힘 본(곡형)
Bent Pipe Fabrication|곡관제작(曲管製作|NULL
Berth Declinity|선대 경사(船臺傾斜|NULL
Berth Declivity|선대경사|선대면의 수면에 대한 경사로 적당한 경사가 없으면 배의 진수나 인양이 불가능함
Best Management Practices (BMP)|(해적행위 방지를 위한) 최적관리기법|서아프리카 기니만 등 해적 행위가 빈번한 해역에서 선박의 안전과 선원을 보호하기 위하여 BMP Guideline을 발간하고 있음. 발간 목적은 선박의 항로계획과 외부 공격으로부터의 보호, 방어 및 사고 보고 등에 도움을 주고자 함. 해적과 무장강도들의 공격 방법이 다양해짐에 따라 지속해서 지침이 갱신됨
Bevel Angle|개선각도(開先角度|NULL
Bevel Angle|베벨각|부재 끝에 홈을 만들기 위하여 가공한 면과 부재 표면에 수직인 면이 이루는 각
Bevel Cut|베벨절단|표면에 대하여 직각이 아닌 기울어진 각도로 절단하는 것
Bevel Frame|베벨늑골|경사부의 외판과 만나는 늑골의 접축각을 유지하기 위하여 각도를 틀어준 늑골
Bidet|비데|국부세척장치가 붙은 변기
Bilge Block|빌지블록|선대에서 선체의 빌지부를 밭쳐주는 목제 반목
Bilge Hat|빌지햇|기관실이나 선창에 빌지가 고이도록 만들어진 원형 통
Bilge Hat|오수(汚水) 뚜껑|NULL
Bilge Holding Tank|빌지 저장탱크|NULL
Bilge Hopper Tank|빌지호퍼 탱크|NULL
Bilge Keel|빌지 키일(횡요방지|NULL
Bilge Keel|빌지부용골|배의 횡동요를 줄이기 위해 빌지부 외판에 직각에 가깝도록 붙이는 띠모양 종통재
Bilge Plate|선저만곡부 외판|NULL
Bilge Radius|빌지반지름|선체 중앙단면도 상의 중앙부 빌지 곡률 반경
Bilge Radius|선저만곡부 반경|NULL
Bilge Separator|빌지분리기|해수오염방지를 위해 배출되는 빌지의 기름을 분리시켜주는 장치
Bilge Shore|빌지부 받침목|NULL
Bilge Shores|빌지받침목|선대에서 선체의 빌지부 외판을 밭쳐주는 지주
Bilge Stringer|빌지부종통재|빌지부 안쪽에 붙여지는 종통보강재
Bilge Well|빌지웰|기관실이나 선창에 빌지가 고이도록 만들어진 사각상자
Bilge Well|빌지웰，오수정|NULL
Bilged Compartment|침수구획|선체 일부에 손상을 입어 물이 들어온 구획
Bill of Lading|선하증권|선하증권(B/L)은 해상운송계약에 따른 운송화물의 수령 또는 선적을 인증하고 증권에 기재된 조건에 따라 운송하며 지정된 양륙항에서 증권의 정당한 소지인에게 그 화물을 인도할 것을 약정하는 증권
Bin|빈|갑판이나 선루의 일부를 둘러 막아 만든 곡물류 등의 적재공간
Binnacle Lamp|비너클 등|비너클 조명등
Binocular (Glass)|쌍안경|두눈으로 관측하게 만들어진 망원경
Biofouling|생물 오손|수중 환경에 잠겨있거나 노출된 표면 및 구조물에 미세생물, 식물 및 동물들과 같은 수중생물의 축적을 의미함
Biologic Shield|생체보호차폐|방사선으로부터 인원을 보호해주는 차폐물
Bipot Mast|이각마스트|다리가 두 개로 된 마스트
Bismuth Silicon Oxide|비스무트 규소 산화물|NULL
Bite Union|맞물림연결 유니온|NULL
Bitt|비트|계류용 로프를 묶는 한 개로 된 짧은 기둥
Bitumastic (Bituminous Cement|역청질|NULL
Bituminous Enamel|역청에나멜|피치나 탈 등을 원료로 하는 에나멜로 내약품성이 뛰어남
Black Carbon (BC)|블랙카본|BC(Black Carbon), 미세먼지 중 가장 강력하게 빛을 흡수하는 성분으로, 석유, 석탄 등 화석연료 등의 불완전연소 그 때문에 생기는 탄소 입자 물질
Black-out Test|블랙 아웃 시험|NULL
Black-out Test|블랙아웃시험|주기관의 운전 중 발전기를 차단하여도 자동으로 비상발전기가 가동되어 주기운행에 지장이 없는지를 확인하는 시험
Blade Angle|날개각|터빈 또는 펌프 등에서 날개 입구각 또는 출구각의 총칭
Blade Angle Indicator|날개각 지시계|가변피치프로펠러 등의 피치각을 원격지시하는 계기
Blade Efficiency|날개효율|터빈의 회전날개에서 유체가 발생시킨 일과 이론상의 최대일과의 비율
Blanced Rudder|평형타|타면이 받는 압력중심이 타의 회전축 근방에 오도록 만든 타
Blank Flange|블랭크플랜지|구멍이 없는 막통플랜지
Blank Plate|맹판(盲板|NULL
Blast|폭풍|폭발에 의해 생기는 강한 바람
Blast Air|분사공기|공기분사식 디젤기관에 사용되는 고압공기
Blast Furnace|용광로|광석을 녹여 금속을 뽑아내는 직립식 용해로
Blast Heater|송풍가열기|더운 공기를 보내서 가열하는 기기
Blast Pipe|송풍관|공기를 송풍기로 보내는 관
Bleached Tar|탈색(脫色) 타르도료|NULL
Blind Flange|막음플랜지|구멍이 없는 플랜지로 관의 임시폐쇄에 사용함
Blind Hull|선체(의장작업 않은|NULL
Blind Plate|맹판(盲板|NULL
Blister|부풀음|강판의 제련과정이나 압연과정에서 남은 가스층이 얇게 존재하다가 외부가열에 의해 팽창되어 판의 일부가 부풀어 오른 상태
Block|블록|블록공법에 의해서 선체가 지상조립되고 탑재되기에 알맞은 크기로 분할해 놓은 선체의 한 덩어리
Block Assembly|블록 대조립(大組立|NULL
Block Coefficient|방형 계수(方形係數|NULL
Block Division|블록 분할(分割|NULL
Block Division|작업량|NULL
Block Inspection|블록 조립검사|NULL
Block Outfitting|블록의장|블록의 조립공정에 합류되는 의장공사로서 선행의장(Pre-outfitting) 중의 한 갈래임
Block Shipbuilding|블록 건조방식|선박을 적당한 크기로 토막내어 이를 지상에서 블록형태로 조립 완성하여 독(Building Dock)에서 연결시켜 전체를 완성하는 근대화된 건조방식. 이를 위해서는 점차 커지는 대형화 블록을 들 수 있는 대형기중기(Goliath Crane)가 필요함
Bloom’s Taxonomy Verb|불름스 동사분류|표준훈련과정 개발 시 사용자들의 오해와 혼동 발생을 줄이고 정확한 내용 전달을 위한 동사 목록임. 지식영역(Knowledge)과 6개의 인식 레벨[기억(Remember), 이해(Understand), 적용(Apply), 분석(Analyze), 평가(Evaluate)와 창출(Create))의 부분으로 구성
Blow Hole|용접기공(熔接氣孔|NULL
Blow Pipe|블로파이프|가스용접이나 가스절단에 사용되는 토치의 별칭
Blow Twin Deck|하부중갑판|상갑판 밑에 제이갑판과 제삼갑판이 있을 때 이 둘 사이의 공간
Blowdown|배출(排出|NULL
Blower|송풍기(送風機|NULL
Blowhole|기공|접금속의 내부에 생기는 작은 공간. 용융금속에 섞여있는 여러 가지 기체가 미처 방출되지 못하고 응고된 상태
Boat Cover|보트덮개|격납상태의 보트를 보호하는 덮개
Boat Davit|단정대빗|단정을 올리고 내리는 대빗
Boat Deck|단정갑판|단정과 상가설비가 있는 갑판
Boat Derrick|단정데릭|단정을 올리고 내리는 데릭장치
Boat Fall|보트펄|보트의 승강에 사용되는 로프
Boat Skate|보트스케이트|보트가 현측을 잘 미끄러지게 하기위해 보트에 붙인 가이드
Boat Skid|보트스키드|보트가 현측을 잘 미끄러지게 하기위해 현측에 붙인 가이드
Boatswain`s Chair|걸이의자|마스트나 외판 등에 매달려 작업할 때 사용되는 1인용 걸이 의자
Body Plan|선체 정면선도|NULL
Boe Rudder|선수키|철도연락선 등 앞 뒤가 바뀌는 선박에서 선수에 설치된 키
Boiler|보일러|증기보일러 참조
Boiler Compound|보일러 청정제|NULL
Boiler Compound|보일러청정제|보일러수에 첨가되어 정화시켜주는 화학약품
Boiler Graphite|보일러흑연|보일러 내부방식을 막아주는 흑연도료
Boiler Hosepower|보일러마력|저압보일러의 증기발생능력을 나타내는 단위
Boiler Steel|보일러용 강재|보일러의 동체와 같은 주요구조에 사용되는 킬드강
Boiling Point|비등점|액체가 끓기 시작하는 온도
Boiling Point|비등점(沸騰點|NULL
Bollard|볼러드|NULL
Bollard Test|볼라드시험|선박이 안벽에 계류된 상태에서 프로펠러의 추진성능을 계측하기 위해 행하는 시험
Bolster|볼스터|NULL
Bolt-Head Trimming|볼트 머리깍기|NULL
Bond|본드|비도전 금속부 상호간의 전기적 접촉을 확실히 하기 위해 실시하는 접촉
Bond|접착제|두 물체를 접착하는데 사용되는 재료
Bonjean`s Curve|본전곡선|선박의 길이를 등분하는 스테이션 위에 선박의 측면도와 해당횡단면 면적곡선을 포개그린 곡선
Bonnet|보닛|모터보트의 엔진을 씌워주는 목제 또는 금속제 덮개
Booby Hatch|갑판 출입구|노출갑판에서 거주구역으로 통하는 출입구
Booster|부스터|압력이나 출력을 높여주는 보조장치
Booster Pump|가압(加壓) 펌프|NULL
Boot Topping|수선부|선박의 만재흘수선과 경하흘수선 사이의 외판면
Boottop|수선부(水線部) 도장|NULL
Boring|보링|구멍을 뚫거나 구멍의 내벽을 깎는 가공
Boring Machine|보링머신|보링작업을 하는 공작기계
Boss|보스|허브와 동의어
Boss Plate|보스외판|주진축이 선미로 노출되는 끝부분에 붙는 선미관을 둘러싼 외판
Bosun (Boatswain) Store|갑판장 창고|NULL
Both-sides Welding|양면용접(兩面熔接|NULL
Bottleneck|애로 공정(隘路工程|NULL
Bottom Block|선저(船底) 블록|NULL
Bottom Board|선저깔판|단저 구조 선박에서 화물창바닥의 늑판위에 까는 목제판
Bottom Frame|선저늑골|선저부에 배치된 늑골
Bottom Girder|선저거더|선저에 붙은 큰 종통판재
Bottom Heavy|보텀헤비|배의 중심위치가 낮아진 상태
Bottom Longitudinal|선저종늑골|선저외판에 배의 길이방향으로 배치된 골재
Bottom Paint|선저도료|녹 방지와 해양생물 부착을 막기 위해 배의 바닥에 칠하는 도료
Bottom Plug|선저 플럭(취출마개|NULL
Bottom Shell Plating|선저 외판(船底外板|NULL
Bottom Survey|선저 검사(船底檢査|NULL
Bottom Survey|선저검사|선저의 이상유무를 조사하는 검사
Bottom Transverse|선저트랜스버스|종늑골구조에서 횡방향으로 붙는 큰 늑골재
Bottoms|선복량|보유선박의 척수나 톤수의 합계
Boundary Layer|경계층(境界層|NULL
Bow Anchor|선수닻|선수에 장치되는 닻
Bow Chock Screen|선수바람막이천막|출입항작업시 선수루에 치는 천막
Bow Chock Screen|선수촉|선수부에 배치된 촉 또는 페어리더
Bow Construction|선수 구조(船首構造|NULL
Bow Construction Profile|선수구조도|선수부분의 구조를 측면과 각 종단면으로 나타낸 상세구조도면
Bow Door|선수문(船首門|NULL
Bow Propeller|선수프로펠러|험수로용 선박에서 배를 편하게 운항하기 위하여 선수에 붙인 추진기
Bow Roller|바우롤러|로프가 선체와 쓸리지 않도록 선수에 붙인 롤러
Bow Sea|선수측면파|진행방향과 사각을 이루면서 다가오는 파도
Bow Sheave|선수시브|해저케이블 부설선의 선수에 붙은 큰 도르래
Bow Thruster|선수(船首) 스라스트|NULL
Bow Visor|상부힌지식 船首門|NULL
Bow Wave|선수파|선수부에서 생기는 파도
Bow and Stern Construction|선수미(船首尾) 구조|NULL
Bowl|보울|NULL
Boxing|돌림용접|겹친이음에서 겹쳐진 부재를 필렛용접으로 완전히 돌려서 하는 용접
Brace|방진기(防振器|NULL
Bracket (Bkt|브라켓트|NULL
Bracket Floor|조립 늑판(組立肋板|NULL
Bracket Frame|브래킷늑골|정늑골과 부늑골이 등간격으로 나란히 가며 중간브래킷으로만 연결된 경구조의 늑골
Bracket Lamp|브래킷 등|탁상등의 일종
Brain Storming|창조적 집단사고|NULL
Brake|제동기|운동중인 물체를 정지시키거나 지나친 속도를 막아주는 장치
Brake Disk|제동반|제동장치의 마찰원반
Brake Hose Power|제동마력|마력으로 표시된 제동력
Brake Lining|브레이크 라이닝|NULL
Brake Shoe|브레이크 슈|제동장치에서 브레이크 드럼을 눌러주는 부품
Branch Anchor|보조앵커|앵커의 파지력을 높이기 위하여 주앵커체인에서 나누어 달린 보조체인에 붙은 앵커
Branch Box|분기함|전기회로의 분기접점이 들어있는 상자
Branched Pipe Fabrication|분지관(分枝管) 제작|NULL
Brass|황동(黃銅|NULL
Brazing|경납접|NULL
Brazing Socket|브레이징 소켓|NULL
Breadth Draft Ratio|폭흘수비|배의 형폭과 형흘수의 비
Breakdown Maintenance|사후보전(事後保全|NULL
Breaker|분기 개폐기|NULL
Breaker|조작 개폐기|NULL
Breaking Joint|브레이킹 죠인트|서로 교차하지 않고 평행하지 않은 두 축 사이의 동력을 전달하는 방식
Breaking Strength|파강도|물체가 파괴되는 하중상태에 이를 때의 응력
Breaking Strength|파단강도(破斷强度|NULL
Breaking the owner’s right to limit liability|선주 책임제한 배제|선주의 책임 제한권은 어디까지나 예외적인 경우이기 때문에 책임 제한을 신청하는 선박소유자가 고의(intent) 혹은 무모한 행위(recklessly)로 그 손해를 야기한 경우에는 책임 제한이 배제됨. 우리 상법(제769조 단서)에서도 책임 제한 대상 채권이 선박소유자 자신의 고의 또는 손해 발생의 염려가 있음을 인식하면서 무모하게 한 작위 또는 부작위로 인하여 생긴 손해에 관한 때에는 그러하지 아니한다고 명시하고 있음
Breakwater|물결막이|갑판실전면이나 의장품 등을 파도로부터 보호하기 위해 노천갑판위에 설치하는 물막이판
Breakwater|방파체|파도의 피해를 막기 위해 항만 등에 설치한 뚝
Breast Hook|브레스트 훅|선수재와 인접된 외판을 한데 묶어주는 수평보강재
Breast Line|브레스트라인|선박이 안벽에 계선될 때 선수 선미에서 선박길이의 직각방향으로 묶어주는 계선줄
Breath Depth Ratio|폭깊이비|배의 형폭과 형심의 비
Breath Length Ratio|폭길이비|배의 형폭과 수선간 길이의 비
Breathing Apparatus|호흡기(呼吸器|NULL
Breathing Gas Apparatus|호흡보조기|소방원이 지니는 산소통 달린 마스크호흡장치
Breathing Gas System|호흡가스장치|압축공기를 호흡용으로 공급하는 장치
Breeches Pipe|쌍가닥 파이프|파이프의 한쪽 끝이 두 갈래로 갈라진 관
Brickwork|벽돌 공사|NULL
Bridge|선교|선교루와 같음
Bridge Deck|선교루갑판|선미루갑판(Poop Deck)보다 한 층 위에 덮인 갑판으로 선교루의 천정이 됨
Bridge House|선교갑판실|선교에 설치된 갑판실
Bridge Maneuvering|항해선교 원격조정|NULL
Bridge Spot Welding|브리지스폿용접|한쪽 면에 덧판(Backing Metal)을 대고 하는 점용접
Bridge type Relay|브리지형 계전기|NULL
Bridging Amplifier|분기 증폭기|NULL
Brightness|휘도|NULL
Brine|브라인|증발기에서 냉매를 냉각시키는데 쓰이는 부동액
Brine System|브라인식|브라인을 매체로 하여 냉각하는 간접냉각방식
British Standard Institution|영국표준협회|NULL
Brittle Fracture|취성파괴(脆性破壞|NULL
Brittle Fracture|취성파단|재료가 뚜렷한 소성변형이 없이 깨어지는 형식의 파괴
Broadside Torpedo Tube|현측어뢰발사관|현측에 설치된 어뢰발사관
Bronze Casting|청동 주물(靑銅鑄物|NULL
Brush Coating|붓 도장(塗裝|NULL
Bubbling|기포발생(氣泡發生|NULL
Bucket Dredger|버킷식준설선|컨베어벨트에 일정간격으로 달린 버킷이 회전하면서 토사를 퍼서 운반하고 반대편에서 쏟아내는 방식의 준설선으로 연약지대에 적합함
Buckler|호저파이프뚜껑|호저파이프로 물이 올라오지 못하게 막는 뚜껑
Buckling|좌굴|기둥이나 판재에 길이방향 하중이나 압축하중이 걸렸을 때 일어나는 하중의 직교방향으로 휘는 현상
Buckling Load|좌굴하중|좌굴을 일으킬 때의 하중
Budget Constraint|예산상의 제약(制約|NULL
Buffer Spring|완충스프링|충격을 완화시켜 주는 스프링
Build Strategy|건조 전략(建造戰略|NULL
Build-up Frame|조립늑골|두 개이상의 강판이나 형강을 조립하여 만든 강력 늑골
Build-up Propeller|조립프로펠러|허브와 날개를 따로 만들어 조립한 프로펠러
Build-up Section|조립단면재|웨브에 면재를 붙여 형성한 부재
Build-up Welding|육성(덧붙이)용접|마모된 표면과 칫수가 부족한 표면을 채우기 위하여 붙이는 덧살용접
Builder's Certificate|건조(자) 증명서|NULL
Builder's Sea Trial|자체(自體) 시운전|NULL
Building Automation System|빌딩 자동화 시스템|NULL
Building Dock|건조 도크|NULL
Building Dock|건조선거|선박을 건조 할 수 있는 설비(기중기 등)가 갖추어진 건선거(Dry Dock)
Building Specification|건조 사양서(仕樣書|NULL
Built-up Section|조립 단면재(斷面材|NULL
Built-up Welding|육성 용접(肉盛熔接|NULL
Bulb Tee|벌브티|웹 끝부분에 벌브가 달린 T형재
Bulbe Plate|벌브판|한쪽 변에 벌브가 달린 띠판(Flat Bar)
Bulbous Bow|구상 선수(球狀船首|NULL
Bulbous Bow|구상선수|조파저항과 쇄파저항을 줄이기 위하여 선수부의 수선 아래를 둥근 모양으로 돌출시킨 선수
Bulge|벌지|선체외판의 일부를 부풀린 형상
Bulging Schell|벌지외판|흘수선 부근에 벌지를 붙이기 위한 외판
Bulkhead Block|격벽(隔壁) 블록|NULL
Bulkhead Deck|격벽갑판|선수격벽과 선미격벽 사이의 횡격벽이 미치는최상층의 전통갑판(통상 상갑판)을 일컬음
Bulkhead Floor|격벽늑판|격벽위치에 있는 늑판
Bulkhead Liner|격벽 라이너|격벽 플랜지와 외판 사이의 라이너
Bulkhead Piece|격벽관통 피스|NULL
Bulkhead Plan|격벽구조(隔壁構造)도|NULL
Bulkhead Plan|격벽구조도|격벽의 구조 부재와 배치를 나타내는 도면
Bulkhead Recess|격벽골|격벽의 오목하게 들어간 부분
Bulkhead Stiffener|격벽 보강재|NULL
Bulkhead Stool|격벽 스투울|NULL
Bulkhead Stool|격벽 스툴|창내 격벽의 상부 또는 하부에 설치되는 호퍼모양 또는 상자모양의 구조
Bulkhead Stuffing Box|격벽 패킹박스|수밀격벽의 축(Shaft) 관통부에 설치되는 물막이 패킹 상자
Bulkhead(bhd|격벽(隔壁|NULL
Bull1s Eye|눈알유리|반구형 렌즈로 된 채광유리
Bulwark|불워크|상갑판이나 선루갑판의 통행안전을 위해 설치하는 현측 담장판
Bulwark Freeing Port|불워크배수구|갑판배수를 위하여 불워크 하부에 뚫어 주는 배수구
Bulwark Line|불워크선|선체선도에서 불워크 상단내면을 나타내는 선
Bulwark Net|불워크망|여객갑판의 불워크가 없는 공간에 대신 세우는 망
Bulwark Strake|불워크스트레이크|불워크판의 보강을 위하여 안쪽에 붙이는 종보강부재
Bunkering|연료유 적재(積載|NULL
Bunkering Station|연료공급지|선박에 연료를 공급하는 항구
Buoy Mooring|부표계류|배를 부표에 계류하는 것
Buoy Tender|부표설치선|항로표시의 설치와 유지 보수 등에 사용되는 선박
Buoy Tender|설표선|부표설치선
Buoyancy|부력|중력장에서 유체속에 물체를 담갔을 때 유체로부터 물체에 작용하는 힘
Buoyancy|부력(浮力|NULL
Buoyancy Chamber|부력실|부력을 주는 구획
Buoyancy Curve|부력곡선|배의 길이방향으로 부력분포를 나타낸 곡선
Buoyancy Tank|부력탱크|부력을 주는 탱크
Buoyant Smoke Signal|부력식발연신호|구명정에 비치하는 주간용 신호로서 수면에 떠서 황적색의 연기를 내주는 신호장치
Bureau Veritas : BV|프랑스선급협회|프랑스의 선급협회
Burn Through|용락|용융금속이 홈의 뒷쪽으로 녹아내린 것
Burner|버너|액체연료나 가스를 연소시키는 장치
Burner Tip|버너팁|기름버너 끝에 붙은 분사구
Burning Furnace|소각로(燒却爐|NULL
Bursting|파열|내압에 의한 원주방향의 응력으로 용기 벽이 터지는 것
Bursting Pressure|파열압|용기가 파열하게 되는 내압
Bus Bar|모선(母線|NULL
Bus Duct|버스덕트|버스바를 넣은 폐쇄구조의 전기회로
Butt|버트|외판이나 갑판의 이음매 중에서 선수미방향에 수직인 이음매
Butt Forge Weld|맞대기단접|맞대기로 연결하는 단접
Butt Joint|맞대기이음|두 부재가 동일한 면에서 용접되는 이음
Butt Welding|맞대기 용접|NULL
Butt Welding|맞대기용접|맞대기이음에 쓰이는 용접법
Butterfly valve|나비형 밸브|NULL
Buttering|버터링|맞대기용접에서 모재의 열영향을 적게하기 위해서 홈 표면에 다른 종류의 용접금속으로 덧땜하는 것
Butterworth Pump|버터워스폄프|유조선의 기름탱크세척에 사용되는 고온 고압의 해수펌프
Buttock Line|종절선(縱截線|NULL
By-pass Purifying|측류청정|순환중인 윤활유의 일부를 청정기와 여과기 등에 도입하여 서서히 청정하는 방법
Bypass Valve|바이패스 (우회)밸브|NULL
Byproduct|부산물(副産物|NULL
C/H (Cargo Hold|화물창(貨物艙|NULL
CAACE EC|선주협회|NULL
CABLE|공칭 단면적|NULL
CABLE|전선|NULL
CABLE|차폐층|NULL
CABLE|충실형 케이블|NULL
CABLE|케이블|NULL
CABLE SCHEDULE|케이블 스케줄|NULL
CABLE TV, COMMUNITY ANTENNA TV|공동시청 TV|NULL
CAD-ADRA|합성어로서 미국 ADRA사에서 개발한 CAD 시스템|NULL
CANADIAN STANDARDS ASSOCIATION|카나다 표준협회|NULL
CANADIAN STANDARDS ASSOCIATION|캐나다 규격|NULL
CANDELA|칸델라|NULL
CAPACITOR MOTOR|콘덴서 모터|NULL
CAPACITY|정전 용량|NULL
CAPACITY PLAN|용적도|NULL
CAPP (Computer Aided Process Planning|공정계획의 전산화|NULL
CAR(Corrective Action Request|시정조치 요구|NULL
CARBON EQUIVALENT|탄소 당량|NULL
CARBON STEEL PIPES FOR HIGH PRESSURE|고압배관용 탄소강 강관|NULL
CARBON STEEL PIPES FOR HIGH TEMPERATURE SERVICE|고온배관용 탄소강 강관|NULL
CARBON STEEL PIPES FOR ORDINARY PIPING|배관용 탄소강 강관|NULL
CARBON STEEL PIPES FOR PRESSURE SERVICE|압력 배관용 탄소강 강관|NULL
CARBON STEEL PIPES FOR PRESSURE SERVICE|압력배관용 탄소강관|NULL
CARBON STEEL TUBES FOR GENERAL STRUCTURAL PURPOSE|일반구조용 탄소강 강관|NULL
CARBON STEEL TUBES FOR MACHINE STRUCTURAL PURPOSE|기계구조용 탄소강 강관|NULL
CARBONFIBER REINFORCED PLASTICS|탄소섬유 강화 플라스틱|NULL
CARGO CONTROL ROOM|화물관리실|NULL
CARGO GEAR SURVEY|하역 설비 검사|NULL
CARGO HOLD|화물창|NULL
CARGO OIL TANK|화물용 기름 탱크|NULL
CARGO TANK|화물 탱크|NULL
CASH AGAINST DOCUMENT|지급도 조건|NULL
CASH on DELIVERY|현금 상환 인도조건|NULL
CASR|통합감사 요약보고서|CASR(Consolidated Audit Summary Reports), 국제해사기구(IMO) 차원에서 2016년부터 의무적으로 시행되는 회원국 감사의 분석 결과를 보고서 형태로 제공하고 있음
CATHOD-RAY TUBE|음극선 브라운관|NULL
CATHODE RAY TUBE|음극선관|NULL
CAUSE & EFFECT|면동시험|NULL
CBDR+RC|공통의 그러나 차별화된 책임과 개별 능력|CBDR+RC(Common But Differentiated Responsibilities, Respective Capabilities), 유엔기후변화협약의 원칙으로 모두가 기후변화에 대한 책임을 지니나, 국가별로 책임의 정도를 차별화하여 개발도상국과 같이 기후변화에 취약한 국가의 필요성과 상황을 충분히 고려해야 하며, 선진국은 기후변화와 그로 인한 부정적 영향에 솔선하여 대응해야 함을 의미
CCI (Class Comment Item|선급(船級) 코멘트|NULL
CCR(Cargo Control Room|하역제어실|NULL
CCTV(Closed Circuit Television|폐쇄회로 TV|NULL
CCU(Central Control Unit|중앙 제어장치|NULL
CENTER LINE|중심선|NULL
CENTER OF BUOY|부력 중심|NULL
CENTER OF GRAVITY|무게 중심|NULL
CENTER TO CENTER|중심간|NULL
CENTRAL CONTROL ROOM|중안 제어실|NULL
CENTRAL CONTROL UNIT|중앙 제어 장치|NULL
CENTRAL PROCESSING UNIT|중앙처리장치|NULL
CENTRALIZED ADMINISTRATION & CONTROL CENTER|중앙집중 제어실|NULL
CEO(Chief Executive Officer|최고 경영자|NULL
CERTIFICATE OF ORIGIN|원산지 증명서|NULL
CERTIFIED PUBLIC ACCOUNTANT|공인회계사|NULL
CESA(Commitee of European Shipbuilders' Association|유럽 조선업자 협의회|NULL
CFR (Code of Federal Regulations|미국 연방규격집|NULL
CFW (Cooling Fresh Water|냉각청수(冷却淸水|NULL
CGT (Compensated Gross Tonnage|표준화물선 환산톤수|NULL
CHAIN LOCKER|묘쇄고|NULL
CHARGE COUPLED DEVICE|전하 결합 소자|NULL
CHARGE TRANSFER LOGIC|전하 전송 소자|NULL
CHARTERED BASE|선박료 산출에 있어서의 기본이 되는 지표|NULL
CHECK VALVE|역지 밸브|NULL
CHEMICAL CONVERSION COATING|화성 피막 저리|NULL
CHEMICAL OXYGEN DEMAND|화학적 산소 요구량|NULL
CHEMICAL VAPOR DEPOSITION METHOD|화학 기상 성장법|NULL
CHIEF EXECUTIVE OFFICER|최고경영자|NULL
CHIEF OPERATING OFFICER|(기업의) 최고업무진행책임자|NULL
CHIEF PETTY OFFICER|해군 상사|NULL
CHINESE REGISTER OF SHIPPING|자유중국 선급|NULL
CHS (Continuous Hull Survey|선체계속검사|NULL
CI Code|해양사고 조사코드|CI Code(Code of the international standards and recommended practices for a safety investigation into a marine casualty or marine incident-Casualty investigation code), IMO가 해양사고 조사를 위한 국제 표준 절차로서 공통적 접근법을 제시하기 위한 목적으로 제작됨. ※ 2008년 5월 채택, 2010년 1월 발효
CIC|집중점검제도|CIC(Concentrated Inspection Campaign), 항만국 통제 검사 시 발견되는 국제협약 기준 미달선 퇴치를 위해 선박의 구조, 설비 중 특정 항목과 관련하여 특정 기간 국가가 공동으로 집중적으로 점검하는 제도임
CIMS (Computer Integrated Manufacturing System|컴퓨터 통합(統合) 제조 시스템|NULL
CIP|위험물 컨테이너 점검 제도|CIP (Inspection Programmes for Cargo Transport Units Carrying Dangerous Goods), 위험물 운송 관련 규정의 준수 여부 등 점검 요령에 대한 지침서. IMO는 각 회원국이 위험물 컨테이너 점검제도를 이행하고 그 결과를 보고하도록 권고하고 있으며, 우리나라는 2002년도부터 위험물 컨테이너를 점검하고 2003년도 부터 그 결과를 IMO에 보고하고 있음
CIRCUIT|약전류회로|NULL
CIRCULAR ERROR PROBABLE|확률 오차원|NULL
CITIZEN BAND TRANSCEIVER|생활 무선|NULL
CLAMP CIRCUIT|클램프 회로|NULL
CLASS COMMENT ITEM|선급 NCR|NULL
CLIENT REQUIREMENT ITEM|선주 요구 사항|NULL
CLOSED CIRCUIT TELEVISTION|폐쇄회로 T.V.|NULL
CLOSED CIRCUIT TV|폐쇄회로 TV|NULL
CMDS|공통해사데이터구조|CMDS (Common Maritime Data Structure), e-Nav 환경에서 육상-선박, 선박-선박 간 디지털 기반 정보 교환을 위한 교환 표준
CMP|국가해사개요|CMP (Country Maritime Profile), 회원국의 기술협력 활동에 필요한 사항을 쉽게 식별하고 IMO 사무국과 회원국 간 원활한 소통의 채널로써 활용하기 위한 GISIS 내의 웹 플랫폼임
CMS(Continuous Machinery Survey|기관 계속검사|NULL
CNC (Computerized Numerical Control|컴퓨터 수치제어|NULL
CO2 Gas Shielded-arc Welding|탄산가스 아크용접|피복제나 플럭스가 없이 탄산가스 분위기에서 용접 와이어로 진행되는 아크용접
CO2 Meter|탄산가스미터|CO2 Meter와 같음
COAMING|코밍|NULL
COAXIAL CABLE|동축 케이블|NULL
CODE|코드|NULL
CODE DIVISION MULTIPLE ACCESS|부호 분할 다중 접속|NULL
CODERDECODER|부호기와 복호기|NULL
COFFERDAM|코퍼댐 ( 기름탱크 사이 또는 기름탱크와 화물창과를 구획하는 협소한 空所 )|NULL
COFI|OECD 수산위원회|COFI (Committee for Fisheries), 유엔식량농업기구(FAO), 지역수산관리기구 등에서 국제수산질서를 주도하고 한국, 미국, 유렵연합(EU), 일본 등 FAO 회원국의 수산정책 정보를 교환하며 수산업 발전을 위한 협력 방안을 논의하는 국제적 차원의 위원회
COHERENT OSCILLATOR|코히어런트 발진기|NULL
COLD CATHODE DISCHARGE LAMP|냉음극 방전램프|NULL
COLD WATER|찬 물|NULL
COLLAR PLATE|보강재|NULL
COLLECTOR RING, SLIP RING|슬립 링|NULL
COLREG(International Regulations for Preventing Collisions at Sea|해상 충돌방지에 관(關)한 국제협약|NULL
COMBAT INFORMATION CENTER|전투 상황실|NULL
COMBINED OF DIESEL AND GAS TURBINE|디젤 가스터어빈 복합운영|NULL
COMBINED OF DIESEL OR GAS TURBINE|디젤엔진 또는 가스터빈운영|NULL
COMITE DES ASSOCIATION D'ARMATEURS DES COMMUNAUTES EUROPEENNES|EC 선주협회|NULL
COMMERCIAL INTEREST REFERENCE RATES|상업 표준 금리|NULL
COMMERCIAL PAPER|상업 어음|NULL
COMMISSION INTERNATIONAL DE I'ECLAIRAGE|국제 조명 위원회|NULL
COMMISSION INTERNATIONALE DE REGE|유럽전기기기 통일 안전 규격|NULL
COMMITTEE OF E.E.C. SHIPBUILDERS ASSOCIATION|유럽조선업자 협의회|NULL
COMMON MODE REJECTION RATIO|동상 전압 제거비|NULL
COMMONWEALTH OF INDEPENDENT STATES|독립 국가연합|NULL
COMMUNICATION DECK|회선 감시 장치|NULL
COMMUTATOR|정류자|NULL
COMPENSATED GROSS RATED TONNAGE|1982년 IMO의 국제협약발효되어 CGT로 바꿔 사용|NULL
COMPENSATED GROSS TONNAGE|선박 작업량 표준단위|NULL
COMPENSATING MACHINE|보상기|NULL
COMPLEMENTARY TRANSISTOR LOGIC|상보 트랜지스터 논리|NULL
COMPOUND GENERATOR|복권 발전기|NULL
COMPOUND MOTOR|복권 전동기|NULL
COMPRESSED AIR|압축공기|NULL
COMPUTER AIDED DESIGN|컴퓨터 이용 설계|NULL
COMPUTER AIDED DESIGN|컴퓨터를 이용한 설계|NULL
COMPUTER AIDED DESIGN AND MANUFACTURING|미국 IBM사에서 개발한 CAD/CAM 시스템|NULL
COMPUTER AIDED ENGINEERING|컴퓨터를 이용한 엔지니어링|NULL
COMPUTER AIDED INSTRUCTION|컴퓨터를 이용한 학습|NULL
COMPUTER AIDED LEARNING|컴퓨터|NULL
COMPUTER AIDED MANUFACTURING|컴퓨터 이용 생산|NULL
COMPUTER AIDED MANUFACTURING|컴퓨터를 이용한 제조|NULL
COMPUTER AIDED TESTING, COMPUTERIZED|컴퓨터를 이용한 검사|NULL
COMPUTER INTEGRATED MANUFACTURING|컴퓨터를 이용한 통합 생산 시스템|NULL
COMPUTER INTEGRATED MANUFACTURING|컴퓨터에 의한 통합 생산|NULL
COMPUTER INTEGRATED MANUFACTURING SYSTEM|( 일본의) 조선생산 일관 시스템|NULL
COMPUTER NUMERICAL CONTROL|컴퓨터 수치 제어|NULL
COMPUTERIZED SHIP DESIGN & PRODUCTION SYSTEM|국제연구사업으로 추진중인 조선전산 시스템|NULL
CONCESSION|허용|NULL
CONDENSATE & DRAIN|농축 / 배수|NULL
CONDENSER|콘덴서|NULL
CONDUCTION CURRENT|도전 전류|NULL
CONDUCTIVITY|도전율|NULL
CONDUCTOR|단선|NULL
CONDUCTOR|대연|NULL
CONDUCTOR|도체|NULL
CONDUCTOR|복합연선|NULL
CONDUCTOR|선심|NULL
CONDUCTOR|소선|NULL
CONDUCTOR|심선|NULL
CONDUCTOR|심연선|NULL
CONDUCTOR|연선|NULL
CONDUCTOR|집합연선|NULL
CONDUCTOR MULTI|다심|NULL
CONDUCTOR SINGLE|단심|NULL
CONFIRM CODE|담당자 확인란|NULL
CONSTANT ANGULAR VELOCITY|정 각속도|NULL
CONSTANT LINEAR VELOCITY|정 선속도 방식|NULL
CONSTANT SPEED DRIVE UNIT|정속 구동장치|NULL
CONSTANT VOLTAGE CONSTANT FREQUENCY|정전압 정주파 전원|NULL
CONTAINER FREIGHT STATION|콘테이너 집하장|NULL
CONTAINER SAFETY CODE|컨테이너 안전협약|NULL
CONTINUITY TEST|도통 시험|NULL
CONTINUOUS MACHINERY SURVEY|계속 검사|NULL
CONTINUOUS RATING|연속 정격|NULL
CONTRACT|계약|NULL
CONTRACT AWARD|계약 발효|NULL
CONTRACT OF AFFEREIGHTMENT|해상운송계약|NULL
CONTROL AIR|조정용 공기|NULL
CONTROL CIRCUIT|제어회로|NULL
CONTROL PANEL|제어반|NULL
CONTROLLABLE PITCH PROPELLER|가변 피치 프로펠러|NULL
CONVENTION OF THE INTERNATIONAL TRADE OF ENDANGERED SPECIES|멸종위기에 처한 야생동식물의 국제거래에 관한 협약|NULL
CONVERSION SURVEY|개조 검사|NULL
COOLING SEW WATER|해수 냉각수|NULL
COPPER|동|NULL
COPPER NIKEL|백동|NULL
COPT (Cargo Oil Pump Turbine|화물유펌프구동(驅動) 터어빈|NULL
CORE|배전용 변압기 코어|NULL
CORE LOSS|철손|NULL
CORE TYPE TRANSFORMER|내철형 변압기|NULL
CORELOSS CURRENT|철손 전류|NULL
CORRECTIVE ACTION|시정 조치|NULL
CORRECTIVE ACTION REQUEST|시정 조치 요구서|NULL
CORRECTIVE ACTION REQUEST|시정조치 요구|NULL
COSPAS-SARSAT|수색구조 위성시스템|COSPAS-SARSAT (COsmicheskaya Sistyema Poiska Avariynich Sudov; Space System for Search of Vessels in Distress – Search and Rescue Satellite-Aided Tracking), 수색 구조를 목적으로 설립되어, 국제적으로 사용 가능한 인공위성 시스템으로서 러시아(COSPAS), 미국/캐나다/프랑스(SARSAT) 4개국의 양해각서 체결로 1985년부터 시작됨
COST AND FREIGHT|운임포함 가격|NULL
COST INSURANCE AND FREIGHT|운임,보험료 포함가격|NULL
COT (Crude Oil Tanker|원유 운반선|NULL
COT(Cargo Oil Tank|화물유 탱크|NULL
COUNCIL OF EEC BUILDERS OF LARGE SHIPS|EEC 대형조선소 평의회|NULL
COUNTER WEIGHT|균형추|NULL
COW( Crude Oil Washing|원유 세정(原油洗靜|NULL
COderDECoder|부호기와 복호기|NULL
CPP(Controllable Pitch Propeller|가변피치 프로펠러|NULL
CPU(Central Processing Unit|중앙 처리장치|NULL
CREDIT NOTE|대변표|NULL
CRI (Client Request Item|선주 요구사항|NULL
CRITICAL DAMPING RESISTANCE EXTERNAL|임계 제동 외부저항|NULL
CRITICAL FUSION FREQUENCY|임계 융합 주파수|NULL
CRITICAL TEMPERATURE RESISTOR|임계 온도 저항기|NULL
CRT(Cathod Ray Tube|음극선 브라운관|NULL
CS (Customer Satisfaction|고객 만족|NULL
CSC 1972|안전한 컨테이너를 위한 국제협약|CSC Convention (International Convention for Safe Containers, 1972), 컨테이너 취급 및 운송 시 인명안전을 확보 하고, 국제적으로 통일된 규정 이행을 촉진하기 위하여 컨테이너의 강도 요건, 시험절차 및 검사 등에 관한 사항을 수록한 국제 협약
CSD|지속개발위원회|CSD (Commission on Sustainable Development) 1992년 6월 리우 UN 환경개발 회의(UNCED)에서 지속개발위원회(CSD) 설치를 권고하여 제47차 국제연합 총회 시(1992년 12월) 국제 연합 경제 사회 이사회 산하에 지속 개발 위원회(CSD) 설치를 결의함에 따라 1993년 2월 국제 연합 경제 사회 이사회 산하 기구로 발족한 위원회임. 특히 재정지원 및 환경기술 이전 분야 이행 사항 중점검토, 이행에 관한 각종 보고서 및 자료 심의 등을 주요 업무로 수행하고 있음
CSDP (Computerized Ship Design and Production System|선박설계/생산 전산 시스템|NULL
CSP|통신 서비스 제공자|CSP (Communication Service Provider), 선박과 ASP 간 LRIT 데이터 중계를 위한 통신 인프라를 제공함. 주 통신 방법은 위성통신이며 CSP가 ASP 서비스도 같이 공급하기도 함
CSS Code|화물 적재 및 고박 안전실무규칙|CSS Code (Code of Safe Practice for Cargo Stowage and Securing), 화물 단위체 또는 특수화물 등을 선상에 적재하여 운송하는 경우, 화물에 가해지는 외력 등을 고려한 적재 및 고박 관련 안전 실무규칙을 수록
CTR|LRIT 적합성 시험 리포트|CTR (Conformance Test Report), 선박에 설치된 LRIT 설비가 LRIT 데이터 송신을 위한 요건에 적합한지 아닌지를 확인하기 위하여 Conformance Test를 수행하고 발행되는 결과 보고서임. 이러한 CTR 발행은 당사국 정부의 지정된 ASP가 수행하여야 함. (MSC.1/Circ.1307 참조)
CTU Code|화물운송기구 수납 실무지침|CTU Code (IMO/ILO/UNECE Code of Practice for Packing of Cargo Transport Units), 컨테이너, 스왑 바디 등 화물운송 기구에 화물을 안전하게 수납하기 위하여 고정 및 고박 등에 관한 실무적인 사항을 수록함.
CUMULATE ISSUE QUANTITY|총불출 누적 수량|NULL
CURIE POINT|퀴리점|NULL
CURIE TEMPERATURE|퀴리 온도|NULL
CURRENCY ADJUSTMENT FACTOR|통화싯세 변동할증료|NULL
CURRENT CONTROLLED NEGATIVE RESISTANCE|전류제한 負 저항|NULL
CURRENT MODE LOGIC|전류 논리 모드|NULL
CURRENT STANDING WAVE RATIO|전류 정재파 비|NULL
CURRENT TO PNEUMATIC|전류 - 공기압 전환기 .|NULL
CURRENT TRANSFORMER|계기용 변류기|NULL
CURRENT TRANSFORMER|변류기|NULL
CUSTODY TRANSFER SYSTEM|화물통관 계량장치|NULL
CUSTOM HOUSE|세관|NULL
CUSTOMS COOPERATION COUNCIL NOMENCLATURE|관세협력이사회 품목분류집 (88년부로 H.S.로 바뀜)|NULL
CVS(Clear View Screen|클리어 뷰 스크린|NULL
CYCLIC DIGITAL TRANSMISSION|사이클릭 디지털 정보 전송|NULL
Cabin|선실|선박내의 거주실
Cabin|선실(船室|NULL
Cabin Door|선실문|선실에 설치하는 문
Cabin Passenger|선실여객|전용선실을 사용하는 여객
Cabin Plan|선실배치도|선실의 배치를 나타낸 도면
Cabin Stores|선실용품|선내 승무원과 여객이 선실에서 필요로 하는 여러 가지 용품의 총칭
Cabin Stores|선실용품고|선실용품을 저장하는 창고
Cable|공칭 단면적|NULL
Cable|전선|NULL
Cable|차폐층|NULL
Cable|충실형 케이블|NULL
Cable|케이블|NULL
Cable Bundle|전선(電線) 다발|NULL
Cable Burying Equipment|케이블매설기|케이블을 매설하는 기기
Cable Clench|케이블 크렌치|NULL
Cable Duct|케이블 관로(管路|NULL
Cable Duct|케이블덕트|노출갑판이나 위험장소를 통과하는 케이블의 보호를 위하여 설치하는 덕트
Cable Dynamometer|장력계|부설한 케이블의 장력을 측정하는 계기
Cable Hanger|케이블걸이|전선을 걸어두기 위한 장치
Cable Hauling Gear|케이블인양장치|해저케이블을 인양하는 장치
Cable Length Measuring Device|케이블길이측정장치|풀어낸 케이블의 길이를 측정하는 장치
Cable Picking and Laying Machine|케이블부설기|해저의 전선을 부설하거나 인양하는 데 쓰이는 장비
Cable Precutting|케이블 선행절단|NULL
Cable Recess|케이블리세스|배선을 위해서 남겨둔 공간
Cable Schedule|케이블 스케줄|NULL
Cable Socket|케이블소켓|케이블 접속을 위한 소켓
Cable TV, Community|공동시청 TV|NULL
Cable Tie|전선결속(電線結束)띠|NULL
Cable Trunk (C.T|전로배치함|NULL
Cable Winch|케이블윈치|케이블을 감아올리는 윈치
Cabtyre Cable|캡타이어 케이블|NULL
Cadet|견습사관(見習士官|NULL
Call Sign|호출 부호|NULL
Calorie|칼로리|물 1g의 온도를 1기압하에서 섭씨 1도 높이는 데 필요한 열량
Calorifier|온수(溫水) 가열기|NULL
Calorifier|온수기|물을 데워 주는 기구
Calorimeter|열량계|연료의 발생열량을 측정하는 기구
Cam Shaft|캠축|캠이 붙여진 축
Camber Line|캠버곡선|갑판의 캠버를 나타내는 횡단면곡선
Camouflage|위장|물체의 확인을 교란시키기 위한 수단
Camshaft|캠축(軸|NULL
Canadian Standards|캐나다 규격|NULL
Canal Rudder|운하용타|운하통과시 타효율을 높이기 위해 다는 소형 보조타
Canal Tonnage|운하톤수|운하통행료 부과를 위한 톤으로 그 기준이 운하마다 다름
Candela|칸델라|NULL
Cannel|해협|두 육지 사이에 낀 좁고 깊은 수로
Canning Factory Ship|통조림공장선|포획한 생선을 통조림하는 설비를 갖춘 선박
Canopy|가설지|무갑판선에서 풍우를 막기 위하여 설치하는 범포 가리개
Cant Beam|캔트 보|NULL
Cant Beam|캔트보|가로와 세로방향에 대하여 각도를 가지며 방사상으로 배치되는 선미부의 갑판 보
Cant Frame|캔트 (경사진) 늑골|NULL
Cant Frame|캔트늑골|가로와 세로방향에 대하여 각도를 가지며 방사상으로 배치되는 선미부의 외판 늑골
Cantilever Framed Ship|외팔늑골선|늑골의 상단이 갑판 아래에서 끊어져 있는 구조의 배
Canvas Boat|캔버스보트|캔버스로 만든 보트
Canvas Cover|캔버스 카바|NULL
Canvas Hose|캔버스호스|캔버스로 된 호스
Capacitor Motor|콘덴서 모터|NULL
Capacity|용량|기계의 능력이나 용적의 크기
Capacity|정전 용량|NULL
Capacity Control|용량 제어(容量制御|NULL
Capacity Plan|용적도(容積圖|NULL
Capacity Requirement|소요 능력(所要能力|NULL
Capacity-building|역량 강화|IMO 차원의 역량 강화는 개인적인 능력의 함양을 의미하기보다, 선진국보다 기술 및 인적자원이 부족한 개도국이 독립적으로 해사안전 유지 및 해양환경 보호할 수 있는 능력을 개발시키는 활동을 의미함
Capesize B/C|케이프사이즈 B/C (140-150K B/C|NULL
Capillary Tube|모세관(毛細管|NULL
Capital Ship|주력함|함대의 주력을 이루는 함정
Capstan|캡스턴|수직축 드럼으로 계류용 로프를 감아 들이는 장비
Captain|함장|해군함정에서 승무원을 총 지휘하는 최고책임자
Captain|해군대령|해군장교의 계급명
Captain Deck|선장갑판|선장실이 위치하는 갑판
Car Carrier|자동차 운반선|NULL
Car Deck|자동차갑판|자동차가 실리는 갑판
Car/Bulk Carrier|자동차겸벌크화물선|자동차나 벌크화물을 실어 나르는 배
Carbide to Water Gas Generator|침소식아세틸렌가스발생기|카바이드를 물에 침적시켜 아세틸렌가스를 발생시키는 장치
Carbon Air Arc Gouging|탄소 아크 가우징|NULL
Carbon Arc Cutting|탄소아크절단|탄소전극과 모재간에 아크를 발생시켜 그 열로 모재를 용융 절단하는 방법
Carbon Arc Welding|탄소아크용접|탄소전극과 모재 사이 또는 탄소전극 간의 아크발생열로 모재를 녹여 붙이는 방법
Carbon Brush|탄소브러시|탄소로 된 전기접촉자
Carbon Deoxide Scrubber|탄산가스흡수장치|사람이 토하는 탄산가스를 흡수하는 장치
Carbon Dioxide Fire Extinguisher|탄산가스소화기|탄산가스를 사용하는 소화기
Carbon Electrode|탄소봉전극|탄소로 만들어진 전극
Carbon Intensity Indicator (CII)|탄소집약도지수|CII(Carbon Intensity Indicator), 현존선의 운항에너지효율 규제 개발을 위하여 다양한 방식의 탄소집약도 계산방식이 제안되고 있으며, 제안되는 모든 지수를 CII로 통칭
Carbon Monoxide|일산화 탄소|NULL
Carbon Steel|탄소강|탄소의 함량이 0.035~1.7%인 철강
Carbon intensity|탄소집약도|소비한 에너지에서 발생한 온실가스 배출량을 총 에너지소비량으로 나눈 값을 말함. 탄소 집약도가 높다는 의미는 상대적으로 탄소함유량이 높은 에너지를 사용한다(탄소를 많이 배출)는 뜻
Carbonfiber Reinforced|탄소섬유 강화 플라스틱|NULL
Carbonizing Flame|탄화불꽃|유리탄소를 포함하는 환원성의 가스불꽃
Carburization|탄화|열과 압력 등의 작용으로 물질 내의 산소량이 감소되고 상대적으로 탄소가 증가되는 현상
Carburizing Flame|탄화염|산소-아세틸렌 불꽃에서 산소보다 연료가스공급이 많아서 불완전 연소된 탄소가 많아진 불꽃
Cargo Block|하역도르래|하역데릭장치에서 사용되는 도르래들의 총칭
Cargo Capacity Tonnage|재화용적 톤수|NULL
Cargo Gear Survey|하역설비 검사|NULL
Cargo Handling System|화물하역 설비|NULL
Cargo Hatchway|화물창구|화물의 통로가 되는 갑판상의 출입구
Cargo Hold Capacity|화물창용적|화물창의 총 용적
Cargo Hook|하역고리|화물의 슬링(Sling)을 걸기 위한 고리
Cargo Lift|화물들개|화물을 들 때 사용되는 기구
Cargo Net|하역보호망|하역 중의 화물이 슬링에서 빠지는 것을 방지하기 위해 본선 현측과 부두사이에 쳐지는 그물
Cargo Oil|화물유|화물로 운반되는 기름
Cargo Oil Piping System|화물유관장치|화물유를 싣거나 풀기 위한 배관장치
Cargo Oil Pump|화물유(貨物油) 펌프|NULL
Cargo Oil Pump|화물유펌프|화물유를 싣거나 부리는 데 주로 사용되는 펌프
Cargo Oil Pump Steam Turbine|화물유펌프용증기터빈|화물유펌프를 돌려주는 증기터빈
Cargo Oil Tank|화물유탱크|화물유를 싣는 탱크
Cargo Port Door|현측화물적재구|배의 현측에서 화물적재가 가능하도록 달아 놓은 문
Cargo Segregation|화물 격리(貨物隔離|NULL
Cargo Shackle|하역새클|하역줄에 붙이는 고리로 화물을 다루는 데 쓰이는 탈착고리
Cargo Ship|화물선|화물을 실어 나르는 배
Cargo Ship Safety Equipment Cerificate|화물선안전설비증서|해상인명안전협약 규정에 비추어 구명설비가 적합한 화물선에 대하여 관계관청이 교부하는 증서
Cargo Sling|하역(荷役) 슬링|NULL
Cargo Space|화물 구역(貨物區域|NULL
Cargo Winch|하역윈치|데릭장치에서 화물을 올리고 내리는 로프를 감거나 풀어 주는 윈치
Cargoes which may liquefy|액상화 화물|일정 비율의 미세 입자와 일정량의 수분을 함유하는 화물. 만약 이러한 화물이 운송허용 수분치(TML, Transportable Moisture Limit)를 초과하는 수분량을 포함한 상태로 선박에 적재되어 운송되는 경우에는 선박 안전(복원성)에 영향을 미치는 액상화 현상(liquefaction)이 일어날 수 있음
Caring|노약자지체 부자유자 등을) 돌보는|NULL
Carling|국부보강(局部補强)재|NULL
Carpenter|목공|선박건조에서 목공사를 다루는 기능공(목수)
Carpenter's Workshop|목공소(木工所|NULL
Cart|손수레|NULL
Cascade Tank|케스케이드 탱크|NULL
Cascade Welding Sequence|캐스케이드용접|다층용접에서 용접선의 중앙부터 양쪽 끝을 향해 층을 쌓아 가는 방식
Case Hardening|표면경화(表面硬化|NULL
Case Study|사례 연구(事例硏究|NULL
Casing|케이싱|기계장치를 둘러싸는 용기
Cast Iron|주철|주조성은 좋으나 탄소함량이 높아 단조가 불가능한 철-탄소계 합금
Cast Iron|주철(鑄鐵|NULL
Cast Steel|주강(鑄鋼|NULL
Casualty|해난(海難|NULL
Casung Pipe|케이싱파이프|샌드파일이나 콤팩션파일을 조성하는 관
Catamaran Ship|쌍동선(雙胴船|NULL
Categorize by Grades|등급별(等級別) 분류|NULL
Cathode ray tube|음극선관|NULL
Cathodic Protection|음극 방식(陰極防蝕|NULL
Cathodic Protection|음극방식|전해질 중에서 부식이 일어나는 물체를 음극화하여 부식을 방지하는 전기화학적 방식방법
Cattle Carrier|가축운반선|가축을 전용으로 운반하는 선박
Catwalk|상설 통로(常設通路|NULL
Caulking|코오킹|NULL
Caulking (Air) Hammer|코킹해머|압축공기를 이용하여 코킹끌을 물리고 연속적으로 두드려 주는 공구
Causal factors, Causation factors|원인 요소|인간과실(human error) 혹은 장비 고장과 같이 발생한 사고와 관련한 주요 사건 또는 조건(conditions). 원인 요소는 일반적으로 사고를 유발하는 초기사건, 실패한 안전장치(safeguard), 혹은 마련되지 않은 적정 안전장치를 지칭함
Cause of Defect|결함 원인(缺陷原因|NULL
Cavitation|공동현상(空洞現象|NULL
Cavitation Damage|캐비테이션손상|캐비테이션이 일어나는 표면에 생기는 표면침식과 재질악화 등의 손상
Cavitation Wakes|캐비테이션반류|유체속을 빠르게 움직이는 물체 뒤에서 형성되는 난류보텍스 중심의 낮은 압력장에서 발생하는 캐비테이선
Cavity|캐비티|캐비테이션에 의해 유체속에서 생긴 증기방울
Cdmpanion Ladder|승강구사다리|갑판간의 거주구역에서 갑판으로 드나드는 사다리
Ceiling|천장내장|방이나 통로의 천정에 붙이는 내장판
Ceiling Light|천장등|천장판에 부착되는 조명기구
Ceiling Moulding|천장판돌림대|방 등의 천장판과 벽판이 만나는 구석에 돌리는 쫄대
Ceiling Panel|천장패널|NULL
Cellular Double Bottom|구획식이중저(二重底|NULL
Cement Carrier|시멘트운반선|비포장시멘트를 운송하는 전용운반선
Cementation|침탄|강재표면의 탄소함유량을 증가시키기 위해서 적당한 화로에서 가열한 후 냉각시키는 표면경화 열처리방식
Cementation Process|침탄법|탄소량이 0.18% 이하인 저탄소강을 침탄제 안에서 고온가열하여 표피에 탄소를 침입시켜 고탄소강으로 마드는 열처리과정
Center Board|센터보드|요트 등에서 배 밑으로 돌출된 용골판
Center Division|중심선칸막이|선체중심선을 따라 선체를 좌 우로 갈라주는 칸막이벽
Center Flange (Cent. Flg|수밀격벽 통과시 Pipe 중간 플랜지|NULL
Center Girder|중심선 거어더|NULL
Center Girder|중심선거더|이중저구조에서 선체중심선을 따라 평판용골에서 내저판까지 붙는 종통판재
Center Keelson|중심선 내용골|NULL
Center Line|중심선|물체의 중심을 지나는 선
Center Line Bulkhead|중심선격벽|배의 중심선 종단면상에 설치된 격벽
Center Line Through Plate|중심선종통판|선박의 종단면을 따라 선수에서 선미까지 관통하는 판재
Center Plane|중심면|선박의 길이방향 대칭면
Center Punch|센터펀치|공작물의 중심을 표시하거나 구멍위치를 표시하기 위한 타각공구
Center Punch|중심펀치|중심위치를 표시하기 위해 사용하는 펀치
Center of Buoyancy|부력중심|NULL
Center of Gravity (C.G|무게 중심(重心|NULL
Center of Symmetry|대칭(對稱)의 중심|NULL
Central Control Room|중안 제어실|NULL
Central Lateral Plane|중심선종단면|배의 직립상태에거 중심선을 지나가는 연직면으로 선체를 자른 단면
Centre Skeleton|중심선내용골|단저구조에서 중심선에 붙여진 큰 종통재
Centrifugal Force|원심력|물체가 회전할 때 회전중심에서 벗어나려는 힘
Centrifugal Oil Purifier|원심정유기|원심분리방식을 채택한 기름 청정장치
Centrifugal Pump|원심(遠心) 펌프|NULL
Centrifugal Pump|원심펌프|회전날개로 유체에 원심력을 주어 유체를 퍼올리는 펌프
Centrifugal Separator|원심분리기|용기에 유체를 넣고 회전시켜 원심력에 의해 비중이 무거은 유체나 고체입자를 분리시키는 장치
Ceramic Backing|세라믹 백킹|NULL
Certificate|증명서|주관청 권한에 따라 발급되거나 그 소지자가 동 문서상에 명시된 바와 같이 또는 국내 규정에 따라 인정된 바와 같이 직무에 종사하는 것을 주관청이 승인하는 유효한 문서를 의미
Certificate of Competency (CoC)|해기면허증서|선장을 비롯한 선원의 자격을 증명하는 증서로 당사국의 면허 취득에 대한 조건을 만족하고 발급된 증서임
Certificate of Inspection|검사 증서(檢査證書|NULL
Certificate of Load Line|만재흘수선증서|선박만재흘수선규정에 의하여 지정받은 선박의 각종 보증서로 국가나 위임기관(선급)이 발행함
Certificate of Proficiency (CoP)|교육이수증서|선원이 특정 직무에서 요구되는 역량 표준을 충족했음을 증명하기 위해 선원에게 발급된 교육이수 증서임
Certificate of Ship`s Nationality|선박국적증서|선박의 국적을 증명하기 위해 국가가 발행하는 증서
Chafing Strip|마멸방지 스트립|NULL
Chain Block|체인 블록|NULL
Chain Block|체인블록|체인식 도르레장치로 바퀴의 회전수 변화를 이용하여 인력으로 중량물을 들어올리거나 내리는데 이용되는 도구
Chain Drive|체인구동|체인을 이용하여 동력을 전달하는 것
Chain Drum|체인드럼|둘레에 체인이 끼워지도록 골이 파인 바퀴
Chain Hoist|체인호이스트|체인블록과 동일
Chain Hook|체인갈고리|앵커체인을 다루는데 쓰이는 손잡이가 달린 갈고리
Chain Hook|체인훅|체인갈고리와 동일
Chain Intermittent Fillet Weld|병렬단속 필릿용접|NULL
Chain Intermittent Fillet Welds|병렬단속필렛용접|대칭되게 비드를 놓는 단속필렛용접
Chain Locker|체인로커|앵커체인을 격납하는 공간
Chain Locker (C.L|체인 격납고|NULL
Chain Pipe|체인 파이프|NULL
Chain Sackle|체인새클|체인 고리에 다른 고리를 연결해 주는 U자형의 개폐식 고리
Chain Stopper|체인 스톱퍼|NULL
Chainlet|쇠사슬(Plug 구속용|NULL
Chair / Vice-Chair|의장 / 부의장|회의 진행을 총괄하는 직위를 지칭하며 초기에는 의장을 Chairman 명칭을 사용하였으나 성평등의 관점에서 남성을 지칭하는 ‘man’ 단어는 삭제되고 ‘Chair’ 용어를 통일적으로 사용하고 있음. 총회 의장은 ‘President’라고 함 < 출처: IMO 홈페이지 >
Chalk Test|분필시험|밀폐가 요구되는 접촉면에 분필가루를 칠하여 상호접촉상태를 조사하는 시험
Chalk Test|쵸크 테스트|NULL
Chamfering|모따기|날카로운 모서리를 둥글게 하는 것
Chamfering Tool|모따기 공구|NULL
Change Room|탈의실(脫衣室|NULL
Change-over Switch|전환 스위치|NULL
Channel|챤넬|NULL
Characteristic Curve|특성 곡선(特性曲線|NULL
Charge Coupled Device|전하 결합 소자|NULL
Charge Transfer Logic|전하 전송 소자|NULL
Charging Equipment|충전장치|축전지에 충전을 하기 위한 장치
Charging Switchboard|충방전배전반|축전지전원의 충전과 방전을 제어하는 배전반
Chart Room|해도실(海圖室|NULL
Charter Base : C/B|차터베이스|선박에 대한 운항채산성을 나타내는 해운용어
Check Pin|멈춤핀|너트의 풀림을 멈추기 위해 너트가 돌지 못하도록 꼽은 핀
Check Point|점검항목|NULL
Check Valve|역지 밸브|NULL
Check Valve|역지(逆止) 밸브|NULL
Checkered Plate (chk. pl.|체크 플레이트|NULL
Checklist analysis|목록 분석|하나 또는 그 이상의 목록 양식으로 된 현존하는 지침에 대한 상황 평가 분석 기법
Checkpoint Review Meeting|점검항목 검토회의|NULL
Checkr (Checkered) Plate|바닥무늬판|미끄럼 방지를 위하여 기관실 등 마루나 발판에 까는 표면에 돌출무늬가 있는 강판
Chemical Analysis|화학분석|물질의 성분을 화학적 방법으로 분석하는 시험방법
Chemical Analysis|화학분석(化學分析|NULL
Chemical Cleaning|화학 세척(化學洗滌|NULL
Chemical Cleaning|화학청소|보일러 내부를 화학약품을 순환시킴으로써 청소하는 방법
Chemical Cleaning Pump|케미컬클리닝펌프|열교환기 등의 내부세척을 위해 약물세척액을 순환시키는 펌프
Chemical Composition|화학 조성(化學組成|NULL
Chemical Compound Injection Valve|청정제주입밸브|보일러용수 등에 청정제를 주입하는 밸브
Chemical Dehydrator|화학탈수기|화학약품으로 탈수시키는 기구
Chemical Fire Extinguisher|화학소화기|화학약재를 이용하는 소화기
Chemical Tanker|케미컬탱커|국제산적케미칼코드(IBC Code)제 17장에 열거된 액체화학 물질의 산적운송을 위하여 건조 또는 개조되어 사용되는 선박을 말함
Chemical Tanker|화학제품 운반선|NULL
Chemical Tanker|화학제품운반선|액상으로 된 화학제품을 운반하는 선박으로 주로 운반되는 제품에 따라 Tank 내벽이 부식되지 않도록 특수금속이나 특수페인트로 보호됨
Chemical Vapor Deposition|화학 기상 성장법|NULL
Chief Engineer|기관장|기관부의 최고책임자
Chief Engineer(C/Eng.|기관장(機關長|NULL
Chill Strip|뒷댐편|맞대기용접하는 두 판재의 용접 뒷면에 용접선을 따라 붙이는 좁은 부재로 용접부와 함께 접합됨
Chill Strip|칠 스트립|NULL
Chilled Casting|냉각주물|용탕을 금형에 주입할 때 형에 닿는 면이 급냉되어 변화된 주물
Chin Pipe|체인파이프|앵커체인이 갑판에서 체인로커로 들어가는 통로관
Chin Pipe Cover|체인파이프뚜껑|갑판에 쏟아진 해수가 체인파이프로 들어가지 않게 덮어 주는 뚜껑
Chine Line|차인선|차인부를 연결하는 선
Chipping|치핑|금속을 끌로 깎아내는 것
Chipping Hammer|치핑 해머|NULL
Chisel Suspension Tower|중추탑|쇄암용 중추를 낙하하고 달아올리는 지지탑
Chock Liner|조정라이너|기기의 거치를 정확히 조정하기 위하여 기기와 베드 사이에 끼우는 금속편
Chock Liner|쵸크 라이나|NULL
Christening(Naming) Ceremony|명명식(命名式|NULL
Christmas Tree Post|크리스마스트리포스트|선체를 한 곳에 계류하기 위하여 세 개의 와이어를 인장하도록 된 도르래붙이 기둥
Christmas Tree Winch|크리스마스트리윈치|크리스마스트리의 와이어를 올리고 내려 주는 윈치
Christmas Tree Wire Rope|크리스마스트리와이어로프|선체를 한 곳에 고정하기 위하여 크리스마스트리의 포스트로부터 장치시키는 와이어로프
Chronometer|크로노미터|선박의 기준시계로 사용되는 정밀한 시계
Chute|슈우트|NULL
Circuit|약전류회로|NULL
Circuit Breaker|회로차단기|전기기기나 전원을 보호하기 위한 차단장치
Circular|회람문서|비강제적 성격을 가지는 IMO가 합의한 각종 지침서와 회원국이 주지할 필요가 있는 다른 회원국의 정책 사항에 대한 문서를 지칭
Circular Error Probable|확률 오차원|NULL
Circular Letter|회람장|IMO 차원에서 회원국에 알리는 행사 개최 등의 단순한 정보 공유를 위한 목적으로 Circular Letter 문서를 발행함
Circular Mils (C.M|전선의 단면적단위|NULL
Circular Saw|원형툽|얇은 원판에 톱날을 세워 회전하는 톱
Circulating Pump|순환 펌프|NULL
Citadel Deck House|중앙부대갑판실|군함의 중앙에 있는 큰 갑판실
Citizen Band transceiver|생활 무선|NULL
Clad Steel|클래드 강(鋼|NULL
Clamp|클램프|NULL
Clamp Circuit|클램프 회로|NULL
Clarifier|클래리파이어|연료유 중의 고체입자를 제거하는 청정기
Class 1 Pipe|일급관(一級管|NULL
Class A Fires|화재(A급 火災|NULL
Class A-60 Bulkhead A-60|구역 격벽|NULL
Class Comment Item|선급 NCR|NULL
Class Notation|선급부호(船級符號|NULL
Class Rules|선급 규칙|선주와 조선소 및 보험회사의 삼각대 속에서 어느 한쪽에 편향되지 않게 선박의 안전성을 보장하기 위하여 선급 협회가 자체적으로 가지고 있는 선박의 안전 기준
Class/Division|위험성 급/등급|IMDG Code 규정을 적용받는 위험물은 그 위험성에 따라 제1급 부터 제9급까지 하나 이상의 급(class)으로 할당되며, 이들 급 중의 몇몇은 등급(division)으로 세분함. 화약류 가스류 인화성 액체 가연성 고체 산화성 물질 및 유기과산화물 독성 및 전염성 물질 방사성 물질 부식성 물질 기타 위험 물질 및 제품, 해양오염물질
Classification Certificate|선급 증서(船級證書|NULL
Classification Certificate|선급증서|선급등록심사에 합격하여 선급협회가 선박에 대하여 발행하는 증서
Classification Character|부기부호|선급부호 참조
Classification Rule|선급 규정(船級規定|NULL
Classification Society|선급 협회(船級協會|NULL
Classification Survey|선급검사|선박의 정해진 선급수준을 유지하기 위하여 실시하는 정기적 또는 비정기적 검사
Claw Coupling|물움커플링|마주보는 이빨이 맞물리는 커플링
Cleading|클리딩|실린더 등의 열이 방출되지 않도록 보온재로 피복하는 것
Clean Ballast Pump|클린밸러스트펌프|전용밸러스트탱크의 주 배수에 사용되는 펌프
Clear Height|클리어 헤이트|NULL
Clear grounds|명백한 근거|선박과 그 설비 또는 승무원이 관련 협약 요건에 일치하지 않거나, 선장 또는 승무원이 선박의 안전, 해상보안 및 해양오염방지와 관련된 필수적인 절차에 익숙하지 않다는 명백한 위반의 증거
Clearance|통관절차|특정 과정을 위해 필요한 허가를 득하는 절차로, 선박의 국가해역 입출항을 위한 절차, 선박 정박까지의 절차(일반적으로 화물/여객의 수입/수속 진행절차를 포함), 선박의 선적·하역 절차, 선박의 정박지 출항 절차, 수·출입할 화물에 대한 통관 등이 있음
Cleat|클리이트|NULL
Client Requirement Item|선주 요구 사항|NULL
Clinometer|경사계(傾斜計|NULL
Clinometer|클리노미터|선박의 항해 중 기울기를 측정하는 계기로 조타실 중심선상에 설치됨
Clockwise|시계방향(時計方向|NULL
Clogged Filter|필타 막힘|NULL
Close-up Survey|정밀근접(近接) 검사|NULL
Closed Chock|닫힌 촉|현측으로 나가는 로프 구멍에 붙인 쇠붙이로 위가 막혀있는 것
Closed Circuit TV|폐쇄회로 TV|NULL
Closed Fair-leader|폐쇄형페어리더|위가 막혀있는 모양의 페어리더
Closed Feed Water|밀폐급수장치|급수중에 공기가 섞이지 않게 고안된 급수장치
Closed Type Grab Bucket|밀폐형그래브버킷|오염된 진흙 등을 수중에서 파낼 때 수면의 오염을 막기 위해 밀폐형으로 만든 그래브 버킷
Closed Type Thrust Bearing|밀폐형 추력베어링|여러 개의 플랜지에 의해 추력이 전달되는 베어링
Closest Point of Approach :CPA|최접근점|자기 배가 다른 물체와의 상대운동 중 가장 접근하는 점
Closing Appliance|폐쇄 장치(閉鎖裝置|NULL
Closing Appliances|개구폐쇄장치|선내 각 부분의 개구부(Opening)를 막아주는 장치
Closing Plate|폐쇄판|NULL
Clutch|클러치|동력전달장치로 임의로 단속이 가능함
Clutching Test|클러치작동시험|클러치가 장치된 주기의 클러치의 작동을 확인하는 시험
Cmbined Feed Water Heater|종합열교환기|저압급수 가열기
CoGP|모범관행규약|CoGP (The Code of Good Practice), 어떠한 기준 혹은 규칙의 준수와 관련하여 이를 모범적으로 이행하도록 만들어 놓은 규약
Coaker|코커|코킹작업을 하는 작업원
Coal Carrier|석탄운반선|석탄을 전문으로 운반하는 산적화물선
Coaming|코밍|갑판 등의 개구부(Opening) 주변에 둘려지는 테돌림판
Coaming Stiffener|코밍보강재|코밍판을 보강해주는 부재
Coast Defence Ship|연안방위함|연안경비를 목적으로 하는 소형 군함
Coast Radio Station|연안무선국|해안에서 해상선박들과 교신하는 무선국
Coastal Motorboat|연안경비정|연안경비에 종사하는 소형선박
Coastal Navigation|연안항법|육지에 접근해서 항해하는 항법
Coastal State|연안국|연안국이란 기본적으로 해안선을 가진 국가를 지칭하며, 선박 운항에 따라 선박이 운항 중 다른 국가의 영해에 진입하였을 때 선박이 위치한 해역을 담당하는 해당 국가가 연안국이 됨
Coasting Area|연해구역|선박안전법에 따라 연해로 정의된 수역
Coasting Service|연안구역항행|법규에 의해 연안구역으로 지정된 구역내에서 항해하는 것
Coasting Vessel|연해구역선|연해구역을 항해할 수 있는 설비를 갖춘 선박
Coaxial Cable|동축 케이블|NULL
Coaxial Cable|동축(同軸) 케이블|NULL
Code|코드|NULL
Code Calling System|부호호출법|무선전신이나 깃발신호에 의한 호출부호로 호츨하는 방법
Code Division Multiple|부호 분할 다중 접속|NULL
Coding System of Hull Structure Piece|선각부재(船殼部材)의 기호부여체계|NULL
Cofferdam|코퍼댐|정수탱크 등이 기름탱크와 인접될 때 상호간의 누설로 인한 섞임을 방지하기 위하여 가운데 두는 빈 공간
Cofferdam ( C/D|코퍼댐 (방유구획실|NULL
Coherent Oscillator|코히어런트 발진기|NULL
Coil Boiler|코일보일러|수관이 코일모양으로 감겨져 있는 보일러
Coil Spring|코일스프링|선재를 나선모양으로 감아 만든 스프링
Coiled Pipe Cooler|코일냉각기|코일모양의 관에 냉각유체를 통하게 하여 관 외측의 유체를 냉각시켜 주는 냉각기
Coke Pig Iron|코크스선철|코크스를 연료로 하여 만든 선철
Coking Coal|코크스용 석탄|코크스를 만드는 원료석탄
Cold Air Blast System|냉풍식|영하 35℃ 부근의 찬 바람으로 식품을 급속냉동시키는 방식
Cold Bending|냉간(冷間) 굽힘|NULL
Cold Bending Test|상온굽힘시험|상온에서 강판 등의 재료를 규정된 각도로 굽히고 굽힘강도와 그 형상등을 관찰하는 시험
Cold Crack|저온 균열|NULL
Cold Drawn Pipe|냉간인발관|파이프소재를 재결정온도 이하에서 다이스를 통하여 뽑아낸 파이프
Cold Forming|냉간 성형(冷間成形|NULL
Cold Galvanizing|도금손상부 ZINC-RICH PAINT 도포|NULL
Cold Rolling|냉간 압연|NULL
Cold Shortnedd|냉간취성|저온에서 물성이 취약해지는 것
Cold Starting|상온시동|기관을 예열하지 않고 시동하는 것
Cold Stirage Boat|냉장선|선창이 냉장고로 되어 과일 채소 등의 냉장화물을 운반하는 선박
Cold cathode discharge lamp|냉음극 방전램프|NULL
Collar|칼라|축에 테를 두른 것처럼 튀어 나온 부분
Collar Plate|칼라판|형재가 판재를 관통할 때 뚫어주는 슬롯구멍 등을 부분적으로 메우기 위해 붙이는 판조각
Collar Thrust Bearing|칼라스러스트베어링|추진축의 칼라와 맞닿아서 마찰을 줄이면서 추진력을 전달 받아서 선체에 전하는 베어링
Collect Performance Data|실적자료 수집|NULL
Collecting Hopper|집합호퍼|해저광물을 해수와 함께 모으는 깔때기 모양의 탱크
Collector Ring, Slip Ring|슬립 링|NULL
Collier / Coal Carrier|석탄 운반선|NULL
Collision|충돌(衝突|NULL
Collision Bulkhead|선수 격벽(船首隔壁|NULL
Collision Mat|방수매트|충돌 등에 의해 선체손부로 침수되는 것을 임시로 막기 위해 외판 바깥쪽으로 밀착시켜 사용하는 캔버스제 매트
Colloidal Fuel|콜로이드연료|기름에 석탄 등의 고체 연료 미세분말을 혼합한 연료
Color Scheme|배색(配色|NULL
Column Light|칼럼 라이트|NULL
Combination Propulsion System|혼합식추진방식|두 가지 이상의 다른 원리를 가진 열기관을 조합시킨 추진방식
Comboy|호위함|전시에 상선을 보호하기 위하여 호위하는 군함
Combustible Material|가연성(可燃性) 물질|NULL
Combustion|연소|물질이 산소와 화합하면서 빛과 열을 발생하는 화학적 변화
Combustion Chamber|연소실(燃燒室|NULL
Combustion Knocking|연소노킹|노킹 참조
Combustion Stroke|연소행정|내연기관의 실린더내에서 연료가 연소되어 얻어진 고압가스가 피스톤을 밀어내는 행정
Combustor|연소기|터빈에서 압축공기 흐름속에 연료를 불어 넣어 연소시켜 주는 장치
Combutile Loss|연소손실|불완전연소로 인한 연료손실
Commander|해군중령|해군장교의 계급명
Commissary Equipment|조리설비(調理設備|NULL
Commission International de|국제 조명 위원회|NULL
Commission Internationale|유럽전기기기 통일 안전 규격|NULL
Committee|위원회|국제해사기구(IMO)에 관한 협약(Convention on the International Maritime Organization) 제11조(Organs)에 따라 기구는 5개의 위원회(해사안전위원회, 법률위원회, 해양환경보호위원회, 기술협력 위원회, 간소화위원회)를 둠. 각 위원회는 해운·조선 부문의 전문성을 지니며 소관 협약의 제·개정 및 주요 현안을 논의함
Commodore|해군소장|해군장교의 계급명
Common Battery Telephone|공전식 전화기|NULL
Common Cause Failure|공통원인고장|동일한 근본 원인(root cause)에 의하여 다중의 보호 장치에도 불구하고 발생하는 고장. 어떤 하나의 사건으로부터 발생한 여러 아이템의 고장
Common Criteria|공통(共通)의 기준|NULL
Common Mode Rejection|동상 전압 제거비|NULL
Common Practice|일반적 인 방법|NULL
Common Structural Rules (CSR)|공통 구조 규칙|국제선급연합회(IACS)에서 IMO GBS 규정에 따라 개발한 선체 구조 규칙으로써 생명, 환경 및 재산의 안전성을 개선하고 선박의 설계 수명 동안 선체 구조의 내구성을 지속시키기 위하여 주요 선체 구조의 결함을 완화하는 최소한의 요구 사항을 설정함. 선박의 구조 강도 및 수밀 구조가 상세 요건을 만족하도록 함
Communal Aerial System|방송(放送)공시청장치|NULL
Communication Deck|회선 감시 장치|NULL
Communication Tube|통신통|압축공기를 이용하여 통신지를 직접 보내주는 공기배관
Commutation|정류|교류를 직류로 바꿔주는 것
Commutator|정류자|NULL
Companion|승강구실(갑판상의|NULL
Companion (Way)|컴패니언|갑판에 설치된 계단을 위해 마련한 출입구 공간실
Companion Way|승강구실|노천갑판에서 아래로 통하는 출입구를 보호하기 위해 설치된 간이갑판실
Companionway|승강구(昇降口|NULL
Company Security Officer (CSO)|총괄 보안 책임자|항만시설 보안책임자, 선박 보안책임자와 교신하며, 선박 보안계획을 개발하여 제출 및 승인을 받고 이후 보안계획 이행과 정비유지를 담당하는 자
Company-wide Program|전사적 프로그램|NULL
Comparative Study|비교연구(比較硏究|NULL
Comparison Sheet|비교표|NULL
Compass Adjuster|컴퍼스수정사|자기컴퍼스의 자차수정을 하는 직업인
Compass Bowl|컴퍼스볼|자기컴퍼스의 북극 지시기구를 내장한 용기
Compass Bridge|컴퍼스선교|기준컴퍼스가 설치된 선교
Compass Card|컴퍼스카드|컴퍼스의 방위눈금을 기록한 문자판
Compass Course|컴퍼스침로|컴퍼스가 지시하는 북쪽방향과 배의 진행방향이 이루는 각
Compass Deck|컴퍼스갑판|자석식 컴퍼스가 설치된 최상층의 갑판
Compass Deck|콤파스 데크|NULL
Compass Deviation|자차|자기컴퍼스가 설치된 주변의 영향을 받아 생기는 오차
Compass Error|컴퍼스오차|자기컴퍼스가 가리키는 자북과 진북의 각도차
Compasses|컴퍼스(제도용)|원을 그릴 때 사용하는 제도용구
Compasses|컴퍼스(항해용)|선박의 침로나 표적물의 방위를 측정하는 기구
Compensating Device|보상장치(補償裝置|NULL
Compensating Machine|보상기|NULL
Compensation|보정|기기에서 주위조건 변화에 따르는 오차를 제거하는 것
Compensation Tank|보정탱크|잠수함에서 소비되는 소모품의 중량에 해당되는 물을 채워주워주는 탱크
Compensation for Openning|개구부(開口部) 의 보강(補强|NULL
Complement|승무원수|NULL
Complementary Transistor|상보 트랜지스터 논리|NULL
Complete Combustion|완전연소|연료를 연소시킬 때 연소생성물 가운데 가연성 물질이 남아 있지 않은 상태
Composite Beam|합성보|두 개 이상의재료를 조합하여 만든 보
Composite Boiler|콤퍼짓보일러|기관의 폐열과 단독화력을 같이 이용할 수 있는 보일러
Composite Drawing|종합 의장도(艤裝圖|NULL
Composite Flange|복합형플랜지|동합금파이프의 연결에 사용되는 플랜지로 동합금 소켓부분을 납땜으로 관끝에 붙이고 플랜지부분은 강제플랜지와 연결하는 형식임
Compound Generator|복권 발전기|NULL
Compound Motor|복권 전동기|NULL
Compound Press. Gauge|복합 압력계|NULL
Compound Turbine|콤파운드터빈|임펠러상자의 수가 두개 이상으로 이루어진 형식의 터빈기관
Compressed Air|압축 공기(壓縮空氣|NULL
Compressed Air|압축공기|대기압보다 높은 압력으로 압축된 공기
Compressed Load|압축하중|부재의 축방향으로 부재를 압축하는 하중
Compressed Stroke|압축행정|왕복동기관에서 흡입된 기체를 압축하는 행정
Compressibility|압축성|유체가 압축되어 체적이 줄어드는 성질
Compression Ignition Engine|압축착화기관|내연기관의 압축행정에서 단열 압축 가열된 공기에 연료를 분사시켜 자연착화 연소가 일어나게 만든 기관
Compression Ratio|압축비|피스톤이 하사점에 있을 때와 상사점에 있을 때의 실린더 용적의 비
Compulsary Item|필수항목(必須項目|NULL
Compulsory Ship Station|의무선박국|선박안전접 법규에 따라 비치가 의무화된 선박의 무선국
Compulsory Watch|청취의무|전파국이나 무선국이 정해놓고 발신하는 국제조난신호를 청취해야하는 의무
Compulsory insurance requirements|강제보험요건|일반적으로 법률의 규정에 따라 보험의 가입이 강제되는 강제보험 또는 의무보험이 있음 IMO 국제협약 중에서 아래 협약들은 선박소유자가 적절한 보험 또는 기타 재정보증(이하 ‘강제보험’)을 유지하고 체약 당사국은 그러한 강제보험이 마련되었음을 증명하는 증서를 발급하도록 요구하고 있음 .1 유류오염손해에 대한 민사책임에 관한 협약의 1992 의정서 (CLC PROT 1992) .2 2001 연료유 오염손해에 대한 민사책임에 관한 협약 (Bunkers 2001) .3 여객 및 수화물의 해상운송에 관한 아테네 협약의 2002 의정서 (PAL PROT 2002) .4 난파물 제거에 관한 나이로비국제협약 (NAIROBI WRC 2007) .5 위험·유해 물질의 해상운송에 따른 손해배상책임에 관한 국제협약의 2010 의정서 (HNS PROT 2010)
Computer Aided|컴퓨터를 이용한 제조|NULL
Computer Aided Design|컴퓨터를 이용한 설계|NULL
Computer Aided Engineering|컴퓨터를 이용한 엔지니어링|NULL
Computer Aided Instruction|컴퓨터를 이용한 학습|NULL
Computer Aided Learning|컴퓨터|NULL
Computer Aided Testing,|컴퓨터를 이용한 검사|NULL
Computer Integrated|컴퓨터에 의한 통합 생산|NULL
Computer Integrated Manufacturing System|컴퓨터통합제조시스템|설계에서 제품생산에 이르는 전 과정이 컴퓨터를 통하여 자동화/통합화되어 제조관리를 효율적으로 운영할 수 있는 생산종합관리시스템
Computer Numerical Control|컴퓨터 수치 제어|NULL
Concave Fillet Weld|오목필릿용접|용접부의 용착금속 표면이 오목꼴로 된 필렛용접
Concentrate on Problem Solution|문제해결 집중|NULL
Concentrated Load|집중 하중(集中荷重|NULL
Concentrated Load|집중하중|물체표면상 한 점에 집중하여 작용하는 하중
Concentration of Stress|응력 집중(應力集中|NULL
Concentric Reducer|동심(同心) 레듀샤|NULL
Concept Design|개념 설계(槪念設計|NULL
Concrete Ship|콘크리트선|강화콘크리트로 건조된 선박
Concurrent Engineering|동시공학(同時工學|NULL
Condensate Pump|복수(復水) 펌프|NULL
Condenser|콘덴서|NULL
Condenser Type Spot Welder|콘덴서식 점용접기|콘덴서에 전기 에너지를 축적하였다가 변압기로 순간적인 에너지를 방출하도록 제작된 일종의 점용접기
Condensing Plant|복수기|증기를 냉각하여 액화시키는 장치
Conduction Current|도전 전류|NULL
Conductivity|도전율|NULL
Conductivity|전도율|물체 내를 통하여 열이 전달되는 정도를 나타낸 값
Conductor|단선|NULL
Conductor|대연|NULL
Conductor|도체|NULL
Conductor|복합연선|NULL
Conductor|선심|NULL
Conductor|소선|NULL
Conductor|심선|NULL
Conductor|심연선|NULL
Conductor|연선|NULL
Conductor|집합연선|NULL
Conductor multi|다심|NULL
Conductor single|단심|NULL
Conference of the Parties (COP)|당사국총회|지구온난화로 인한 피해를 줄이기 위해 1992년 유엔 환경개발 회의에서 체결한 기후변화협약의 구체적인 이행방안을 논의하기 위해 매년 개최하는 당사국의 회의임. 유엔기후변화협약 관련 최고 의사결정기구로서 당사국들이 협약의 이행 방법 등 주요 사안들을 전반적으로 검토하기 위해 매년 1회 개최
Confidential|비밀의，대외비의|NULL
Confined Area|좁은 구역|NULL
Conformity|부합성(符合性|NULL
Congested Area|혼잡(밀집) 구역|NULL
Conical Buoy|원추형부이|항로표시를 위해 항내에 설치하는 부이
Connecting Bend|접속벤드|같은 선상에 놓여있지 않는 두 관을 연결할 때 사용하는 굽어진 이음관 토막
Connecting Bridge|연락교|삼도선(Three-island Ship)에서 볼 수 있는 구조물로 선교와 선수루 또는 선미루를 이어주는 갑판상의 가교
Connection Diagram|접속도(接續圖|NULL
Conning Station|조타(지휘)위치|NULL
Consensus|총의|통상적으로 조직 및 기구에서 구성원의 일반적인 동의를 지칭하는 말로 사용됨. 총의에 도달하기 위해서는 구성원들의 진중한 심의가 필요하며 국제기구는 총의를 증진하는 방향으로 논의를 진행
Consequential Damage|간접 손해(間接損害|NULL
Consistancy|일관성(一貫性|NULL
Constant Angular Velocity|정 각속도|NULL
Constant Linear Velocity|정 선속도 방식|NULL
Constant Speed Drive unit|정속 구동장치|NULL
Constant Voltage Constant|정전압 정주파 전원|NULL
Constant Voltage Welding Machine|정전압용접기|아크용접기에서 전압변동이 정격부하의 15% 이내로 자동조절되며 전압변동이 있어도 3/10초 이내로 회복되는 용접기
Construction Period|건조기간(建造期間|NULL
Construction Profile|구조도|선체중심선의의 종단면에 주요부재비치와 치수를 나타낸 도면
Construction Profile|구조부재 배치도|NULL
Consumable Electrode|용극|각종 아크용접과 아크절단에서 아크에 의해 용해 소모되는 전극
Consumable Nozzle|소모노즐|용접봉 와이어를 용접부로 안내하는 금속관으로 용접봉과 같이 소모되어 용착금속의 일부로 됨
Consumable Nozzle Electro-slag Welding|소모노즐식 일렉트로 슬래그용접|소모노즐을 사용하는 일렉트로 슬래그용접
Consumables|소모품(消耗品|NULL
Contact Condition|접촉 상태(接觸狀態|NULL
Contact Damage|접촉손상(선체의|NULL
Contact Group on Piracy in Somalia (CGPCS)|소말리아해적퇴치연락그룹|유엔 안보리 결의서 1851의 ‘해적퇴치를 위한 공통의 접촉 창구 역할을 수행할 국제협력 메커니즘’ 수립 권고에 따라, 2009년 1월 소말리아 해적퇴치를 위한 소말리아해적퇴치연락그룹(CGPCS)이 창설됨. 해적퇴치를 위한 회원국 간 국제협력을 조정함
Contactor|접촉기|전기회로의 제어나 기타 제어의 빈도가 높은 단속점에 사용되는 전기조작 개폐기
Container|컨테이너|화물을 적재할 수 있도록 규격화된 직육면체 형의 수송 설비이며, 화물을 능률적·경제적으로 운송하고자 사용됨
Container Lashing Equipment|컨테이너고박장치|갑판상에 적재한 컨테이너를 고정하는 장치
Container Refrigerator Cooling Sea Water Pump|컨테이너냉동기냉각수펌프|컨테이너 냉동기 청수 냉각기에 해수를 보내는 펌프
Container Ship|컨테이너선|규격화된 컨테이너를 전문으로 운송하는 선박
Container Ship|컨테이너선(船|NULL
Contamination|오염(汚染|NULL
Contingency Plan|불예측사태 대응계획|NULL
Continueous Survey for Refrigerating Installation|냉동기계속검사|선주요구에 따라 12개월 간격으로 시행하는 냉동기의 선급검사
Continuity Test|도통 시험|NULL
Continuous Fillet Weld|연속 필렛용접|비드를 끊지 않고 연속하는 필렛용접
Continuous Survey|계속 검사(繼續檢査|NULL
Continuous Synopsis Record|선박이력기록부|국제항해 선박이 그 선박의 이력을 확인하기 위하여 작성되는 문서 중 하나로 선박이력기록부(CSR)에는 선박의 명칭, 선박의 국적, 선박식별번호, 소유자, 선적지 등이 기재되어 있음. 이 기록부를 확인함으로써 선박이 건조된 시기부터 현재까지의 변화된 이력들을 전부 확인할 수 있어 해적이나 테러리스트에 의한 선박의 피랍 등을 통해 이루어지는 불법매각 등의 행위를 예방 할 수 있음
Continuous Welding|연속용접|비드가 끊이지 않고 이어지는 용접
Continuous rating|연속 정격|NULL
Contra Type Stern|비대칭선미|프로펠러의 회전과 반대방향의 유속을 같게 하기 위하여 선미형상을 한쪽만 다르게 하거나 부가물을 붙인 형상
Contra-rotating Propeller|상반회전프로펠러|프로펠러 축을 동심 이중축으로 하여 각 축의 후단부에 앞 뒤로 프로펠러를 연결하고 서로 회전방향이 반대가 되도록 돌리는 추진장치
Contract Design|계약 설계(契約設計|NULL
Contract Review|계약 검토(契約檢討|NULL
Contract Work Change|계약사양변경|NULL
Contracted Mould|축척현도|광학마킹 등에 사용하기 위하여 축소하여 그린 현도
Contraction Coefficient|수축 계수(收縮係數|NULL
Contraction Scale|축척(縮尺|NULL
Contractual Obligation|계약상 의무(義務|NULL
Contrarotating Propeller|이중반전 (二重反轉) 프로펠라|NULL
Contribution|분담금|국제해사기구(IMO) 운영에 필요한 자금은 대부분 회원국의 분담금 (Contribution)으로 충당되며, 이는 이사회와 총회를 통해 결정됨. 참고로, 만약 회원국이 분담금 규정을 이행하지 못할 경우, 회원국으로서 권리가 상실될 수 있음
Control|제어|어떤 물리량을 목표값으로 유지하거나 이동시키기 위해 목표값과의 편차를 검출하여 이를 없애는 것
Control Air Pipe|제어용공기관|제어용 압축공기를 보내는 관
Control Chart|관리 도표(管理圖表|NULL
Control Circuit|제어회로|NULL
Control Oil Pipe|제어용유압관|제어용 압력유를 보내는 관
Control Panel|제어반|NULL
Control Panel|제어반(制御盤|NULL
Control Rod|제어봉|원자로 내의 중성자발생을 조절하여 연쇄반응을 적당히 제어하고 노의 반응을 조절하는데 쓰는 막대
Control Span|관리 범위(管理範圍|NULL
Control Station|제어장소|선박의 항해를 위한 무선설비, 항해설비 또는 비상 전원이 설치된 장소로, 화재표시장치나 화재제어장치가 집중 배치되어 있는 장소도 제어장소에 포함됨
Control Surface|제어판|배나 물체의 운동을 제어하기 위한 판
Control System|제어계통|제어대상과 제어장치 또는 감지장치로 닫힌 루프를 만들어 제어동작이 이루어지도록 만든 시스템
Control Table|제어테이블|계측제어 담당자가 위치하는 테이블
Convection|대류|유체의 일부가 밀도차에 의하여 이동하면서 열을 운반하여 전달하는 현상
Convenient Flag Ship|편의 치적선(置籍船|NULL
Convention|협약|양자조약에서 특정 분야·기술적 사항에 관한 입법적 성격의 합의. 또한, 국제기구의 주관하에 개최되는 다자간 국제회의에서 체결하는 다자조약에 사용 예) 담배규제 기본협약 (2005) 한·요르단 이중과세방지협약 (2005)
Convention of International Regulations for Preventing Collisions at Sea|해상충돌예방협약|선박의 안전항해와 이에 관련되는 사항에 관한 국제협약
Conventions emanating from the Legal Committee|법률위원회 소관 협약|해사안전위원회(MSC)와 마찬가지로 법률위원회(LEG)에서도 자율운항선박 (MASS) 관련 법률위원회 소관 협약에 대한 규정검토작업을 진행하고 있음. IMO 사무국에서 제공한 법률위원회 소관 협약은 아래와 같음 (LEG 106/8). 단, 타 위원회 및 타 기관과의 공동협약은 제외함
Conversion|환산|어떤 단위로 된 물리량을 다른 단위로 바꾸어 나타내는 것
Conversion Project|개조 공사(改造工事|NULL
Converter|신호변환기|NULL
Converter|전환장치|교류전기를 직류로 또는 직류전기를 교류로 바꿔주는 장치
Convex Fillet Weld|볼록필렛용접|비드 표면이 볼록하게 형성되는 필렛용접
Conveyor|컨베이어|연속적인 움직임으로 물품을 운반하는 장치
Coolant Quenching Liquid|냉각액(원자로)|핵분열에서 발생하는 열을 흡수하여 원자로를 식히면서 열을 동력으로 전달해주는 액체
Cooler|냉각기|물체를 냉각시키는 장치
Cooling Air Jacket|냉각공기재킷|찬 공기를 강제유통시켜 안 쪽을 냉각시키도록 입힌 재킷
Cooling Coil|냉각코일|고온의 유체를 식히기 위해 냉각기에 설치한 코일모양의 냉각관
Cooling Test|냉각시험|가동상태에서 냉동장치의 성능을 확인하는 시험
Cooling Tower|냉각탑|NULL
Cooling Water|냉각수|고온의 대상물을 냉각시키기 위해서 주위를 순환하며 식혀주는 물
Cooling Water Jacket|냉각수재킷|내연기관의 과열을 막기 위해 실린더 둘레로 순환시켜주는 찬물을 에워싼 재킷
Cooper`s Store|음료품창고|음료품을 격납해두는 창고
Coral Boat|산호채취어선|산호채취에 종사하는 어선
Cordage|밧줄|섬유로프 중 지름이 가는 것들의 총칭
Core|노심|원자로 내에 핵연료가 들어있는 부분
Core|배전용 변압기 코어|NULL
Core|주물심|주물 가운데 주물이 차지 않는 빈 공간을 만들기 위해 넣어주는 주형
Core Diameter|봉 지름|피복 아크용접봉의 심선의 지름(굵기)
Core Electrode|유심용접봉|속이 빈 곳에 용제가 채워진 용접봉
Core Loss|철손|NULL
Core type Transformer|내철형 변압기|NULL
Coreloss Current|철손 전류|NULL
Cork Carpet|코르크카핏|코르크로 만든 카핏
Cork Fencer|코르크 방현재|코르크를 망 안에 채워서 만든 방현재
Cork Mat|코르크매트|코르크를 채워서 만든 방현재
Cork Paint|코르크페인트|접착성이 좋은 페인트와 같이 칠해지는 코르크 분말
Corner Doubling|모서리덧댐판|갑판이나 외판 모서리에 응력집중을 피하기 위하여 덧대는 이중판
Corner Joint|모서리 이음|두 부재를 L자 모양으로 이을 때 모가 진 곳을 용접하는 이음
Correction Factor|수정 계수(修正係數|NULL
Corrective Action|시정 조치|NULL
Corrective Action Request|시정 조치 요구서|NULL
Corrective Maintenance|개량보전|NULL
Correspondence Group|통신작업반|정해진 기간의 회기 중에 시간 또는 전문가 인력이 부족하여 논의가 진행될 수 없는 경우 또는 사안의 중요성을 고려하여 추가 논의가 필요한 경우, 회기 간 논의를 위해서 통신작업반을 개설할 수 있음. 이는 인터넷 통신수단(E-mail 등)을 활용하여 논의를 진행함
Corridor|통로(通路|NULL
Corridor Bulkhead|통로격벽|통로의 칸막이벽
Corrosion|침식|물과의 마찰이나 물의 충격이 계속되는 금속표면의 부식현상
Corrosion Control|방식 관리(防蝕管理|NULL
Corrosion Cracking|부식균열|응력과 부식이 동시에 작용하여 국부적으로 나타나는 균열현상
Corrosion Fatigue|부식피로|금속이 부식환경에서 반복하중을 받으면 피로강도가 현저하게 떨어지는 현상
Corrosion Inhibitor|부식 억제제|NULL
Corrosion Margin|부식여유|구조부재의 부식을 고려하여 판 두께를 증가시킨 부분
Corrosion Rate|부식도(腐蝕度|NULL
Corrugated Bulkhead|파형격벅|평판에 보강재를 붙이는 대신에 판 자체의 파형굽힘으로 강도를 유지한 유밀 또는 수밀격벽
Corrugated Bulkhead (Corr. Bhd|파형격벽(波形隔壁|NULL
Corrugated Shell|주름외판|빌지판 위로부터 수선 사이에 수평주름을 넣은 특수외판
Corrugated Vessel|주름외판선|주름진 외판을 갖는 특수선형
Cosmetic Nature|미관상(美觀上) 문제|NULL
Cost Accounting|원가계산(原價計算|NULL
Cost Control|원가 관리(原價管理|NULL
Cost Savings|원가 절감|NULL
Cost of Obsolescene|진부화(陳腐化) 손실|NULL
Cost-Benefit analysis|비용-편익 분석|특정 설계나 방안의 비용과 편익을 비교 분석하여 채택 여부를 결정하는 분석법. 안전공학에서는 대개 안전 대책을 시행하는 데 소요 비용과 안전 대책이 시행될 경우 저감되는 위험도에 대한 편익을 서로 비교함. 최소한 ‘편익 > 비용’ 관계를 만족해야 채택할 수 있지만, 피해 규모가 큰 사고를 방지하는 안전설계를 선정하는 경우에는 ‘편익 < 비용’인 경우에도 채택할 수 있음
Cotter|코터|축과 축 또는 축과 슬리브의 연결에 사용되는 테이퍼핀
Council|이사회|국제해사기구(IMO)의 실질적인 집행기관으로서 역할을 하고 있음. 총회가 최종 의사결정 기구지만 매번 요건을 충족하여 회의를 개최하기란 현실적으로 어렵기 때문에, 이사회를 구성하여 기구의 정책 수립, 재정 운영 등의 실질적 업무를 수행함
Council Reform|이사회 개편|기존 40개국으로 구성된 IMO 이사국 제도의 개편을 의미하며, 구체적으로 이사국 선출 방법, 선출 주기 및 각 범주(카테고리 A, B, C) 기준 등에 관한 변경을 논의함
Counter|선미돌출부|선미부 중에서 타주부 뒤로 튀어나온 부분
Counter Sinking|카운터싱킹|리벳이나 볼트구멍의 모를 죽여 접시모양으로 깎아 내는 것
Counter-balance Valve|카운터밸런스 밸브|NULL
Counterclockwise|시계반대방향|NULL
Counterfiow Heat Exchnger|역류열교환기|고온유체와 저온유체가 서로 역방향으로 흐르는 열교환기
Counterflow|역류(逆流|NULL
Coupling Bolt|카플링 볼트|NULL
Coupling Flange|커플링플랜지|축이나 관을 연결하는 데 사용하는 플랜지
Course|침로|배가 향하는 방향 또는 항로
Course Developer|코스 개발자|새로운 표준훈련과정의 개발이나 기존에 존재하는 표준훈련과정의 개정을 위한, 과정 개발자이며, 교육기관, NGO(비정부 기구) 또는 정부의 교육 훈련 전문가를 대상으로 함
Course Keeping|보침|배가 침로를 유지하는 것
Course Keeping Ability|보침성능(保針性能|NULL
Course Recorder|진로기록기|자이로컴퍼스에 접속하여 사용하는 선박의 침로기록장치
Course Steered|평균침로|선박이 항주하는 동안에 변경되는 침로각의 평균치
Covenant /Charter / Statute|규약 / 헌장 / 규정|국제기구를 구성하거나 특정 제도를 규율하는 국제적 합의에 사용 예) 국제연맹규약, UN 헌장, 국제사법재판소(ICJ)규정 등
Cowl Head Ventilator|고깔형 통풍통|화물창이나 기관실의 자연통풍에 사용되는 고깔 모양의 통풍통
Cowl Head Ventilator|꼬깔형 통풍통|NULL
Coxswain|정장|보트의 조정(노젓기) 등을 지휘하는 사람
Crab Factory Ship|게가공선|포획한 게를 해상에서 직접 가공하는 설비를 갖춘 배
Crab Mother Ship|게잡이 모선|게잡이 소형선을 거느리며 잡은 게를 모으고 필요 물자를 공급하는 모선
Crack Arrester|균열 멈추개|균열의 발생과 전파를 막기 위해 사용하는 부재 또는 구조
Crack Arrestor|균열 멈추기|NULL
Crack Initiation and Propagation|균열 발생및 전파|NULL
Craddle|크래들|진수시 선체를 선대에 고정시켜주는 가대
Crane|크레인|중량물을 들어 올려 회전 또는 주행하여 이동하여서 목적장소에 내려 주는 기계
Crane Barge|기중기바지선|기중기가 갑판에 고정되어 하역작업을 주로 하는 바지
Craneman`s House|크레인조종실|크레인을 조종하는 방
Crank|크랭크|왕복운동을 회전운동으로 바꿔 주는 기계요소
Crank Arm|크랭크암|크랭크에서 원운동 지름을 형성하는 부분
Crank Bearing|크랭크축베어링|크랭크축을 지지하는 베어링
Crank Pin|크랭크핀|피스톤롯과 연결되는 부분
Crank Pin Bearing|크랭크핀베어링|크랭크핀과 피스톤롯이 물리는 부분에 끼워 지는 베어링
Crank Pump|크랭크식펌프|크랭크를 이용한 왕복동식 펌프
Crank Shaft|크랭크축|크랭크가 달려 있는 축
Crankcase|크랭크 실(室|NULL
Crankshaft Deflection|크랭크축의 디프렉숀|NULL
Crash Ahead/Astern|클래쉬 전진/후진|NULL
Crash Duration|특급(特急) 소요기간|NULL
Crater|크레이터|아크용접시에 비드위에 아크압력에 의해서 나타나는 오목하게 파진 곳
Crawler Crane|크롤러크레인|NULL
Creation and Maintenance of the Data Base|데이타 베이스의 생성및 유지관리|NULL
Creation of Employment|고용 창출|NULL
Credential|신임장|신임장이란 특정인을 외교 사절로 파견하는 취지와 그 사람의 신분을 상대 국가에 통고하는 문서로서, 국제기구 회의에서 신임장은 해당 회의에 참석하는 인물이 자국을 대표하는 증명 용도로 쓰임
Credential Committee|신임장 위원회|IMO 총회 의사규칙 9에 따라 회원국으로부터 신임장을 전달받게 되면, 사무국은 신임장 위원회(Credential Committee)를 조직하여 이를 검증함. 총회 의장의 지명에 따라 각기 다른 회원국의 5명의 대표가 선임되어 신임장 위원회를 구성
Creepage|크리페이지|통신케이블의 연피에 걸리는 외부진동으로 인한 피로균열
Crew Space|선원실|선원들이 거주하는 방
Crew's effects|승무원의 일용품|승무원에게 속하고 또한 그 선박에 실려있는 피복, 일상적으로 사용하는 품목 및 화폐를 포함한 기타의 물품
Crew`s Quarter|선원거주지역|선원실이 있는 구역
Criteria|기준(基準|NULL
Criteria for Rework|재작업(再作業) 기준|NULL
Criteria of Acceptance|합격판정 기준|NULL
Critical Damping Resistance|임계 제동 외부저항|NULL
Critical Fusion Frequency|임계 융합 주파수|NULL
Critical Path|주공정(主工程|NULL
Critical Speed|위험속도(危險速度|NULL
Critical Temperature|임계 온도 저항기|NULL
Crosing Vessel|횡단선|침로가 서로 교차하는 선박끼리 상대방을 부르는 호칭
Cross Beam|횡보|창구덮개 쪽판들을 지지하는 탈착식 석가래보
Cross Bitt|크로스비트|십자형으로 생긴 비트
Cross Flooding|보상침수|선박이 침수로 한쪽이 기울 때 이를 바로 세우기 위하여 반대쪽에 물을 채우는 것
Cross Sea|역파|바람과 반대로 진행하는 불규칙파
Cross Section|횡단면(橫斷面|NULL
Cross Tie|크로스 타이|NULL
Cross Wire Welding|크로스 와이어 용접|다점극 점용접의 일종으로 주로 토목 건축 등에서 이용되는 교차되는 철근 등을 서로 접합시켜주는 용접법으로 일종의 프로젝션 용접이라고도 볼 수 있음
Crosscut Chisel|홈파기끌|닐 끝이 U자형으로 되어있어 홈을 파기에 적합하도록 된 끌
Crosshead Lubricating Oil Pump|크로스헤드윤활유펌프|디젤기관의 크로스헤드 베어링으로 윤활유를 보내는 펌프
Crossover Way|교차통로(交叉通路|NULL
Crosstie|크로스타이|유조선의 탱크내 외판트랜스버스 웨브와 종격벽웨브 사이를 연결하는 판재와 연재
Crowbar|쇠지레|못뽑이 등으로 쓰는 강철 지렛대
Crowler Unit|크롤러주행장치|잠수준설선의 해저주행을 위한 무한궤도장치
Cruciform Bollard|십자(十字)形 볼라드|NULL
Cruiser Ship|유람선(游覽船|NULL
Cruiser Stern|순양함형 선미(船尾|NULL
Cruising Circle|순항권|연료유 탱크용량의 기름을 사용하여 계획속력으로 왕복할 수 있는 최장거리의 범위
Cruising Range|순항 거리(巡航距離|NULL
Cruising Speed|순항속력|함정의 평상시 항해속력
Crushing Test|압괴시험|재료에 압축하중을 가하여 압축파괴에 대한 특성을 조사하는 시험
Cryogenic Temperature|저온(底溫|NULL
Cumulative|누적(累積)의|NULL
Curie Point|퀴리점|NULL
Curie Temperature|퀴리 온도|NULL
Curing|경화건조(硬化乾燥|NULL
Current Controlled Negative|전류제한 負 저항|NULL
Current Meter|유속계|유체의 흐르는 속도를 재는 계기
Current Mode Logic|전류 논리 모드|NULL
Current Sailing|조류항법|선박의 방향과 속력에 조류의 영향을 벡터로 고려하여 침로를 정하는 항법
Current Standing Wave Ratio|전류 정재파 비|NULL
Current Transformer|계기용 변류기|NULL
Current Transformer|변류기(變流器|NULL
Current Transformer (C.T|계기용 전류변환기|NULL
Current to Pneumatic|전류 - 공기압 전환기 .|NULL
Curtain Plate|커튼판|갑판의 내다지 끝에 붙이는 테돌림 좁은 판
Cut Steel Plate|절단된 철판|NULL
Cutting Drawing|절단 도면(切斷圖面|NULL
Cutting Flame|절단염|금속재료를 가스로 절단할 때 사용하는 불꽃
Cutting Shoulder|절단 턱|가스절단에 잘린 윗쪽 모서리
Cutting Tip|절단 팁|NULL
Cutting Tip|절단팁|가스절단 토치 끝에 붙어 불꽃을 뿜는 화구
Cutting Tip|절단화구|가스절단에 사용되는 불꽃이 나오는 구멍
Cutting Tip|팁|가스용접이나 가스절단 토치 끝에 붙어 불꽃을 뿜는 금속(또는 세라믹)으로 된 화구
Cutting Torch|절단 토치|NULL
Cutwater|물가르개|물보라를 줄이기 위해 선수부에 붙이는 판재
Cyber Security|사이버보안|선박의 선상 정보 기술과 운항 기술 시스템은 육상 시스템과 마찬가지로 해킹에 취약함. 보안 침입은 선박, 항만, 해양시설 및 운송시스템의 안전과 보안에 위협을 끼치게 되므로 IMO는 해상 사이버 위험관리 지침서를 발간하는 등 산업계가 사이버 위험요인을 초기에 인지하여 방어할 수 있도록 지원함
Cyclic Digital Transmission|사이클릭 디지털 정보 전송|NULL
Cylinder|실린더|기계부품의 하나인 원통형의 용기
Cylinder Barrel|실린더배럴|실린더의 몸통
Cylinder Block|실린더블록|여러 개의 실린더를 하나의 덩어리로 만든 것
Cylinder Bore|실린더내경|실린더의 안지름
Cylinder CutOff Test|실린더 텃오프시험|임의의 실린더의 연료공급을 차단한 상태에서 디젤주기의 성능을 확인하는 시험
Cylinder Jacket Water Pump|실린더재킷 냉각수펌프|실린더 라이너와 실린더 사이에 냉각수를 순환시켜 주는 펌프
Cylinder Liner|실린더 라이너|실린더의 내측에 삽입되어 피스톤과 직접 접촉되는 원형 통
Cylinder Liner (Cyl. Liner|실린더 라이너|NULL
Cylinder Lubricating Pump|실린더윤활펌프|실린더와 라이너 사이에 윤활유를 공급하는 폄프
D mld (Moulded Depth|형(型) 깊이|NULL
D-HF|해상 디지털 HF 통신시스템|D-HF (Digital High Frequency), HF(단파 주파수) 대역을 활용하여 해상안전·보안 및 항해 관련 정보를 고속으로 송·수신할 수 있는 해상 디지털통신 시스템 (최대통달 거리 : 약 500∼1,000km, 최대속도 : 17.2kbps)
D/B ( Double Bottom|이중저(二重底|NULL
D/B W.B.T(Double Bottom Water Ballast Tank|이중저 발라스트탱크|NULL
DAMAGE CONTROL BOOK|보수서|NULL
DAMAGE STABILITY|손상 복원성|각 협약 및 코드에서 제시하는 손상조건에 따라 선박에 선측, 선저 등에 임의의 손상을 가정하여, 선박의 손상 후에도 충분한 복원성이 확보되는지 평가함. 각 협약에서 요구하는 평가 방법이 다양하며, 크게 2가지로 나누면, 결정론적 복원성(Deterministic Stability) 및 확률론적 복원성(Probabilistic Stability)로 평가 방법을 구분
DAMPER WINDING|난조 방지 권선|NULL
DAMPER WINDING|제동권선|NULL
DAP(Detailed Assembly Procedure|세부조립 절차서|NULL
DATA BASE|데이터 저장소|NULL
DAVID TRILOR RESEARCH CENTER|미해군 수조시험 연구소|NULL
DC|LRIT 데이터 센터|DC (Data Center), LRIT 데이터를 수집·저장하고 타 DC와 LRIT 데이터를 교환함. 모든 당사국 정부는 NDC(National LRIT Data Center), RDC(Regional LRIT Data Center) / CDC(Co-operative LRIT Data Center), IDC(International LRIT Data Center) 중 한 곳을 지정하여야 함
DC (Direct Current|직류(直流) 전류|NULL
DC Arc Welding|직류아크용접|직류전원에 의해 용접봉과 모재 사이에 아크를 발생시켜 용접하는 방법
DC MOTOR|직류 전동기|NULL
DC Motor|직류 전동기|NULL
DCFW (Double Continuous Fillet Welding|양면연속(兩面連續) Fillet 용접|NULL
DCRP(D.C Reversed Polarity|역극성(逆極性|NULL
DCSP(D.C Straight Polarity|정극성(正極性|NULL
DDP|LRIT 데이터 분배 계획|DDP (LRIT Data Distribution Plan), 각 당사국 정부의 LRIT 데이터 수신범위를 등록하고 관리함. DDP에 있는 각 국가의 지리적 영역 정보에 따라 항만국 또는 연안국으로서 자국 선박의 LRIT 데이터 정보를 원하는 타 국가의 DC로 전송함
DEAD SHIP CONDITION|데드쉽|복원성 취약 모드 중 하나이며, 선박이 엔진 고장을 일으켜서 파가 옆에서 올 때 대각도의 롤 발생하는 현상으로, 기존의 풍압에 따른 복원성 검토와 유사한 규정으로 실제 운동 해석을 통해 평가
DEADWEIGHT|재화 중량(톤)|NULL
DEADWEIGHT MEASUREMENT|재화중량 측정|NULL
DEBIT NOTE|차변표|NULL
DECIBEL|데시벨(소음 측정단위)|NULL
DECK|갑판|NULL
DEEPSLOT SQUIRRELCAGE INDUCTION MOTOR|심구 농형 유도 전동기|NULL
DEHUMIDIFIER|제습기|NULL
DELIVERY|인도|NULL
DELIVERY AGAINST PAYMENT|지불도 조건|NULL
DELIVERY ORDER|화물 인도 지시서|NULL
DELIVERY POINT|인도(입고) 요구장소|NULL
DEMAND DRAFT|환어음|NULL
DEMAND TYPE CODE|자재 소요 유형 CODE|NULL
DEPARTMENT OF TRADE|영국 통상성|NULL
DEPRATMENT OF TRANSPORTATION|미국 운수성|NULL
DESIGN LOAD WATER LINE|계획 만재 홀수선|NULL
DESIGN PRESSURE|설계 압력|NULL
DET NORSKE VERITAS|노르웨이 선급|NULL
DETAIL DRAWING|상세도면|NULL
DETAILED ASSEMBLY|상세작업요령서|NULL
DETAILED ASSEMBLY|작업시방서|NULL
DETAILED ASSEMBLY PROCEDURE|상세작업요령서|NULL
DETAILED ASSEMBLY PROCESS|작업시방서|NULL
DETERMINISTIC STABILITY|결정론적 복원성|MARPOL, IBC, IGC & ICLL 등에서 요구되는 손상 복원성 평가 방법으로 복원성 책자에 수록된 적재조건 또는 임의의 적재조건에서 각 협약 및 코드에서 제시하는 임의의 손상조건에서 요구 조건을 모두 만족해야 하는 복원성 평가 방법
DEUTSCHE INDUSTRIE NORMEN|독일공업규격|NULL
DEUTSCHES INSTITUT FUR NORMUNG|독일 국가 규격|NULL
DEW POINT|이슬점, 노점 (露點 )|NULL
DFT (Dry Film Thickness|건도막(乾塗膜) 두께|NULL
DGPS(Differential Global Positioning System|정밀위성항법 장치|NULL
DIAMETER|직경|NULL
DIELECTRIC LOSS|유전손|NULL
DIELECTRIC SUBSTANCE|유전체|NULL
DIESEL ENGINE GENERATOR|디이젤발전기|NULL
DIESEL GENERATOR|발전기|NULL
DIESEL OIL|디젤 연료유|NULL
DIESEL OIL TANK|디젤 탱크|NULL
DIFFERENTIAL COMPOUND|차동 복권|NULL
DIFFERENTIAL GAIN|미분 이득|NULL
DIFFERENTIAL GAIN/DIFFERENTIAL PHASE|미분 이득 / 미분 위상|NULL
DIFFERENTIAL GLOBAL POSITIONING SYSTEM|정밀 위성항법장치|NULL
DIFFERENTIAL PHASE|미분 위상|NULL
DIFFERENTIAL PHASE SHIFT KEYING|차분위상 시프트 키잉|NULL
DIFFERENTIAL PULSE CODE MODULATION|차분펄스 부호 변조방식|NULL
DIFFERENTIAL TRANSFORMER|차동 변압기|NULL
DIGITAL ANALOG CONVERTER|디지털 아나로그 변환기|NULL
DIGITAL SIGNAL PROCESSOR|디지털 신호처리 장치|NULL
DIGITAL VOLTMETER|디지털 전압계|NULL
DILUENT|희석제|NULL
DIMENSION|치수|NULL
DIN(Deutsche Industrie Normen|독일 공업규격|NULL
DIRECT CURRENT|직류|NULL
DIRECT CURRENT ELECTRODE NEGATIVE|정극성|NULL
DIRECT CURRENT ELECTRODE POSITIVE|역극성|NULL
DIRECT CURRENT GENERATOR|직류 발전기 ( 直流發電機 )|NULL
DIRECT CURRENT REVERSE POLARITY|직류 역극성|NULL
DIRECT CURRENT STRAIGHT POLARIRY|직류 정극성|NULL
DIRECT DIGITAL CONTROL|직접 디지털 제어|NULL
DIRECT NUMERICAL CONTROL|직접 수치 제어|NULL
DISTORTION FACTOR|왜율|NULL
DISTRIBUTED CONTROL SYSTEM|분산 제어 시스템|NULL
DISTRIBUTED CONTSOLED|보일러플랜트자동운전제어시스템|NULL
DISTRIBUTED CONTSOLED SYSTEM|보일러플랜트자동운전제어시스템|NULL
DISTRIBUTION AUTOMATION SYSTEM|배전자동화 시스템|NULL
DISTRIBUTION SUBSTATION|배전 변전소|NULL
DISTRIBUTION TRANSFORMER|배전 변압기|NULL
DLWL(Design Load Water Line|계획만재 흘수선|NULL
DMPT group|데이터모델 프로젝트팀|어떤 규칙에 따라 배열된 데이터의 집합체를 말함
DNV(Det Norske Veritas|노르웨이 선급(船級|NULL
DO ( Diesel Oil|디젤유|NULL
DOCKING SURVEY|입거 검사|NULL
DOCUMENT AGAINST ACCEPTANCE|인수도 조건|NULL
DOPPLER EFFECT|도플러 효과|NULL
DOT(Department of Trade|영국 통산성|NULL
DOT(Department of Transportation|미국 운수성|NULL
DOUBLE BOTTOM|선저 밑바닥|NULL
DOUBLE BOTTOM|이중저|NULL
DOUBLE BOTTOM WATER BALLAST TANK|선저 탱크|NULL
DOUBLE HETEROSTRUCTURE|더블 헤테로 접합|NULL
DOUBLE-SIDE SKIN SPACES|이중선체 공간|선체 하부 및 측면을 두 층의 강판으로 하는 구조로, 선체 외판이 파손되더라도 파손되지 않은 내판의 보호를 통하여 화물 또는 연료의 유출을 최소화할 수 있는 공간
DOWN PAYMENT|선수금|NULL
DPS ( Dynamic Positioning System|자동위치 유지장치|NULL
DRAFT|홀수|NULL
DRAIN HOLE|배수공|NULL
DRAIN HOLE|배수구|NULL
DRINKING WATER|마시는 물|NULL
DRIVING CHAIN|구동체인|NULL
DRIVING CHAIN SPROKET|구동체인 SPROCKET|NULL
DRIVING SHEEVE|구동쉬브|NULL
DRY BULB|대기온도 건조기|NULL
DRY FILM THICKNESS(μ)|건조된 도막 두께 ( ↔ WFT )|NULL
DSA(Direct Stability Assessment)|직접 복원성 평가|5가지 복원성 손실 모드를 물리적인 현상을 직접 수치 시뮬레이션 혹은 실험을 통하여 평가하는 방법
DSC|디지털 선택 호출장치|DSC (Digital Selective Calling), 선박에서 조난신호를 송수신할 수 있도록 하는 디지털 코드를 사용하는 기술로서 국제무선자문 위원의 관련 권고에 적합하여야 하며, VHF, MF, MF/HF, HF 무선통신장비에서 사용됨
DSQS (Daewoo Shipbuilding Quality Standard|대우조선 품질기준|NULL
DSV|잠수지원선|DSV (Diving Support Vessel), 각종 잠수를 위한 장비(감압 챔버, 잠수장비, 심해용 유압 장비, 다이빙벨, 크레인 등)를 장착하여 잠수부들을 지원하기 위한 목적으로 건조된 선박
DUMMY ACTIVITY NUMBER|임시공정번호(자재발주 시점에 실제 생산공정에 자재할당이 곤란하여 사용)|NULL
DUMPING FACTOR|제동 계수|NULL
DURATION|기간|NULL
DWT (Deadweight Tonnage|재화중량톤|NULL
DYNAMIC MODEL|다이나모|NULL
DYNAMIC POSITIONING SYSTEM|본선 위치 유지 시스템|NULL
Damage Repair|손상부위 수리|NULL
Damage Survey Report|손상조사 보고서|NULL
Damper Winding|난조 방지 권선|NULL
Damper Winding|제동권선|NULL
Danage Survey|손상검사|선박이나 화물의 손상 정도를 검사하는 것
Danaged Stability|손상후 복원성|배가 손상되어 어떤 구역이 침수되었을 때의 복원성
Dang|갱|하역장치들의 편성 단위 또는 작업조직의 단위
Dangerous Goods|위험물|국제해상위험물규칙(IMDG Code)을 적용받는 물질, 재료와 제품 등을 지칭하며 IMDG Code의 위험물목록에 수록됨
Dangerous Goods|위험물(危險物|NULL
Dangerous Space in a Tanker|탱커의 위험장소|가연성유류나 가스를 운송하는 탱커에서 폭발성 가스나 가연성 증기가 발생할 염려가 있는 장소
Data Collection|자료 모음|NULL
Data set|데이터 세트|어떤 규칙에 따라 배열된 데이터의 집합체를 말함
Datum Line|기준선(基準線|NULL
Davit|대빗|선박에서 단정이나 닻 등을 달아 올리는 굽은 지팡이모양의 양하설비
Davit|데빗|구명정, 앵커, 사다리 등을 올리거나 내릴 때에 사용되는 갑판에 설치된 권양 장치
Day Shift|교대근무시 야간근무|NULL
Day of Seafarer|선원의 날|2010년 STCW 마닐라 회의에서 ‘선원의 날’ 기념일이 신설되었으며, 전 세계 선원들의 노고를 기리기 위하여 2010년 국제해사기구(IMO)에서 제정한 날로 매년 6월 25일에 기념함
Db (Decibel|데시벨(소음측정값|NULL
Dead Flat|데드플랫|선체 평행부(Parallel Part)와 동의어
Dead Slow|최저속|적당한 시간 동안 주기가 낼 수 있는 최저회전수에서 배가 내는 속력
Dead Stock|사장재고(死藏在庫|NULL
Dead Weight : DWT|재화중량|만재흘수량에서 경하흘수량을 뺀 나머지 중량
Deadrise|선저 구배(船底勾配|NULL
Deadweight Measurement|중사시험(重査 試驗|NULL
Deadwood|데드우드|선박의 선미재와 용골이 연결되는 부분
Deaeration|탈기|수중에 용해된 공기를 제거하는 것
Deaerator|공기 분리기|NULL
Decca System|데카방식|한 곳의 주국과 세 곳의 종국에서 받는 전파를 수신하여 그 위상차로서 자기위치를 찾는 쌍곡선항법방식
Deceptive practices|기만적 관행|기만적 불법 관행의 사례로서 선박명 또는 선박의 IMO 식별번호를 물리적으로 변경하거나, 호출부호(call sign)의 변경, 선박자동식별장치(AIS)의 정보 누락, MMSI 번호의 변경 및 번호 조작을 한 경우가 있음. 또한, 자매선의 IMO 식별번호를 허위사용하거나, 허위정보로 새로운 IMO 식별번호를 부여받는 등 경우도 있음 AIS 및 IMO 식별번호 등은 선박의 안전한 항행에 필수적이며 해사안전 및 해상 보안에 있어 매우 중요한 요소이므로 이러한 기만적 관행을 방지하기 위한 대책을 논의하게 됨
Dechlorinating|탈염소(脫鹽素|NULL
Decision Making|의사결정(意思結定|NULL
Deck Beam|갑판 보|갑판 아래 일정한 간격으로 붙여진 종방향(Longitudinal) 또는 횡방향(Transvers)의 보강재
Deck Below|갑판(甲板)아래|NULL
Deck Block|갑판 블록|NULL
Deck Composition|데크 콤포지션|NULL
Deck Covering|갑판 피복(甲板被覆|NULL
Deck Crane|갑판 크레인|갑판 위에 설치되는 동력 기중기
Deck Decompression Chamber|선상가압실|가압된 잠수복 속의 잠수작업자를 서서히 정상상태로 회복시키기 위하여 갑판위에 설치된 내압구조실
Deck Exhaust Pipe|갑판 배기관|갑판기계에서 사용한 증기배기를 보일러로 되돌려보내는 파이프
Deck Fittings|갑판 의장품(艤裝品|NULL
Deck Girder|갑판 거어드|NULL
Deck Height|갑판높이|바닥(Base)에서 측정한 갑판의 수직높이
Deck Lighr|갑판유리|갑판 아래 공간의 채광을 위하여 갑판에 끼우는 두꺼운 유
Deck Load|갑판 적하물(積荷物|NULL
Deck Lomgitudinal|갑판 세로보|갑판 아래 세로방향으로 붙인 갑판보
Deck Longitudinal|갑판 종재(甲板縱材|NULL
Deck Machinery|갑판 기계(甲板機係|NULL
Deck Openning|갑판 개구부(開口部|NULL
Deck Passenger|갑판여객|노천갑판 상에 태우는 승객
Deck Pipe|갑판배관|갑판상에 설치되는 각종 배관
Deck Plan|갑판 구조도|NULL
Deck Plan|갑판 평면도|갑판의 구조배치가 표시된 평면도면
Deck Planer|목판대패|목갑판의 표면을 고르게 깎아주는 기계식 대패
Deck Plating|갑판|NULL
Deck Prism Light|갑판 프리즘|갑판유리와 같은 목적으로 갑판에 끼우는 채광 프리즘
Deck Scupper|갑판 배수구|상갑판의 양현에 설치된 배수구
Deck Side Line|갑판현측선|갑판 하면과 외판 내면이 만나는 선
Deck Stanchion|갑판 기둥|2층갑판 사이에 세워진 수직기둥
Deck Stopper|갑판 스토퍼|앵커체인이나 결박용 체인을 갑판 위에서 고정시키는 기구
Deck Store|갑판 창고|NULL
Deck Stowage|갑판 적재|NULL
Deck Stringer|갑판 스트링거|갑판을 구성하는 강판 중 현측(가장자리)에 까는 강판
Deck Under|갑판하부측|NULL
Deck Wash Pump|갑판청소 펌프|갑판 청소용 급수펌프
Deck Water Seal|갑판의 가스역류방지|NULL
Deck wetness|갑판침수|갑판의 일부분(선수의 노출갑판)이 파도를 맞아 물을 덮어쓰는 현상
Deckhouse|선실(船室|NULL
Declaration of Maritime Labour Compliance|해사노동적합선언서|2006년 해사노동협약의 규정 제5.1.3조에서 규정하는 선언으로 책임 당국이 작성하는 제1부 및 선박소유자가 작성하는 제2부로 구성되며, 제1부는 해사노동적합증서를 발급하기 위해서 검사되어야 할 항목 및 관련 규정 등을 식별하여 표시하며, 제2부는 검사에 적합함을 보장하기 위하여 제안된 조치를 식별하고 있는 선언서임
Declaration of Security (DOS)|보안선언서|항만시설 보안책임자와 선박 보안책임자 간에 지정된 보안 수준에 대응하여 이행하여야 하는 보안 조치를 나타내는 양해문서
Decorative Light|장식등(裝飾燈|NULL
Decreasing Piych Propeller|체감피치프로펠러|프로펠러 피치각이 날개뿌리에서 끝으로 가면서 차츰 감소하는 프로펠러
Deep Mixing Barge|심층혼합처리선|경화제를 혼입하여 해저연약지반을 개량하는 바지
Deep Sea Lead|심해측심추|깊은 바다에서 깊이를 측정할 때 사용하는 추
Deep Sea Lead|심해측연|180 내지 210미터 까지의 바다깊이를 측정할 수 있는  무게 12.6킬로그램 정도의 납에 줄을 달아놓은 장비
Deep Sounding Machine|심해측심기|깊은 바다에서 깊이를 측정하는 기계
Deep Tank|디이프 탱크|NULL
Deep-well Pump|탱크내부설치 펌프|NULL
Deepslot Squirrelcage|심구 농형 유도 전동기|NULL
Defect|결함(缺陷|NULL
Deficiency|결함|항만국통제 검사에서 결함이란, 인증검사 중 확인된 사항으로서 선원 근로관계 법령 및 해사 노동협약(MLC) 요건을 충족하고 있지 못하다는 것을 보여주는 객관적 증거가 발견된 경우를 지칭함
Definition|정의(定義|NULL
Deflection Anhle|처짐각|부재가 휘었을 때 휨 전 후의 축선 사이의 각도
Deflection Plate|반사판(反射板|NULL
Deformation|변형(變形|NULL
Deformation of Cargo Hatch|창구변형|선체변형으로 인한 화물창구의 모양이 변하는 것
Degaussing System|소자장치|자기기뢰를 피하기 위하여 함정주위를 감은 코일로 전류를 흘려 소자시켜주는 장치
Degradation|성능 저하(成能低下|NULL
Degreasing|탈지(脫脂|NULL
Dehumidifier|제습기(除濕機|NULL
Deicing|얼음떨기|레이더 안테나에 부착된 얼음을 떨어 내는 것
Delegation of Authority|권한 위임|일반적으로 권한의 귀속 자체 변경은 법적 근거가 필요함. 권한 대리와 주로 비교하여 설명되는데 권한 대리는 귀속 자체를 변경하지 않고 법적 근거가 필요 없는 행위로서 권한 위임과는 근본적으로 다름. IMSAS 수검에서는 정부의 권한을 위임받아 대행기관에서 검사를 수행할 때 동 용어를 사용함
Delete|삭제，취소(取消|NULL
Delivered Output|전달출력|전달동력과 동일
Delivered Power|전달동력|프로펠러에 전달되는 동력
Delivery|인도|주문받은 물건을 제작완료하여 주문자에게 넘겨주는 것
Delivery Lead Time|납품 소요기간|NULL
Demurrage|정선료(停船料|NULL
Demurrage|체선료|정박기간의 초과에 따르는 비용
Denunciation and Withdrawal|폐기 및 탈퇴|조약의 당사자들이 조약상 의무에서 벗어나기 위하여 일방적으로 행하는 법률행위로서, ‘폐기’는 양자조약에서 사용되며 ‘탈퇴’는 다자조약에서 사용됨
Deoxidation Practice|탈산방법(脫酸方法|NULL
Departure Condition|출항(出航) 컨디션|NULL
Deposit Metal|용착 금속(熔着金屬|NULL
Deposition|기탁|다자조약에 있어서 국가의 기속적 동의(가입·비준·수락·승인)를 표시하는 방식으로써, 양자조약과 달리 다수 국가 사이의 비준서 등 교환에서 오는 번거로움을 없애기 위해 수탁처(depositary)를 설정하고 여기에 비준서 등을 맡김
Depreciation|감가상각(減價償却|NULL
Depth of Hold|화물창깊이|내저판의 현측상면 부터 갑판의 현측하면 까지의 수직거리
Derating Exemption Certificate|구서(驅鼠) 면제증서|NULL
Derrick|데릭|선박의 하역에 쓰이는 양하장치
Derrick Boom|데릭붐|데릭포스트에 붙어 화물을 올리거나 내리는데 사용되는 붐
Derrick Post|데리크 기둥|NULL
Derrick Table|데릭테이블|갑판상 데릭장치가 설치된 대(플랫폼)
Desiccant|건조제(乾燥劑|NULL
Design Change|설계 변경(設計變更|NULL
Design Contractor|설계 계약업자|NULL
Design Criteria|설계 기준(設計基準|NULL
Design Details|설계 상세(設計詳細|NULL
Design Life|설계 수명|선박이 자체의 구조 강도를 유지하면서 선체구조 손상을 일으키지 않고 원래의 목적대로 서비스를 할 수 있는 기간. 선박의 실제 서비스 설계 수명은 운용조건이나 선박의 전 생애 주기 동안 유지, 보수 상태에 따라 다소 차이가 있음
Design Load|설계 하중(設計荷重|NULL
Design Model|설계모형(設計模型|NULL
Design Requirements for|설계 요구사항|NULL
Design Review|설계 검토(設計檢討|NULL
Design Standard (for|설계표준(設計標準|NULL
Design by Zone by Ship type|선형별/구획별 설계|NULL
Design for Production|생산을 고려한 설계|NULL
Designed Condition|설계조건(說計條件|NULL
Designed Load Draft (Td|계획만재 흘수|NULL
Destroyer|구축함(驅逐艦|NULL
Detachable|취외가능(取外可能)한|NULL
Detail Design|상세 설계(詳細設計|NULL
Detail Scheduling|소일정(小日程) 계획|NULL
Detector|검출기(檢出器|NULL
Detector|탐지기|물건의 존재나 사태의 발생을 찾아내는 기계
Detention|출항정지|항만국 통제 출항정지(Detention)는 외국적 선박에 대하여 항만국이 안전성을 점검하는 항만국 통제 점검 시, 발견한 중대결함 사항에 대하여 선박의 안전이 확보될 때까지 출항을 정지시키는 항만국이 취하는 간섭조치를 의미함
Detergent|계면활성제|NULL
Deutsches Institut fur|독일 국가 규격|NULL
Developed Area|전개면적|프로펠러의 날개윤곽선으로 둘러싸인 면적에 날개 수를 곱한 넓이
Developed Area|전개면적(展開 面積|NULL
Deviation|편차.이탈(偏差離脫|NULL
Deviation Alarm|편차경보|정확을 기하기 위해 설치한 여러 개의 컴퍼스 간의 방위차가 한도 이상으로 나타날 때 내는 경보신호
Diagonal Line|대각선(對角線|NULL
Dial Gauge|다이얼 게이지|기어장치로 미소변위를 확대하여 길이 각도 등을 나타내주는 계측기
Dial Switch|다이얼 스위치|회전식 스위치로 기계제어장치 등에 사용됨
Dial Thermometer|다이얼 온도계|회전바늘로 온도를 나타내는 온도계
Dialatometer|팽창계|물질의 팽창량을 측정하는 계기
Diamond Plate|다이아몬드 판|마름모꼴 판재로 두 부재가 ＋자형으로 교차할 때의 연결보강판으로 사용함
Diaphram Plate|다이아프램 판|파형격벽의 스툴 속에 설치되는 종방향의 보강판
Die Forging|형단조|금형에 가열된 재료를 넣고 금형모양대로 찍어내는 것
Diecasting|다이캐스팅|금형에 녹인 쇳물을 부어 압력을 가하면서 성형시키는 방법
Dielectric Loss|유전손|NULL
Dielectric Strength Test|절연내력시험|어느정도의 절연성이 있는가를 확인하는 시험
Dielectric substance|유전체|NULL
Diesel Electric Drive (Propulsion)|디젤전기추진|디젤기관으로 돌아가는 발전기가 내는 직류전기로 모터를 돌려 추진하는 배
Diesel Electric Propulsion|디이젤 전기추진|NULL
Diesel Generator|디젤발전기|디젤기관으로 돌아가는 발전기
Diesel Generator (D/G|디이젤 발전기|NULL
Diesel Oil|디젤유|원유정제시에 330℃에서 얻어지는 중유
Diesel Oil Settling Tank|에이중유세틀링탠크|A중유의 불순물을 침전시켜주기 위하여 머물게하는 탱크
Differential|미분 이득 / 미분 위상|NULL
Differential (Diff.) Pressure|차압(差壓|NULL
Differential Block|차동도르래|직경이 서로 다른 도르래를 조합하여 큰 힘을 내게하는 장치
Differential Compound|차동 복권|NULL
Differential Gain|미분 이득|NULL
Differential Phase|미분 위상|NULL
Differential Phase Shift|차분위상 시프트 키잉|NULL
Differential Pulse Code|차분펄스 부호 변조방식|NULL
Differential Transformer|차동 변압기|NULL
Difrector|디프렉터|물분사추진장치의 노즐방향을 좌우로 변환시켜 타의 역할을 맡는 장치
Digital Analog Converter|디지털 아나로그 변환기|NULL
Digital Signal Processor|디지털 신호처리 장치|NULL
Digital Voltmeter|디지털 전압계|NULL
Dihumidification|탈습|공기 중의 습기를 제거하는 것
Dihumidifier|탈습제|공기 중의 습기를 흡수하여 감소시켜주는 약재
Dimension|차원|공간 안에서 각 점을 지정하는 데 필요한 좌표의 수
Dimensional Control|치수 관리|NULL
Dimmer Switch|광도(光度)가감스위치|NULL
Dipper Bucket|디퍼버킷|흙과 모래를 굴착하여 올리는 입이 열린 버킷
Dipper Dredger|디퍼준설선|디퍼버킷으로 해저토사를 굴착하여 옆에 붙은 토사운반선에 실어주는 준설선
Direct Current|직류|NULL
Direct Current : DC|직류|전류의 세기와 방향이 항시 일정한 전류
Direct Digital Control|직접 디지털 제어|NULL
Direct Drive|직결구동|원동기와 직접 연결되어 운전하는 것
Direct Labor Cost|직접 노무비|NULL
Direct Numerical Control|직접 수치 제어|NULL
Direct Reversible Diesel Engine|자기역전디젤기관|캠축의 이동 등에 의해서 기관 자신을 역전시키는 장치가 있는 디젤기관
Direct Reversing Gear|직접역전장치|기관을 직접 역전시키는 장치
Direct action|직접청구권|강제보험요건에 따라 보험계약을 체결할 경우, 보험계약의 당사자는 보험자와 피보험자이기 때문에 피해자인 제3자는 보험계약의 당사자가 아니게 됨. 그러나 제3자를 보호할 필요성이 있는 경우도 있어 우리 상법(제724조 제2항)은 피해자에게 직접청구권을 인정하고 있음. 따라서 피해자인 제3자는 가해자인 피보험자와 책임보험자 중 누구에게나 청구를 할 수 있어서 유리하게 됨. 특히, 피보험자가 재정적으로 어려운 상태에 있는 경우에 피해자를 보호하는 큰 기능을 하게 됨 예를 들어, CLC PROT 1992 제7조 제8항은 “오염손해에 대한 배상의 청구는 오염손해에 대한 소유자의 책임을 위한 보험업자 또는 재정보증을 제공하고 있는 기타의 인을 상대로 직접 제기될 수 있다”라고 규정함으로써 피해자의 직접청구권을 명문으로 인정하고 있음
Direct current generator|직류 발전기 ( 直流發電機 )|NULL
Directional Control Valve|방향제어밸브|NULL
Director|살수기|소화호스 끝에 붙는 물뿌리개
Disassemble|분해(分解|NULL
Disconnection|분리(分離|NULL
Discrepancy|차이점(差異點|NULL
Disk Cutter|디스크커터|얇은 원판형의 절단공구
Dismantling|해체(解體|NULL
Dispensary|진료실|선내의사가 환자를 진료하는 방
Dispensary|진찰소(診察所|NULL
Dispensation|완화증서|주관청은 예외적으로 필요한 상황에서는 인명, 재산 또는 환경에 위험을 초래하지 아니한다고 인정하는 경우 전파통신 기사 또는 무선전화통신사에 관하여 관련 무선전신 규칙에 규정된 경우를 제외하고 특정 선원에게 그가 증명서를 소지하고 있지 아니한 여타의 자격으로 6개월이 초과하지 아니하는 특정 기간 특정 선박에 근무하도록 허용하는 증서를 지칭함. 그러나, 완화증서는 불가항력의 경우를 제외하고는 선장이나 기관장에게 수여될 수는 없으며 수여되는 경우라도 가능한 한 최단기간 동안만 발급됨
Displacement Curve|배수량곡선|배의 흘수에 대응하는 배수량을 나타낸 곡선
Displacement Tonnage|배수(排水) 톤수|NULL
Displacement Tonnage|배수량 톤|물에 떠있는 배의 수면 하 부피와 같은 물의 무게로 나타냄. 주로 군함과 특수목적선의 크기를 이것으로 나타냄
Display Unit|표시장치(表示裝置|NULL
Disposal of Garbage|폐기물의 처분|NULL
Distance Indicator|항적지시기|항해거리를 나타내 주는 기구
Distance Piece|틈메움쇠|두 물체 간의 간격을 일정하게 유지시켜 주는 중간조각
Distilled Water|증류수|증기를 응결시켜 얻은 청수
Distilled Water|증류수(蒸溜水|NULL
Distilling Plant|증류장치|증류복수기와 동일
Distortion|뒤틀림|NULL
Distortion|일그러짐|과대한 힘으로 발생하는 재료의 뒤틀림
Distortion Factor|왜율|NULL
Distress Message|조난통보|다른 배의 조난을 인지하고 즉시구조가 필요함을 통보하는 긴급통신
Distress Signal|조난신호|조난당한 선박이 다른 배나 육상으로 보내는 긴급구조신호
Distributed Control System|분산 제어 시스템|NULL
Distribution Automation|배전자동화 시스템|NULL
Distribution Board (D.B|분전반(分電盤|NULL
Distribution Substation|배전 변전소|NULL
Distribution Transformer|배전 변압기|NULL
Divergent Nozzle|발산노즐|목이 좁아졌다가 다시 넓어지는 끝을 가진 노즐
Dock Trial|계류 운전|NULL
Docking|입거|배를 독에다 넣는 것
Docking Bracket|도킹 브래킷|NULL
Docking Bracket|도킹브래킷|배가 독 바닥에 앉힐 때 하중을 분산시켜 선저가 상하지 않도록 일정간격으로 붙이는 브래킷
Docking Plan|반목 도면(盤木圖面|NULL
Docking Survey|입거 검사(入渠檢査|NULL
Docking Survey|입거검사|선급에 등록된 선박이 5년 이내에 최소한 두번 입거하거나 선대에 상가하여 받는 검사
Dog Shore|멈춤지주|활주대진수장치에서 활주대가 미끄러지는 것을 방지하기 위하여 활주대와 고정대 사이에서 버텨주는 지주
Dog-Shore 【|조선】(진수할때까지배를떠받치는)버팀기둥|NULL
Domestic Vessel|내항선|국내 항로에서만 운항하는 선박
Donkey Boiler|보조(補助) 보일러|NULL
Donkey Man|정박당직자|정박중의 기관실 당직자
Door Mat|문매트|문앞에 까는 신발 바닥닦기 매트
Door Sill|문지방(門地枋|NULL
Doppler Effect|도플러 효과|NULL
Doppler Log|도플러로그|수중에서 초음파의 도플러효과를 이용하여 선박의 상대속도와 항적을 측정하는 장치
Doppler Soner|도플러소너|수중에서 초음파의 도플러효과를 이용하여 선박의 각 방향의 상대속도와 항적을 측정하는 장치
Dotted Line|점선(点線|NULL
Double Acting Engine|복동기관|왕복동기관에서 피스턴의 양쪽에서 교대로 가스나 증기압을 작동시켜 움직이는 기관
Double Air Compressor|이단공기압축기|완복동식 압축기에서 저압과 고압의 두 실린더를 직열로 연결하여 압축된 공기를 얻는 공기압축기
Double Bevel|이중 개선(二重開先|NULL
Double Bottom|선저 밑바닥|NULL
Double Bottom|이중저|이중으로 구성된 선저
Double Bottom Construction Profile|이중저구조도|이중저부분을 선체중심선에 따라 종방향으로 절단한 구조를 나타내는 도면
Double Cylinder Engine|쌍기통기관|실린더가 두 개인 기관
Double Ender|쌍두선|선수미에 각각 추진기가 붙어서 어느 쪽으로도 추진이 가능한 선박
Double Fillet Weld|양면 필렛용접|NULL
Double Heterostructure|더블 헤테로 접합|NULL
Double Hull|이중 선체(二重船體|NULL
Double Hull|이중선각|선각이 두 겹으로 구성된 구조(선저와 선측만 두 겹임)
Double Insulation|이중절연|충전부와 사람이 접촉할 염려가 있는 비도전금속부와의 사이에 기능절연과 보호절연을 같이 시공하는 것
Double Plate Rudder|복판타|주강이나 단강으로 타 골격을 구성하고 양면에 강판을 용접하여 붙인 타
Double Reduction Gear|이단감속장치|감속비가 큰 경우에 2단으로 감속시켜 원하는 회전수를 얻게 하는 감속장치
Double Skin Construction|이중선체(S/Shell)구조|NULL
Double-J Groove Joint|양면 제이(J)이음|맞대기 용접 이음에서 한쪽부재는 개선하지 않고 다른 부재의 끝만 양면으로 J개선하여 용접하는 이음방식
Doubling|덧댐|선체의 강도와 수밀성을 높이기 위해 대는 덧판
Down Light|국부(局部) 조명등|NULL
Down Stroke|하향행정|수직형왕복기관에서 피스톤이 아래로 움직이는 행정
Down-Hand Welding|아래보기 용접|NULL
Downstream|후속공정(後續 工程|NULL
Downton Pump|다운톤 펌프|손으로 돌리는 크랭크식 펌프로 갑판청소 등에 사용됨
Draft Gauge|통풍계|통풍력의 세기를 나타내는 계기
Draft Gauge|흘수계(吃水計|NULL
Draft Ladder|흘수사다리|흘수를 읽기 위해 현측에 다는 사다리
Draft Marks|흘수표(吃水標|NULL
Draft Stop|통풍막이판|NULL
Draft 【|항해】(배의)흘수(吃水)⇒<흘수(吃水):(물에 뜬 배의)선체(船體)가 물에 잠기는 깊이>|NULL
Drafting Group|초안작업반|초안작업반에서는 논의 내용에 관한 구체적인 토의보다, 완성도 있는 결의서 및 협약 제·개정을 위한 자구 수정 등을 중점적으로 논의함
Draftsman|제도사|제도를 전문으로 하는 기술자 또는 기능사
Drag|드래그|가스절단면에서 절단기류의 입구점과 출구점 사이의 수평거리(처짐)
Drag Head|드래그헤드|준설토흡입관 끝에 달린 토사수 흡입장치
Drag Suction Hopper Dredger|드래그석션준설선|항주하면서 해저의 토사를 드래그헤드를 통하여 펌프로 빨아올려 머드박스에 저장하는 준설선
Dragging|드래깅|좁은 수역이나 조류가 빠른 곳에서 닻을 던져 닻이 해저에서 끌리는 저항력을 이용하여 유동을 억제하는 것
Drain Pipe|드레인 관|드레인을 뽑아내는 유출관
Drain Trap|드레인 트랩|NULL
Drainage System|배수(排水) 장치|NULL
Draw-off Hold Back Gear|장력조절기|케이블윈치로 케이블을 감아들일 때 케이블에 과도한 장력이 걸리지 않도록 조절하는 장치
Drawing Issue Schedule|도면출도 일정계획|NULL
Dreadnaught|초대형전함|영국의 역사적인 전함 'Dread Naught의 이름을 딴 것으로 전투력이 매우 강한 전함과 순양전함의 총칭
Dredge Flow Meter|준설토사수유량계|준설토사수의 유량을 측정하는 계기
Dredge Pump|준설펌프|하천이나 항만의 바닥을 파는 데 사용하는 강력한 펌프
Dredger|준설선(浚渫船|NULL
Dredging Defth Meter|준설심도계|준설시의 수심을 계측하는 계기
Dredging Pipe|준설관|준설흡입관과 준설토관으로 구성되는 배관
Dresser Coupling|드레서 카플링|NULL
Drift Angle|편류각|선체중앙선과 선체운동 방향선이 이루는 각
Drifter|유망어선|유망을 사용하여 조업하는 어선
Drifting Fish Aggregation Devices (DFADs)|부유식 집어장치|어업 방법의 하나로 해양생물을 유인해 대량으로 포획하기 위해 띄워놓는 부유물을 지칭함. dFAD는 스티로폼 등의 물질로 만든 도구로, 어선들이 바다에 띄워놓으면 해양생물들이 이것을 피난처라고 생각해 모여들고 모여든 해양생물들 주위로 그물들 둘러 전체를 퍼 올리는 방식으로 주로 참치를 대량 포획하기 위해 사용됨. 최근 해양 플라스틱 쓰레기의 주범으로 지목되고 있음 < 출처: 그린피스 코리아 >
Drill|드릴|재료에 구멍을 뚫는 공구
Drill Machine|드릴머신|드릴을 부착하여 구멍을 뚫는 공작기계
Drilling Barge|바지형굴착선|해저굴착장비를 갖춘 무동력 부선
Drilling Rig|시추선(試錐船|NULL
Drilling Tender|시추보급선|굴착보급선과 동의어
Drinking Water Fountain|냉식수기(冷食水器|NULL
Dripproof|방적형(防滴形|NULL
Driptray|기름(물) 받이|NULL
Driven Wheel|피동바퀴|톱니바퀴나 벨트 풀리(Belt Pully) 등에서 구동바퀴로부터 동력을 전달받아 움직이는 바퀴
Drop|선수침하|경사선대 진수시 선체가 자유부양하는 순간에 반동으로 일어나는 선수부의 침하현상
Drop Chisel Winch|중추윈치|쇄암용 중추를 달아올리는 윈치
Drop Test|낙하시험|물체를 낙하시켜 충격강도를 확인하는 시험
Dry Cargo|건화물|건조한 화물의 총칭
Dry Powder Fire Extinguisher|분말소화기|미세분말을 유체처럼 덮히게 하기 위하여 화학처리된 소화분말이 들은 소화기
Dry Provision Store|건조 식량고|건조한 식량만을 저장하는 창고
Drydocking|입거(入渠|NULL
Drying Tumbler|세탁물 건조기|NULL
Dual Duct|쌍덕트|찬 공기와 바깥 공기를 두 개의 덕트에 흐르게 하여 각방에 고르게 섞어 보내는 냉방방식
Dual Fuel Engine|이중연료기관|두 가지 연료(가스와 중유)를 사용할 수 있는 기관
Ductility Test|연성시험(延性 試驗|NULL
Due Date Priority Rule|납기우선순위 규칙|NULL
Dumbwaiter|주방의 소형승강기|NULL
Dummy Activity|명목상(名目상) 활동|NULL
Dumping Condenser|과잉증기 응축기|NULL
Dumping Factor|제동 계수|NULL
Duplex Filter|복식(復式) 여과기|NULL
Duralumin|듀랄루민|Mg 0.5%를 포함한 Al-Cu-Mg계의 합금으로 가볍고 강도가 높아 항공기의 기체구조재료로 사용됨
Duration|기간(期間|NULL
Dust Collector|집진기(集塵機|NULL
Dutility|연성|재료가 하중을 받아 파단될 때까지 늘거나 줄어들 수 있는 기계적 성질
Duty Cycle|사용률|단속부하의 사용상태에서 전체의 시간에 대한 통전시간의 비율을 퍼센트로 표시한 것
Dye Penetrant Inspection|염료(染料) 침투시험|NULL
Dynamic Balance Test|동적 평형시험|NULL
Dynamic Balancing|동적 평형(動的平衡|NULL
Dynamic Model|다이나모|NULL
Dynamo Engine|발전용기관|발전기를 구동하는 원동기
Dynamometer|동력계|원동기의 동력을 측정하는 계기
E&T Group|편집기술작업반|E&T Group (Editorial and Technical Group), IMSBC Code의 개정에 관한 CCC 전문위원회 하부의 실무작업반. IMSBC Code의 단순 편집오류 및 오타 수정을 검토하는 것 이외에도 좀 더 기술적인 사항에 대해서 논의하여 개정안을 마련함. 격년으로 매 2회(상반기, 하반기 각 1회) 개최됨
E/I ( Erection Inspection|탑재검사(搭載 檢査|NULL
E/Rm Arr't (Engine Room Arr't|기관실 배치도|NULL
EARLY FINISH DATE|조기작업 완료일|NULL
EARLY START DATE|조기작업 착수일|NULL
EARTH LEAKAGE BREAKER, GROUND FAULT|누전 차단기|NULL
EARTH; GROUNDING|접지선|NULL
EBRD|유럽부흥개발은행|EBRD (European Bank for Reconstruction and Development), 소련의 붕괴로 유럽 지역의 민간경제 활성화를 위해 1991년 설립된 유럽 지역 은행이며 본부는 런던에 있음
ECA|배출통제구역|ECA(Emission Control Area), 대기오염물질 배출을 제한하는 구역으로 크게 황산화물 배출을 제한하는 구역인 SECA(SOx Emission Control Area)와 질소산화물 배출을 제한하는 구역인 NECA(NOx Emission Control Area)로 구분됨. SECA는 2015년부터 북미지역과 북해 및 발트해 지역에서 시작되어 신조 및 운항 선박 모두 적용 대상이며, NECA는 2016년 북미지역을 시작으로 2021년 1월 1일 때부터는 북해 및 발트해 지역까지 확대될 예정이며, 신조 선박만을 대상으로 규제함 < 출처 : DNV-GL >
ECDIS|전자해도 표시시스템|ECDIS (Electronic Chart Display and Information System), 선박의 항해와 관련된 정보, 즉, 해도 정보, 위치정보, 선박의 항로, 속력, 수심 자료 등을 종합하여 스크린에 도식하는 시스템으로서 선박의 위치확인, 최적 항로 선정, 좌초 및 충돌 예방 조치를 신속하고 안전하게 수행하기 위한 항해 장비 < 출처: JRC 홈페이지 >
ECDIS (Electronic Chart Display and Information system|전자해도(電磁海圖) 시스템|NULL
ECHO|초음파 검사법|NULL
ECP (Electric Cable Pipe|파이프 전로(電路|NULL
ECR (Engine Control Room|기관제어(機關制御)실|NULL
ECS (Electronic Chart System|간이전자해도 시스템|NULL
EDDY CURRENT|와전류|NULL
EDDY CURRENT TEST|와전류 탐상검사|NULL
EDI|전자자료교환|Electronic Data Interchange, 데이터를 효율적으로 교환하기 위해 지정한 데이터와 문서의 표준화된 정보전달 방식으로, UN/EDIFACT, XML 또는 기타 표준화된 파일형식을 사용하여 합의된 통신 표준에 따라 데이터를 교환함
EEDI|선박에너지효율설계지수|EEDI(Energy Efficiency Design Index), 선박을 건조할 때 선박의 에너지효율을 지표화하기 위한 지수이며, 1톤 화물을 1해리 운송할 때 배출되는 CO 2 배출량(g)을 나타냄.
EEOI|에너지효율운항지수|EEOI(Energy Efficiency Operational Indicator), 선박에너지 효율관리계획서에 따라 에너지효율 향상을 위하여 현재 운항 선박의 실제 연료소비율을 모니터링할 수 있는 도구로 1톤의 화물을 1해리 운송할 때 배출되는 이산화탄소의 양을 의미함.
EEXI|현존선 에너지효율지수|EEDI(Energy Efficiency Existing ship Index), EEDI와 동일하게 선박의 에너지효율을 지표화하기 위한 지수이며, 계산방식도 EEDI와 동일하나 선박을 건조할 때 계산해야 하는 EEDI와 달리 EEXI는 현존선박에 적용하는 개념임. 초기전략 채택 이후 일본에서 처음으로 EEXI를 제안하였으나, ’20년 5월 기준으로 아직 EEXI 활용한 현존선 에너지효율 규제 도입 여부가 결정되지는 않았으나 앞으로 현존선 효율 규제 중 하나로 사용될 것으로 보임
EFFECTIVE HORSE POWER|유효 마력|NULL
EFFECTIVE ISOTROPICALLY RADIATED POWER|실효 등방 방사 전력|NULL
EFFECTIVE RADIATION POWER|실효 방사 전력|NULL
EGC|집단호출제도|EGC (Enhanced Group Calling system), 전 해역 또는 특정 해역의 항행경보, 기상경보와 기상예보 및 육상대 선박의 조난경보를 자동 수신하는 장치
EGCS|배기가스 정화 시스템(스크러버)|EGCS(Exhaust Gas Cleaning System), 배기가스 정화 시스템으로서 일명 스크러버라고 불림. 저유황유 사용을 대신하여 엔진에서 연소한 배기가스 중 황산화물을 줄이는 기술(MARPOL Annex 4 규칙에 따라 저유황유를 사용하는 것과 동등 물로 분류됨)로서 해수를 이용하여 SO2 및 SO3를 줄임. 세정 배출수의 배출허용 가능 여부에 따라 Open(개방), Closed(폐쇄) 및 Hybrid(통합형)로 나뉨 < 출처 : DNV-GL >
EGCS wash water|스크러버 배출수|EGCS wash water는 배기가스 정화 시스템을 통과하고 나오는 세정수로 EGCS 지침서에 따라 pH, PAH(polycyclic Aromatic Hydrocarbons), NTU(Nephlometric turbidity units) 및 Nitrate(상시 모니터링 제외)를 배출허용 기준치 이하로 관리함
EGW( Electro Gas Welding|일렉트로 가스용접|NULL
EHP (Effective Horse Power|유효마력(有效馬力|NULL
EHS|위해성 평가 작업반|EHS (Working Group on the Evaluation of Hazards of Harmful Substances carried by Ships), 선박운송 유해물질의 위해성을 평가하는 작업반
ELECTRIC CABLE PROTECTION|전기용 전선 보호|NULL
ELECTRIC ENERGY|전력량|NULL
ELECTRIC FLUX)|전속|NULL
ELECTRIC POTENTIAL|전위|NULL
ELECTRIC POWER|전력|NULL
ELECTRIC POWER SUBSTATION|변전소|NULL
ELECTRICAL DISCHARGING MACHINING|방전 가공|NULL
ELECTRO COATINGS|전착 도료|NULL
ELECTRO GAS ARC WELDING|일렉트로 가스 용접|NULL
ELECTRO MAGNETIC INTERFERENCE|전자판 방해|NULL
ELECTRO MAGNETIC SPEED LOG|전자기 함속 속도 측정기|NULL
ELECTRO PNEUMATIC CONVERTER|전기 공기압 변환기|NULL
ELECTRO SLAG WELDING|일렉트로 슬랙 용접|NULL
ELECTROCARDIOGRAM|심전도|NULL
ELECTROLUMINESCENCE|전자 발광|NULL
ELECTROLYTIC CONDENSER|전해 콘덴서|NULL
ELECTROMAGNETIC COMPATIBILITY|전자적 적합성|NULL
ELECTROMAGNETIC FIELD|전자장|NULL
ELECTROMAGNETIC FORCE|전자력|NULL
ELECTROMAGNETIC INDUCTION|전자 유도|NULL
ELECTROMAGNETIC INTERFERENCE|전자기 방해|NULL
ELECTROMOTIVE FORCE|기전력|NULL
ELECTRON BEAM MACHINING|전자 빔 가공|NULL
ELECTRON BEAM WELDING|전자빔 용접|NULL
ELECTRON SPIN RESONANCE|전자 스핀 공명|NULL
ELECTRONIC COMMERCE|전자 상거래|NULL
ELECTRONIC CONCENTRATED ENGINE CONTROL|전자 집중 엔진제어 시스템|NULL
ELECTRONIC INDUSTRIAL ASSOCIATION|미국 전자 공업회|NULL
ELEVATION|측면도|NULL
ELONGATION|연신율|NULL
EMERGENCY CONTROL CONSOLE|비상 제어판|NULL
EMERGENCY POSITION INDICATING RADIO|비상용 위치표시 무선장치|NULL
EMERGENCY POSITION INDICATING RADIO BEACON|비상 조난 위치 표시 및 발신기|NULL
EMERGENCY SHUTDOWN|비상 차단|NULL
EMERGENCY SWITCH BOARD|비상 배전반|NULL
EMITTER COUPLED TRANSISTOR LOGIC|이미터 트랜지스터 논리회로|NULL
ENERGY MANAGEMENT SYSTEM|중앙 급전 시스템|NULL
ENGINE CONTROL ROOM|기관 제어실|NULL
ENGINE OPERATING STATION|기관 통제실|NULL
ENGINE ROOM|기관실|NULL
ENGINE SUB CONTROL ROOM|기관 보조 제어실|NULL
ENGINEERING WORK STATION|공학용 고성능 컴퓨터를 일컫는 말|NULL
ENGINEMAGNET|무정전 전원장치의 한 방식|NULL
ENVIRONMENTAL ASPECTS IN PRODUCT STANDARDS|제품 규격의 환경적 측면|NULL
ENVIRONMENTAL AUDITING|환경 감사|NULL
ENVIRONMENTAL LABELLING|환경 라벨링-환경 마크|NULL
ENVIRONMENTAL MANAGEMENT SYSTEM|환경 관리 체계|NULL
ENVIRONMENTAL PERFORMANCE EVALUATION|환경 성능 평가|NULL
ENVIRONMENTAL PROTECTION AGENCY|미국 환경청|NULL
ENVIRONMENTALLY SOUND AND SUSTAINABLE DEVELOPMENT|환경이 건강하게 지속될수 있는 개발|NULL
EPIRB|비상위치지시용 무선표지설비|EPIRB (Emergency Position Indication Radio Beacon), 선박 사고 시 구조 및 수색 작업이 수월하도록 조난자의 위치를 자동으로 송신하는 장치로서 406MHz 주파수를 이용하여 Cospas-Sarsat 위성에 조난신호를 발송함
EPIRB(Emergency Position Indicating Radio Beacon|비상 조난위치 발신기|NULL
EPL (EngPoLi)|엔진출력제한|EPL(Engine Power Limitation), 선박 온실가스 감축을 위하여 엔진 출력을 제한하는 저감 조치로 현존선박이 선박 교체 및 에너지효율저감장치 설치 등의 추가적인 투자 없이 즉시 적용할 수 있는 감축 수단. EngPoLi 라고 칭하기도 함
EPM ( Electro Photo Marking|전자사진 마아킹|NULL
EQUAL|동일하다. 같다.|NULL
EQUAL ANGLE|등변 형강재(산형재)|NULL
EQUASIS|유럽선박정보시스템|선박의 안전과 품질에 관한 투명성 정보(PSC, 선급 등 통합정보)를 보장하기 위한 비영리 정보 데이터베이스 시스템임. 감독위원회, 편집위원회, 운영부 그리고 기술부로 구성되며 우리나라는 2009년부터 참여. 회원국은 대한민국, 브라질, 캐나다, 프랑스, 영국, 노르웨이, 일본, 미국, 스페인, EMSA임 홈페이지: http://www.equasis.org
EQUIVALENT CIRCUIT|등가 회로|NULL
EQUIVALENT DIRECT RADIATION|상당 방열 면적|NULL
ERECTION|탑재|NULL
ERW (Electric Resistance Welding|전기저항 용접|NULL
ESBD(Emergency Switchboard|비상 배전반|NULL
ESPH|화학물질의 위해성 및 오염성 평가 작업반|ESPH (Working Group on the Evaluation of the Safety and Pollution Hazards of Chemicals), PPR 산하에 있는 화학물질의 위해성 및 오염성 평가를 하는 작업반
EST (Early Start Time|최조(最早)개시시기|NULL
ESTIMATED TIME OF ARRIVAL|도착 예정시간|NULL
ESTIMATED TIME OF DEPARTURE|출발 예정시간|NULL
ETA|도착예정시각|Estimated time of arrival (ETA), 도선사 승선 지정 구역 또는 항만 규정에 의한 특정한 지역에 선박이 도착하는 예정시간
ETA(Estimated Time of Arrival|도착예정 시간|NULL
ETD(Estimated Time of Departure|출발예정 시간|NULL
EU MRV|EU MRV|유럽연합 영해 항만 입항 선박의 연료유 사용량, 운항 시간, 운항 거리, 화물 운송량 등을 수집하여 선박 온실가스 배출현황 및 감축 활동의 정량적인 평가를 하기 위한 제도로, 2018년 1월부터 EU 회원국의 항만에 입항하는 총톤수 5,000톤 이상의 모든 선박이 대상임. IMO DCS와 유사한 제도이나 EU MRV는 화물 운송량을 수집하지만 IMO DCS는 화물 운송량을 수집하지 않음
EUROPEAN COMMUNITIES|구주공동체|NULL
EUROPEAN UNION|구주 동맹|NULL
EX. WORKS|공장 인도조건|NULL
EXCESSIVE ACCELERATIONS|과도한 복원가속도|복원성 취약 모드 중 하나이며, GM(선박의 수직방향 무게중심 위치를 표시하는 수치)값이 높아 파랑중 복원력에 과도한 가속도가 수반되어 화물이 이탈하는 현상으로, 무게중심 높이 값이 타 선박 대비 높아서 파도에 의한 선박의 횡요 운동 시 복원력에 과도한 가속도가 발생하여 화물 등이 선외(배 밖)으로 이탈되는 현상 등을 일으키는 모드
EXCITER|여자기|NULL
EXCITING CURRENT|여자 전류|NULL
EXHAUSED GAS BOILER|폐기 보일러|NULL
EXHAUST GAS|폐출 개스|NULL
EXPLOSION|방폭전기기기의 구조별표시방법|NULL
EXPLOSION - GRADE|방폭형 전기기기 표시기호|NULL
EXPLOSION - TEMP|방폭전기기기 최고표면온도|NULL
EXPLOSION PROVE|방폭형|NULL
EXTREME ULTRAVIOLET RADIATION|극자외선|NULL
Earth Connection|접지(接地|NULL
Earth Detector|누전검출기|전기기기의 누전발생을 검출하는 계측기
Earth Fault|전기 누전(漏電|NULL
Earth Lamp|누전 검출등|NULL
Earth Leakage Breaker,|누전 차단기|NULL
Earth Wire|접지선|전기회로나 전기기기를 대지와 연결시켜주는 전선
Earth; Grounding|접지선|NULL
Earthened Distribution Systrem|접지식배선방식|이상전압으로 인한 기기나 선로의 고장을 방지하기 위하여 발전기나 변압기의 중성점을 접지하여 배선하는 방식
Eccentric Load|편심하중|물체중심에서 벗어난 위치에 가해지는 하중
Eccentric Reducer|편심 레듀샤|NULL
Eccentric Wheel|편심륜|왕복동기구의 크랭크축에 연결되어 편심운동을 일으키는 부분
Eccentricity|편심(偏心|NULL
Echo Sounder|음향 측심기(測深器|NULL
Echo Sounding|음향측심|배에서 발사한 음파가 해저에서 반사되어오는 시간 또는 시간의 차이를 비교하여 수심을 측정하는 방식
Economic Order Q'ty(EOQ|경제적 주문량|NULL
Economical Speed|경제 속도(經濟速度|NULL
Ecpansion Stroke|팽창행정|내연기관에서 연료연소 후 가스가 팽창되는 행정
Eddy Current|와전류|NULL
Eddy Making Resistance|와류저항|선박이 항주할 때 선체주위의 유체운동에서 생기는 와류로 인한 저항
Edge Joint|변두리이음|두 부재의 겹친 끝면을 함께 용접하는 이음
Edge Joint Welding|변두리이음용접|변두리 이음형식의 용접
Edge Preparation|개선 가공(開先加工|NULL
Edge Preperation|끝가공|용접을 위하여 모재의 모서리를 적당한 경사로 다듬는 것
Edge Welding|변두리 용접|NULL
Eductor|이덕터|이젝터와 같은 작용으로 빌지를 흡입 배출하는 기구
Effective Capacity|유효 능력(有效能力|NULL
Effective Deck|유효갑판|강력갑판의 아래쪽에 있는 선체종강도 구성부재가 되는 갑판
Effective Hosepower : EHP|유효마력|유효동력과 같음
Effective Isotropically|실효 등방 방사 전력|NULL
Effective Lrngth of Weld|유효용접길이|비드의 출발점이나 종료점에 나타나는 크레이터등 용착이 불완전한 부분을 제외한 용접 길이
Effective Power|유효동력|배가 저항을 이기고 어느 정도의 속력을 내면서 항해하는데 필요한 동력
Effective Radiation Power|실효 방사 전력|NULL
Effective Sectional Area|유효 단면적|NULL
Effective Throat|유효 각목(熔接脚目|NULL
Effective Throat Thickness|유효목두께|용접단면에서 비드나 필릿의 솟아있는 살돋움 부분을 포함하지 않은 목두께
Efficiency|효 율(效率|NULL
Efficiency|효율|실제로 수행한 일량을 소모한 총 일량으로 나눈 비
Ejector|이젝터|노즐에서 고속으로 분출되는 유체속도에너지를 압력으로 변화시켜 다른 유체를 흡입하는 데 쓰는 기구
Elastic After-effect|탄성후기효과|항복점 이상의 응력으로 생겼던 영구변형이 시간이 지남에 따라 점차로 사라지는 현상
Elastic Coupling|탄성커플링|입력축의 토크변동을 탄성체에 의하여 흡수하여 출력축으로 동력을 전달하는 장치
Elastic Deformation|탄성변형|탄성범위 안에서 생기는 변형
Elastic Stability|탄성안전성|어떤 구조물이나 부재에 외력이 가해질 때 좌굴이 일어나지 않고 탄성범위 안에서 안정 평형상태를 유지하는 성질
Elastic Stress|탄성응력|탄성범위 안에서 일어나는 응력
Elastic Vibration|탄성진동|탄성범위 안에서 일어나는 진동
Elasticity|탄성|어떤 물체에 외력에 의하여 생긴 변형이 외력이 제거되면 완전히 사라져 원상으로 돌아가는 성질
Electric Arc Welding|아크 용접|NULL
Electric Brazing|전기브레이징|전열을 이용한 경납땜
Electric Draft Gauge|전기식흘수계|선수와 선미의 흘수를 감지하고 동시에 평균흘수나 배수량 등을 계측하는 장치
Electric Energy|전력량|NULL
Electric Flux)|전속|NULL
Electric Ignition Engine|전기점화기관|가솔린기관 처럼 실린더 내의 연료에 전기 스파크로 점화하여 연소시키는 방식의 기관
Electric Load Analysis|전기부하 분석|NULL
Electric Potential|전위|NULL
Electric Power|전력|NULL
Electric Power Substation|변전소|NULL
Electric Propeller Shaft Revolution Indicator|전기식프로펠러회전계|프로펠러 축의 분당회전수와 회전방향을 원격지시하는 계기
Electric Protection|전기방식법|선체표면에 전류를 흘려서 부식을 방지하거나 줄이는 방법
Electric Radiator|전기방열기|전력으로 발열하는 방열기
Electric Resisrance Welding|전기저항용접|전기의 접촉저항을 이용하여 용접부를 가열시키면서 접촉부에 압력을 가하여 용접하는 방법
Electric Rudder Angle Indicator|전기식타각지시기|타의 방향과 각도를 원격 지시하는 장치
Electric Safety Lamp|전기안전등|전지식 핸드램프로 세 시간 점등가능한 승인된 형식의 등기구
Electric Shock|감전(感電|NULL
Electric Smoke Indicator|전기식매연지시기|보일러 등에서 불완전연소로 발생되는 연기의 색과 농도를 광도에 의해 측정하는 전기장치
Electric Steel|전기로강|전기로에서 정련된 철강
Electric Steering Engine|전동조타기|전동기로 쿼드런트를 돌려 기계적으로 타를 움직이는 장치
Electric Steering Telegraph|전기식조타텔리그래프|선미루갑판이나 조타기실과 조타실 사이에서 조타기의 조작에 대하여 명령 응답하는 통신장치
Electric Thermostat|전기식온도조절기|전기적 특성을 이용하여 온도에 따라서 전력을 차단하거나 공급하게 만든 장치
Electric Welding|전기용접|전기적 발열현상을 이용하는 용접방식의 총칭
Electric Winch|전동식윈치|전동기로 작동되는 윈치
Electric Windlass|전동식윈드러스|전동기로 작동되는 윈드러스
Electrical Discharging|방전 가공|NULL
Electrical Installation|전장설치공사|NULL
Electrical Work|전장 공사(電裝工事|NULL
Electro-Hydraulic System|전동유압장치|NULL
Electro-Magnetic Log(E.M Log|전자식 선속측정장치|NULL
Electro-Technical officer|전자기관사|STCW Code의 섹션A-III/6에 따라 상선의 항해 장비 및 갑판 기기를 포함한 전기·전자 및 자동제어 설비·시스템의 유지·점검· 보수관리·수리 등의 업무를 수행하는 선박직원을 의미
Electro-hydraulic Steering Gear|전동유압식조타장치|전동유압펌프에서 나오는 유압을 이용하여 조타하는 장치
Electro-slag Welding|일렉트로 슬래그 용접|슬래그의 저항열에 의하여 용융된 슬래그와 용융금속이 용접부에서 흘러나오지 못하게 둘러 싼 용융 풀에 용접봉을 연속적으로 공급하여 위로 진행시키는 용접법
Electrocardiogram|심전도|NULL
Electrode Holder|용접 호울더|NULL
Electrode Tip Holder|팁 홀더|저항용접에서 전극 팁을 잡아주는 부분 또는 장치
Electrode Wire|전극와이어|와이어 자신이 전극역할을 하는 것
Electrodeposit Copper|전기동|전기분해로 석출된 동
Electrolite|전해질|물질자체로나 용액이 되었을 때 이온상태로 해리되어 전기적 전도성을 갖는 화합물
Electroluminescence|전자 발광|NULL
Electrolysis|전기분해|전해액 중에서 전류에 의해 용액이 분해되거나 전극에 금속이 석출되는 현상
Electrolytic Condenser|전해 콘덴서|NULL
Electrolytic Corrosion|전기부식|전기분해작용으로 주변의 금속이 부식되는 현상
Electromagnetic|전자기 방해|NULL
Electromagnetic|전자적 적합성|NULL
Electromagnetic Brake|전자기식제동기|자기력을 응용하는 제동기
Electromagnetic Coupling|전자기식커플링|전자력을 이용한 동력전달 클러치의 일종
Electromagnetic Electrokinematograph|전자해류계|해수중의 전위차를 계측하여 심해표면 유속을 측정하는 계기
Electromagnetic Field|전자장|NULL
Electromagnetic Force|전자력|NULL
Electromagnetic Induction|전자 유도|NULL
Electromagnetic Log|전자로그|선저에 돌출된 자계발생장치에서 발생된 자계가 선체와 해수의 상대적 흐름에 따라 변하는 성질을 이용하여 배의 속도와 운항거리를 측정하는 장치
Electromagnetic Valve|전자(電磁)밸브|NULL
Electromotive Force|기전력|NULL
Electron Beam Machining|전자 빔 가공|NULL
Electron Beam Welding|전자빔용접|진공 속에서 음극에서 발생된 전자빔을 고전압으로 가속하여 용접부에 충돌시킴으로써 용접부를 융합시키는 고에너지용접방법
Electron Spin Resonance|전자 스핀 공명|NULL
Electronic Buzzer|전자부저|전자회로를 이용하여 전기진동을 일으켜 가청음을 발생시키는 장치
Electronic Commerce|전자 상거래|NULL
Electronic Concentrated|전자 집중 엔진제어 시스템|NULL
Electronic Industrial|미국 전자 공업회|NULL
Electronic certificate|전자증서|주관청에 의해 승인되고 호환성이 보장된 전자 형식의 증서를 의미함
Electronic seal|전자봉인|전자봉인(Electronic seal)은 전자문서 또는 기타 데이터에 첨부된 데이터로 데이터의 출처 및 무결성을 보장하며, 전자서명과 동일하게 사용되고 있음
Electronic signature|전자서명|전자증서에 포함되는 전자 형식의 데이터를 의미하며, 발급자의 인증방법 및 전자데이터의 내용이 포함된 형태를 의미함
Electroplating|전기도금|전기분해작용을 이용하여 금속표면에 다른 금속의 얇은 피막을 입히는 것
Electroplating|전기도금(電氣鍍金|NULL
Electrostatic Hazard|정전기(靜電氣) 위험|NULL
Elevation|앙각|수평면보다 윗쪽에 놓인 물체를 바라보는 방향과 수평면이 이루는 각도
Elevation (Elev.|측면도(側面圖|NULL
Elliptical Blade|타원형날개|전개윤곽이 타원형상으로 된 나선형 프로펠러의 날개
Elliptical Stern|타원형(楕圓形) 선미|NULL
Ellipticity|타원형|NULL
Elongation Percentage|연신율(延伸率|NULL
Em'cy Shutdown Test|비상 차단시험|NULL
EmS Guide|선상 위험물 사고 시 비상대응지침|EmS Guide (Emergency Response Procedures for Ships Carrying Dangerous Goods Guide), 위험물 운송 선박에서 위험물 화재 및 유출 사고 발생 시 위험물의 양 및 포장 형태, 적재 위치 등을 고려한 위험물별 비상조치 지침을 제공함.
Embarkation Deck|승정갑판|비상시 보트에 올라타기 위한 갑판
Embarkation Ladder|구명정용 줄사다리|현측에 내리어 조난자가 구명정에 올라오게 하는 줄사다리
Embarkation Light|승정등|구명정에 타는것과 구명정을 내리는 것 등을 비추기 위하여 설치한 등
Embarkation Light|승정등(乘艇燈|NULL
Emergency Boat|비상단정|해상조난자 등을 구출할 때 사용하는 소형보트
Emergency Door|비상문(非常門|NULL
Emergency Escape Trunk|비상탈출구 트렁크|NULL
Emergency Exit|비상탈출구|NULL
Emergency Fire Pump|비상소화펌프|NULL
Emergency Generator|비상발전기|비상시 전력공급을 위한 발전기
Emergency Light|비상등|선박안전법에 따라 설치된 조명등
Emergency Mooring Wire Rope|경계 와이어로프|태풍 등 조난시의 계선을 위하여 비치한 와이어로프
Emergency Position|비상용 위치표시 무선장치|NULL
Emergency Power Supply|비상전원 공급장치|NULL
Emergency Ration|비상식량|구명정 등에 비치하는 식량
Emergency Shut Down Test|비상차단시험|비상시를 대비하여 비상차단장치의 작동을 시험하는 것
Emergency Shutdown|비상 차단|NULL
Emergency Stop Test|긴급정지시험|기관의 긴급정지를 확인하는 시험
Emigrant Ship|이민선|이민을 실어나르는 배
Emitter|이미터|소리와 함께 시각신호도 같이 내는 신호장치
Emitter Coupled Transistor|이미터 트랜지스터 논리회로|NULL
Empirical Data|경험적(經驗的) 자료|NULL
Employee Involvement|종업원 참여(參與|NULL
Enclosed Ceiling|틈없는내장|나무판재를 틈 없이 붙이는 내장방식
Enclosed Portable Type Cargo Light|특수하역등|석탄운반선의 선창조명에 사용되는 진폐형 이동식조명기구
Enclosed Space|밀폐구역(密閉區域|NULL
Enclosed spaces|폐위구역|강제적인 통풍이 없는 경우에 폭발성 기체가 자연적으로 소멸할 수 없으며 질식 등의 위험이 있는 구역. 예시로는 화물구역, 펌프실, 연료탱크, 코퍼댐 등이 있음
End Link|끝고리|체인의 끝에 붙은 연결용고리토막
End Tab (Run-off Tab|앤드 태브|NULL
Endurance Limit|내구한계(耐久 限界|NULL
Endurance Trial|내구 시험(耐久試驗|NULL
Energy Management System|중앙 급전 시스템|NULL
Enforcement|집행|일반적으로 이행(Implementation)과 비교하여 설명되는데, 이행은 자국 또는 당국 스스로 규정된 규칙을 시행되도록 권고하는 의미이며, 집행(Enforcement)은 좀 더 강제적으로 여러 수단을 동원하여 규칙을 시행되도록 권고하는 것임
Engine Control Console|기관제어콘솔|NULL
Engine Room Arrengement|기관실배치도|기관실 안의 주기를 비롯한 각종 기기와 설비를 나타내주는 도면
Engine Room Bulkhead|기관실격벽|기관실 앞에 설치되는 수밀 횡격벽
Engine Watch|기관당직|시간을 정하여 교대로 기관실의 운전을 감시하는 것
EngineMagnet|무정전 전원장치의 한 방식|NULL
Enlarged Scale|배척(培尺|NULL
Ensign|상선기|상선의 국적을 나타내는 깃발
Ensign Staff|국기 깃대(船尾깃대|NULL
Entropy|엔트로피|열역학 용어로 열이동에 따라 유효하게 사용할 수 있는 에너지감소를 양으로 나타낸 값을 말함
Entry Guide|엔트리 가이드|NULL
Entry into force|발효|발효란 합의된 조약이 실제로 당사국에 대해 법적 구속력이 발생하게 되는 순간을 의미함. 다자조약에 있어서 협약이 채택되었다 하더라고 발효되지 않는다면 법적 구속력이 없다고 봄
Environmental Criteria|환경기준(環境基準|NULL
Environmental Effects|환경 영향|NULL
Environmental Protection|환경 보호(環境保護|NULL
Equilibrium|평형(平衡|NULL
Equip|배를)의장하다|NULL
Equipment List|장비 목록표|NULL
Equipment Number|의장수(艤裝數|NULL
Equipment Replacement|장비 대치(裝備代置|NULL
Equivalent Circuit|등가 회로|NULL
Equivalent Direct Radiation|상당 방열 면적|NULL
Erection|탑재|신조선대(Building Berth)나 독(Building Dock)에서 행해지는 선각공사의 총칭으로 지상 조립장에서 완성된 선각블록(Hull Block)들을 차례로 연결시켜 선체를 완성함.
Erection Man|선대조립공|현재는 탑재취부공(Block Fitter)로 호칭됨
Erection Schedule|탑재 일정계획|NULL
Erection Sequence|탑재 순서(搭載順序|NULL
Ergonomics|인간공학(人間工學|NULL
Erosion|침식(浸蝕|NULL
Escape Scuttle|탈출구|비상시에 배 밖으로 탈출하도록 만든 출구
Escape Trunk|탈출통로|비상시에 축로 또는 기관실에서 노천갑판으로 탈출할 수 있게 만든 수직통로
Escape pipe|도출관|안전밸브 등에서 유체를 해방시키는 관
Esge Grain|곧은결 널판|원목의 목심을 포함하는 중앙부를 잘라낸 널판
Establish Acceptance Standards|합격기준 설정(設定|NULL
Estimated Labor Load|추정(推定) 인력부하|NULL
Etching|에칭|금속조직을 현미경으로 관찰하기 위해서 표면을 연마하고 약품으로 부식시켜 온전한 결정모양이 들어나도록 하는 것
Eull Power Trial|전출력시운전|기관을 전출력으로 운전하는 시운전
Eutectic Welding|공정용접|모재보다 융점이 낮은 용접봉으로 산소 아세틸렌불꽃이나 아크열을 이용하여 공정온도 근처에서 융합시키는 용접방법
Evaluation of Alternatives|대안(代案)의 평가|NULL
Evaluation of Current Methods|현행방법의 평가|NULL
Evaluation of Production Performance|생산실적분석|NULL
Evaporating coil|증발 코일|NULL
Even Keel|이븐 키일(트림 0|NULL
Evidence for protecting shipyard|조선소 방어를 위한 증빙자료(證憑資料|NULL
Excavator|굴삭기|NULL
Exceptional Case|예외적인 경우|NULL
Exchange of Notes|교환각서|조약의 서명 절차를 체결하는 주체 간의 각서교환으로써 기술적 성격의 합의에 있어 행정적 수요에 부응하기 위해 사용 예) 한·칠레 사증 면제교환각서 (2004)
Exciter|여자기|NULL
Exciting Current|여자 전류|NULL
Exclusive Economic Zone (EEZ)|배타적경제수역|자국 연안으로부터 200해리까지의 모든 자원에 대해 독점적 권리를 행사할 수 있는 유엔 국제해양법상의 수역을 의미함. 구체적으로 연안국이 자국 해안으로부터 200해리 안에 있는 해양자원의 탐사, 개발 및 보존, 해양환경의 보존과 과학적 조사 활동 등 모든 주권적 권리를 인정하는 유엔 국제해양법상 해역을 칭함 < 출처: https://m.blog.naver.com/PostList.nhn?blogId=daegu803 >
Excursion Boat|회유선|유람객을 싣고 각지를 도는 유람객선
Exemption|면제 규정|협약 제3장의 “모든 어선원을 위한 기초 훈련 및 선상안전친숙화 훈련의 기준”에서 제한 수역에서 조업하는 [길이 24ｍ] 및/또는 미만의 어선의 경우, 어선의 규모와 항해 거리나 특성상 본 절의 전체 요건을 적용하는 것이 불합리하거나 실행 불가능한 것으로 간주한다면, 주관청은 선상 인명, 선박 및 재산의 안전과 해양환경 보호를 염두에 두고, 그러한 어선 또는 어선 급에 종사하는 어선원에 대해 그 요건의 일부를 면제할 수 있도록 하는 규정을 말함
Exhaust Gas Boiler|배기(排氣)가스보일라|NULL
Exhaust Gas Boiler|배기가스보일러|기관의 배기가스만으로 증기 또는 온수를 끓이는 보일러
Exhaust Gas Economizer|배기가스이코노마이저|기관의 배기가스만으로 증기 또는 온수를 끓여 별도의 보일러로 공급하는 장치
Exhaust Gas Recirculation (EGR)|배기가스 재순환 시스템|EGR(Exhaust Gas Recirculation), 엔진 연소 후 배출되는 배기가스 중 일부(30~40%)를 재순환시켜 배기가스 내 산소 농도를 낮추어 질소산화물 발생을 저감시키는 기술임
Exhaust Gas Turbine|배기가스터빈|내열기관에서 배출되는 가스의 열에너지를 이용하여 운영하는 가스터빈
Exhaust Manifold|배기 메니홀드|NULL
Exhaust Manifold|배기다기관|다실린더기관에서 각 실린더의 배기를 한데 모아서 배출하는 관
Exhaust Steam Oil Separator|배기분유기|갑판기계 등에 사용된 배출증기 중에 함유된 기름을 분리하는 장치
Exhaust Valve|배기 밸브|NULL
Existing Ship|현존선(現存船|NULL
Expanded Metal|익스팬디드 메탈|NULL
Expanded Metal|인장철망판|얇은 판에 프레스로 규칙적인 구멍을 내고 양단을 잡아당겨 만든 철망판
Expanded Metal Grating|팽창격자|강재의 틀에 팽창메탈을 끼워 만든 격자
Expansion|팽창|물체의 길이나 부피가 처음보다 늘어나는 현상
Expansion Engine|팽창기관|기체의 팽창현상을 이용하여 열에너지를 유용한 기계적 에너지로 변환하는 기관
Expansion Hatch|익스팬션해치|온도상승에 따른 화물유의 팽창에 대비하여 창구코밍을 높게 한 해치
Expansion Joint|신축(伸縮) 이음|NULL
Expansion Joint|신축이음쇠|온도변화에 의한 신축을 허용하는 이음부
Expansion Pipe Joint|신축관이음새|관의 신축량을 흡수할 수 있는 이음쇠
Expansion Plan|전개도|다면체나 곡면체의 표면을 평면상에 펼쳐그린 도면
Expansion Tank|팽창(膨脹)탱크|NULL
Expansion Tank|팽창탱크|온도상승으로 생기는 액체의 팽창을 감안하여 최상부에 대기와 접한 상태로 설치한 탱크
Expedite|촉진(促進|NULL
Expension Loop|신축(伸縮) 루우프|NULL
Experimental Model Basin|모형(模型) 실험수조|NULL
Expert System|전문가 시스템|NULL
Expire Date|시효만기(時效滿期)일|NULL
Explicit acceptance|명시적 수락|통상 협약의 수락 절차는 명시적(Explicit) 수락과 묵시적(Tacit) 수락으로 나뉘며, 명시적 수락은 협약의 개정 사항 채택 이후 정해진 별도 수락 기간이 없고 분명한 수락 의사를 밝히는 방법을 지칭함
Explosion|방폭전기기기의 구조별표시방법|NULL
Explosion|폭발|급격한 산화작용의 일종으로 팽창과 발열 등이 수반되는 현상
Explosion - Grade|방폭형 전기기기 표시기호|NULL
Explosion - Temp|방폭전기기기 최고표면온도|NULL
Explosion Risk|폭발 위험(爆發危險|NULL
Explosion prove|방폭형|NULL
Explosion-Proof Lamp|방폭등(防爆燈|NULL
Explosion-Proof Motor|방폭형 전동기|NULL
Explosion-proof (Fire-proof) Apparatus|방폭기기|폭발성 가스나 증기가 있는 공간에서 안전하게 작동될 수 있는 기기
Explosive Atmosphere|폭발위험 구역|NULL
Explosive Welding|폭발용접|화약의 폭발에 의한 충격압력으로 접합하는 용접법
Exposed Core|노출 심선부|피복아크 용접봉의 끝을 홀더에 끼우도록 피복하지 않고 노출되어있는 부분
Exposed Core|노출심|피복아크용접봉의 심이 노출된 끝부분
Exposed Deck|노천갑판(露天 甲板|NULL
Exposed Wind Area|바람맞이면적|풍향에 수직한 평면에 대한 선체 수선면 상부구조물의 투영면적
Extended Producer Responsibility (EPR)|생산자책임재활용제도|자원 절약과 재활용 촉진에 관한 법률 시행령에 따라 재활용이 가능한 폐기물의 일정량 이상을 재활용하도록 생산자에게 의무를 부여하는 제도
Extension Rod|연장(延長)막대|NULL
Extent of Work|작업범위(作業範圍|NULL
External Audit|외부감사관|IMO 재정 규정 및 규칙(FRFR)에 따라 총회에서 4년의 임기로 외부감사관을 지명하도록 하고 있음
External Design Agency|설계 용역(設計用役|NULL
External Pressure|외압|용기의 외부에서 작용하는 압력
Extra Stock on the Plating|강재의 잉여부|NULL
Extra Work|추가공사(追加工事|NULL
Extraction Tower|추출탑(抽出塔|NULL
Extreme Breadth|전폭(全幅|NULL
Extreme Length|전장(全長|NULL
Extreme Ultraviolet radiation|극자외선|NULL
Extruding Machine|압출기|고온으로 가열한 빌렛을 용기에 넣고 램으로 다이스의 구멍을 통하여 밀어내어 봉이나 관을 만드는 기계
Eye Bolt|아이볼트|끝에 구명이 뚤린 볼트
Eye Plate|아이 플레이트|NULL
Eye Sorice|아이스프라이스|로프 끝에 고리를 만드는 방법
Eyebrow/ Brow|물받이 (Door 등의 상부|NULL
F W Tank|청수탱크|배에 청수를 저장하는 탱크
FA (Factory Automation|공장 자동화|NULL
FABRICATION SEQUENCE|제작순서도|NULL
FABRICATION SEQUENCE DIAGRAM|제작순서도|NULL
FACTORY AUTOMATION|공장 자동화|NULL
FAILURE MODE EFFECT ANALYSIS|고장 모드 효과 해석|NULL
FAL Convention|국제해상교통간소화협약|국제해상교통간소화협약(Facilitation Convention), 국제항해에 종사하는 선박의 입항·정박 및 출항에 관한 요식행위, 서류상의 요건, 수속절차 등을 단순화하고 최소한으로 줄임으로써 해상교통을 쉽게 하기 위한 협약으로, 1965년 4월에 채택, 1967년 3월에 발효되었으며 우리나라에는 2001년 5월부터 동 협약이 발효됨
FAL Forms|FAL 양식|FAL 협약(FAL Convention)의 체결에 따라 각 국가의 특수성으로 인하여 불필요하게 해상무역을 방해하는 정보 및 형식이 다른 다양한 종류의 문서를 표준화한 7개의 문서 양식 FAL Form 1 일반신고서(General Declaration) FAL Form 2 화물 신고서(Cargo Declaration) FAL Form 3 선용품 신고서(Ship's Stores Declaration) FAL Form 4 승무원 선용품 신고서(Crew's Effects FAL Form 5 승무원 명부(Crew List) FAL Form 6 여객 명부(Passenger List) FAL Form 7 위험화물 적하 목록(Dangerous Goods Manifest)
FAR EASTERN FREIGHT CONFERENCE|구주 운임 동맹|NULL
FARADAY'S LAW|패러데이 법칙|NULL
FAST TIME CONSTANT CIRCUIT|소 시상수 회로|NULL
FASTENER|화스너|NULL
FCAW(Flux Cored Arc Welding|플럭스 코어드 아크 용접(熔接|NULL
FD( Forced Draft ) Fan|강제통풍 팬|NULL
FEDERAL COMMUNICATION COMMISSION|미국 연방 통신 위원회|NULL
FEM(Finite Element Method|유한요소(有限要所)법|NULL
FEU(Forty-Feet Equivalent Unit|컨테이너(40ft) 환산적재량|NULL
FIBER GLASS REINFORCED PLASTICS|유리섬유 강화 플라스틱|NULL
FIBER-GLASS REINFORCED PLASTIC|유리섬유보강 플라스틱|NULL
FIELD EFFECT TRANSISTOR|전계 효과 트랜지스터|NULL
FIELD STRENGTH|전계 강도|NULL
FILLET WELDING|필렛용접|NULL
FILTER|필터 [ 광학 ]|NULL
FINISH TO FINISH|선행작업종료일 + - 본작업종료|NULL
FINISH TO START|선행작업종료일 + - 본작업일수|NULL
FIRE & GAS DETECTION SYSTEM|화기가스 감지 시스템|NULL
FIRE & WASH DECK|소화 및 갑판수세라인|NULL
FIT-UP INSPECTION|취부검사|NULL
FLAME CLEANING|화염 크리닝|NULL
FLAME CLEANING|화염크리닝|NULL
FLANGE [FLG]|후렌지|NULL
FLASH|섬광|NULL
FLAT BAR|평형강|NULL
FLAT POSITION|아래 보기 자세|NULL
FLAT POSITION WELDING|아래 자세 용접|NULL
FLEMING'S LEFTHAND RULE|플레밍의 왼손법칙|NULL
FLEX COPPER BACKING|(편면잠호용접용) 동당금|NULL
FLEXIBLE ADHESIVE BACKING|(편면잠호용접용) 고형 후락스 백킹|NULL
FLEXIBLE MANUFACTURING SYSTEM|다품종 소량 생산 시스템|NULL
FLINITE ELEMENT METHOD|유한요소분석법|NULL
FLOATING|1차 진수|NULL
FLOATING GATE AMPLIFIER|부동 게이트 증폭기|NULL
FLOW COATING|흘림도장|NULL
FLUX CHANGES PER INCH|매 인치 당 자속 반전수|NULL
FLUX CORED ARC WELDING|후럭스 코드 아크 용접|NULL
FLYING SPOT SCANNER|비점 주사 장치|NULL
FM(Frequency Modulation|주파수 변조|NULL
FMS (Flexible Manufacturing Sys.|유연(柔軟) 생산체계|NULL
FOAM|거품|NULL
FOB(Free On-Board|수출항 본선인도 가격|NULL
FOC(Fuel Oil Consumption|연료 소모량|NULL
FONAR|적합 연료유 이용 불가시 보고서|FONAR(Fuel Oil Non-Availability Report), 적합 저유항 연료유 이용 불가시 제출하는 보고서로 벙커링 예정 항만 당국, 기국 및 입항지 당국의 동의 후 한 항차만 부 적합유 사용이 가능함
FORCED DRAFT FAN|강제통풍장치|NULL
FORCED MONTHLY CONSUMPTION QUANTITY|인위적인 월평균 소모량|NULL
FORE DRAFT AT F.P.|선수 홀수|NULL
FORE PEAK TANK|선수 피이크 탱크|NULL
FORE PERPENDICULAR|선수부 수선|NULL
FORECASTLE DECK|선수갑판|NULL
FORTY FEE EQUIVALENT UNIT|40 피트 콘테이너|NULL
FORWARD|앞쪽으로|NULL
FORWARD ERROR CORRECTION|순방향 오류 정정법|NULL
FOUNDATION|고정대, 받침대|NULL
FP (Fore Perpendicular|선수 수선(船首垂線|NULL
FPP(Fixed Pitch Propeller|고정피치 프로펠라|NULL
FPSO|부유식 원유생산 저장 하역설비|FPSO (Floating Production Storage and Off-loading), 화물을 운송 목적으로 하는 일반적인 선박이 아닌, 해상의 일정 지역에 머물면서 해저에서 원유를 뽑아 올려 정유 제품을 생산하여 보관하고, 타 선박에 이송하는 해상 복합 구조물. 기관을 장착하여 저항능력을 갖춘 것도 있으며, 자항 능력이 없이 예인선에 의해 이동되는 것도 있음
FPT(Forepeak Tank|선수 피이크 탱크|NULL
FRAME|늑골|NULL
FRAME GROUND|프레임 접지|NULL
FRAME NO.|선체부재위치를 표시하는 단면번호|NULL
FREE ALONGSIDE SHIP|선측 인도조건|NULL
FREE IN|적하비 화주 부담|NULL
FREE IN AND OUT|적하비, 양하비 화주 부담|NULL
FREE OF CHARGE|상업 용어(공짜)|NULL
FREE OUT|양하비 화주 부담|NULL
FREE on BOARD|선상 인도 조건|NULL
FREEBOARD|건현|선박의 중앙에 있어서 만재 흘수선에서 건현갑판까지 거리로써, 국제항해를 하는 선박의 경우 ICLL (국제만재흘수선 협약)에 따라 충분한 예비부력을 확보하기 위해서 최소건현을 요구하고 있으며, 해당 계산의 기준에 따라서 각종 설비 요구 조건이 결정됨
FREEBOARD DECK|건현갑판|통상적으로 외기 및 해수에 노출된 최상층의 전통 갑판으로서 그 노출부에 있는 모든 개구부에 상설 폐쇄 장치가 있고 하방의 선 측에 있는 모든 개구부에는 상설 수밀 폐쇄 장치를 가진 갑판을 의미함, 따라서 각종 설비의 폐쇄 장치를 설치하는 기준이 되는 갑판으로 건현 계산에 따라서 갑판의 높이가 확정됨
FREEBOARD LENGTH|건현 길이|용골 상면으로부터 측정한 최소형 깊이의 85%에 있어서 수선에서 전 길이의 96% 또는 그 수선 상의 선수재의 전면으로부터 타두재의 중심까지 길이 중 큰 것을 의미함
FREEBOARD LENGTH|등록길이|NULL
FREON|프레온가스(전기 냉장고의 냉매)|NULL
FREQUENCY|공진주파수|NULL
FREQUENCY DIVISION MULTIPLEX|주파수 분할 다중 통신|NULL
FREQUENCY DIVISION MULTIPLEX ACCESS|주파수 분할 다원 접속|NULL
FREQUENCY MODULATION|주파수 변조|NULL
FREQUENCY OF OPTIMUM TRAFFIC|최적 사용 주파수|NULL
FREQUENCY SHIFT KEYING|주파수 편이 방식|NULL
FRESH WATER|청수|NULL
FRESH WATER TANK|청수 탱크|NULL
FRESH WATER TANK|청수탱크|NULL
FRFR|재정 규정 및 규칙|FRFR (Financial Regulations and Financial Rules), 국제해사기구(IMO)는 자체적으로 재정 규정 및 규칙을 보유하며, 이에 따라 기구 차원에서 관리하는 각종 기금에 대한 예산편성 및 내·외부 감사를 진행하고 있음. 또한 회계감사 결과 (Financial Report) 보고서를 발행하여 회원국에 관련 정보를 공유
FRP(Fiber Reinforced Plastics|섬유강화 플라스틱|NULL
FSA|공식안전성평가|FSA (Formal Safety Assessment), IMO가 원자력 발전소를 비롯한 육상산업 분야에서 사용하던 위험분석(risk analysis)을 해사 산업 분야에 적용할 때 도입한 이름으로 해상에서의 인명의 안전과 해양환경 보호하기 위하여 위험성 평가, 비용-이익 평가 등을 사용하는 조직적이고 체계적인 안전평가 체제
FSD (Fabrication Sequence Diagram|제작 절차서|NULL
FSS Code|화재안전장치 기준|FSS Code (International Code for Fire Safety Systems), 선박의 화재 안전장치에 대한 기준. 고정식 소화장치, 화재탐지장치, 휴대식 소화기, 인원 보호를 위한 장구 등 선박의 화재 안전을 위한 각종 설비를 규정하고 있음
FTP Code|화재시험절차 기준|FTP Code (Fire Test Procedures Code), 화재시험절차에 대한 기준. SOLAS Ch.II-2(방화, 화재탐지 및 소화)에 따라 요구되는 각종 실험실에서의 시험, 형식승인 및 화재시험절차에 대한 요건을 규정하고 있음
FUEL GAS|탈황설비|NULL
FUEL GAS DESULFURIZATION|탈황설비|NULL
FUEL OIL|연료유|NULL
FUEL OIL & DIESEL OIL|연료유|NULL
FUEL OIL TANK|연료 탱크|NULL
FUELING AT SEA|해상 연료 수급 장치|NULL
FULL PENETRATION|완전용입용접|NULL
FUNCTION TEST|작동 시험|NULL
FUSE|고리퓨즈|NULL
FUSE|비포장퓨즈|NULL
FUSE|전동기용 퓨즈|NULL
FUSE|포장퓨즈|NULL
FUSE|퓨즈 -A 종|NULL
FUSE|퓨즈 -B 종|NULL
FUSE|한류퓨즈|NULL
FWT (Fresh Water Tank|청수(淸水) 탱크|NULL
Fabrication (Fab.|제작(製作)，가공|NULL
Fabrication Line Plan|가공 송선계획|NULL
Fabrication Shop|가공 공장|NULL
Face Bend Specimen|표면굽힘 시험편|맞대기 용접의 표면(루트의 반대쪽)에 인장력이 걸리도록 굽히는 시험편
Face Cavitation|앞면캐비테이션|프로펠러 날개의 압력면(앞면)에 생기는 캐비테이션
Face Lathe|정면선반|지름이 크고 짧은 가공물을 다루는 선반으로 베드가 짧고 지름이 크며 중심지지대가 없음
Face Plate|면재(面材|NULL
Facilities Layout|설비 배치(設備配置|NULL
Facing Up|맞비빔 맞춤|NULL
Facsimile|팩시밀|서류나 도면을 송신하는 장치
Facsimile Recorder|팩시밀리 기록기|NULL
Factory Automation|공장 자동화|NULL
Factory Ship|공모선|포획어류의 가공과 모선 역할을 하는 어선
Factory Shipa|가공선|선내에 수산물 가공설비를 갖추고 어선에서 수획한 어류를 선상에서 가공하는 선박
Fail-Safe|페일 세이프|NULL
Fail-safe|페일세이프|기계장치가 고장이 생겨도 안전모드로 바뀌어져서 작동하는 것
Failure Mode Effect|고장 모드 효과 해석|NULL
Failure Modes and Effects Analysis (FMEA)|고장 형태 및 영향 분석|각 부품의 고장이 어떻게 전체 시스템에 영향을 미치는지를 분석하여 각 고장에 대응하는 적절한 안전장치가 마련되어 있는지를 분석하는 방법.
Failure Modes and Effects, and Criticality Analysis (FMECA)|고장 형태, 영향 및 심각도 분석|계량화된 고장 형태 및 영향 분석
Failure Rate|고장율(故障率|NULL
Fair treatment of seafarers|선원의 공정한 대우|2005년 9월 발효된 ‘선박 기인 오염사고에 대한 EU 지침’ 규정에 따라 해양오염 사고 시 선원까지 형사처벌 되거나, 유럽 내 과거 해양오염사고 관련 선장과 선원을 구속함으로써 선원 형사처벌이 강화됨. 이에 따라 국제 해운 단체, 선원노조 및 관련국은 동 조치가 선박 운항의 어려움 가속 및 선원직 기피 심화의 이유로 우려를 표명하게 되고 해양사고 시 공정한 대우에 대해 논의하기에 이름. 따라서, 2006년 05년 12월, 해양사고 시 선원의 공정한 대우에 관한 총회결의서(A.987(24))를 채택하고 2006년 해양사고 시 선원의 공정한 대우에 관한 지침을 마련함. 주요 내용은 아래와 같음 모든 해양사고 및 모든 선원에 적용 해양사고 조사의 원활한 진행을 위하여 이해당사자 (항만국 (연안국), 기국, 선원국, 선주 및 선원)간 협력 체제 구축 미국법 및 EU 지침에 비하여 선원 인권 보호 및 법적 지위 보장
Fairing|순정작업|선체선도의 곡선들을 무리한 점이 없도록 수정하는 작업
Fairing|페어링|선체선도상의 곡선들을 무리없는 곡선(Fair Curve)이 되도록 수정하는 작업
Fairing (up|곡직(曲直|NULL
Fairing of Lines|선도순정(線圖純整|NULL
Fairleader|페어리이더|NULL
False Bottom|가저(假底|NULL
Faraday's Law|패러데이 법칙|NULL
Fashion Plate|패선판|선수재판(Stem Platte)상단의 벌어진 부분의 별칭
Fast Time constant Circuit|소 시상수 회로|NULL
Fathometer|측심기(測深器|NULL
Fatigue|피로|재료에 반복하중이 걸리면 재료의 강도가 정하중에서 견디는 강도보다 낮아지는 현상
Fatigue Allowance|피로 여유(疲勞餘裕|NULL
Fatigue Analysis|피로 해석|NULL
Fatigue Strength|피로강도(疲勞强度|NULL
Fatigue Tedt|피로시험|피로한도를 결정하기 위해 실시하는 시험
Fatigue Test|피로 시험|NULL
Faucet|수도꼭지|NULL
Fault Tree Analysis (FTA)|결함수 분석|고장분석 방법의 하나로서, 시스템의 비정상적 상태(예 : 고장, 성능 하락)를 하위시스템의 상태나 사건을 조합하는 불리안 논리 (boolean logic)로 표현하여 시스템의 고장률을 정량적으로 산출 하는 방법. 나뭇가지와 같이 하위시스템으로 순차적인 전개를 통하여 결국 시스템의 비정상적 상태는 개별 요소 사건(basic event)의 조합으로 표현됨
Faying Flange|페잉플랜지|형재를 판에 세워붙일 때 판에 접하도록 붙이는 플랜지
Feasibility Study|타당성(妥當性) 연구|NULL
Feathering Step|수평유지디딤판|현측사다리의 경사각도가 달라져도 수평을 유지하도록 구조된 발판
Federal Communication|미국 연방 통신 위원회|NULL
Feeder|피더장치|산적화물선 등에서 곡물류를 화물창 윗구석까지 채우기 위하여 해치코밍을 높게 해주는 등의 장치
Feeder Panel|급전반|선내에 전원을 공급하는 패널
Feedwater Regulation Valve|급수(給水)조절 밸브|NULL
Feeler Gauge|필러(틈새)게이지|NULL
Fender|방현재|선박이 안벽이나 다른 선박과 접촉할 때 손상과 충격을 막기 위하여 양현에 붙이는 완충재
Fender|방현재(防舷材|NULL
Fender Tower|펜더타워|푸셔바지(Pusher Barge)에서 푸셔와 바지의 연결부에 있는 탑모양의 완충구조물
Fiber Glass|유리섬유|NULL
Fiber glass Reinforced|유리섬유 강화 플라스틱|NULL
Fiberglass Reinforced Plastic (FRP)|섬유 강화플라스틱|에폭시 수지나 폴리에스테르 수지 등에 유리 섬유나 탄소 섬유를 혼합한 복합 소재를 섬유 강화플라스틱이라고 함. 이 소재는 플라스틱이 갖는 장점 즉 가벼운 무게와 녹슬지 않고 가공이 쉬운 특징을 갖고 있으며, 이에 더하여 강도가 증가하여 쉽게 깨지지 않고 열을 가해도 변형되지 않은 특성이 있음
Fiddle Head|선수장식|선수부 양현에 붙여지는 장식조각
Field Effect Transistor|전계 효과 트랜지스터|NULL
Field Engineer|현장기사(現場技士|NULL
Field Fabrication|현장제작(現場製作|NULL
Field Plan|현업(現業) 생산계획|NULL
Field Run/Routing Pipe|형취관(形取管|NULL
Field Strength|전계 강도|NULL
Fife Rail|돌출난간|마스트 둘레 또는 주변 갑판상에 설치되는 난간
Filler Metal|용가재|용접금속으로 첨가되는 금속재
Filler Metal|용가재(熔加材|NULL
Fillet Weld in Parallel Shear|옆면필릿용접|용접선의 방향이 그 부위에 걸리는 힘의 방향과 나란히 가는 필렛용접
Fillet Welding|필렛 용접|NULL
Film Lubrication|유막윤활|마찰면 사이에 유막을 형성시켜 윤활하는 방법
Filter|필터 [ 광학 ]|NULL
Fin Stabilizer|핀 안정기(安定機|NULL
Fin-stabilizer|안정지느러미|지느러미 모양의 판을 선체중앙부 양현에 달고 유선에 대한 앙각을 변화시켜서 배의 횡동요를 줄여주는 장치
Final Coating|겉칠|밑칠 중간칠을 마친 후 마지막으로 바르는 칠
Final Drawing|승인완료 도면|NULL
Final Sighting|최종 축심 투시 (最終軸芯透視|NULL
Financial security|재정보증|선박소유자가 도산 및 파산 등의 사유로 선원을 송환시킬 수 없는 경우 등 선원의 유기가 발생할 경우, 송환을 담보하기 위해서 재정보증제도가 필요함. 2006년 ILO 해사노동협약에서 회원국은 선원이 정당하게 송환되도록 보장하기 위하여 자국의 국기를 게양하는 선박으로 하여금 재정보증을 마련할 것을 요구하고 있음. 재정보증의 범위와 관련하여 재정보증장치에 의한 지원은 다음 하나를 보증하기에 충분하여야 함 체불임금, 근로계약 등에 의해 선박소유자가 선원에게 지불해야 할 기타권리 (단, 4개월까지의 체불임금과 기타권리로 제한) 송환 비용을 포함한 선원이 부담한 합리적 금액 선원이 집에 도착할 때까지 유기를 구성하는 작위 또는 부작위로 발생한 식량, 필요 시 피복, 주거, 식수 공급, 선내 생존을 위한 필수 연료, 필요한 의료관리 및 그 밖의 합리적인 비용 또는 부과금 등을 포함하는 선원의 필수 경비 우리나라 선원법(제42조의2)에서도 ‘유기구제보험 등의 가입 등’을 규정하고 있으며 선박 소유자로 하여금 유기된 선원을 구제하기 위하여 대통령령으로 정하는 보험 또는 공제(이하 ‘유기구제보험 등’)에 가입하도록 하고 있음
Findings and Conclusions|현상 및 결론|NULL
Fine Control|미세조정(微細調整|NULL
Finish Paint|마감 도장|NULL
Finish Symbol|다듬질 기호|NULL
Fire & Gas Detection|화기가스 감지 시스템|NULL
Fire Alarm System|화재경보기장치|화재의 발생을 자동적 또는 인위적으로 경보하는 장치
Fire Axe|소방도끼|불끌 때 쓰는 도끼
Fire Bucket|소방버킷|불끌 때 쓰는 손잡이 물통
Fire Classification|화재의 분류(分類|NULL
Fire Clay|내화점토|내화벽돌 쌓기나 기타 내화물의 메우기 등에 사용되는 내화도가 높은 점토
Fire Control Station|소화 통제실|NULL
Fire Cracker Welding|불꽃전파용접|피복아크 용접봉을 용접 이음부에 따라 밀착시키고 구리로 된 지그로 한쪽 끝에서 눌러 아크를 발생시켜 용접봉을 따라 자동적으로 용접되게 하는 용접법
Fire Damper|방화용 댐퍼|NULL
Fire Dangerous Zone|화재위험구역|NULL
Fire Detector|화재탐지기|화재의 발생과 징후를 탐지하는 기계
Fire Drill|소방훈련|선박화재시 각기 맡은 임무수행에 익숙하도록 승무원을 대상으로 실시하는 소방훈련
Fire Extinguisher|소화기(消火器|NULL
Fire Foam|소화거품|유류화재에 유효한 소화제로서 중탄산소다나 황산알루미늄을 기포제와 함께 섞은 것으로 적당한 압력으로 분사되도록 용기에 포장됨
Fire Hose Box|소화호스박스|NULL
Fire Insulation|방화재(防火材|NULL
Fire Prevention|화재 방지|NULL
Fire Protection|방화(防火|NULL
Fire Protection Construction|방화구조|화재가 다른 곳에 전파되는 것을 방지하는 구조
Fire Resistance Test|내화 시험(耐火試驗|NULL
Fire Retardant Paint|난연성(難燃性)페인트|NULL
Fire Retarding Material|난연재|잘 타지 않는 재료
Fire control plan|화재제어도|화재 발생 시 선박의 승무원 또는 육상소방요원이 신속하고 효율적인 조치를 위해 선박에서 사용되는 각종 소화설비, 방화설비 및 화재탐지장치 등의 배치를 나타내는 도면
Fire damper|방화 댐퍼|통풍 덕트에 설치되는 장치로서, 평상시에는 덕트 내에 공기가 흐를 수 있도록 열려 있다가, 화재 발생 시 화재의 전파를 제한하기 위하여 덕트 내의 공기의 흐름을 막을 수 있도록 폐쇄하는 장치
Fire detector|화재 탐지기|화재탐지 및 화재 신호를 통해 경보를 발생시키는 장치. 통상적으로 연기(smoke), 화염(flame), 열(heat)을 감지하여 작동됨
Fire-fighter’s outfits|소방원장구|선박에서 화재 발생 시 소화반이 화재를 진압할 때 사용하는 의복 및 호흡구. 방호복, 장화, 헬멧, 손전등, 소방도끼 및 자장식 호흡구 등으로 구성됨
Fire-proof(Fire-resisting) Test|내화시험|전선이 내화성 또는 내염성인 것을 확인하는 시험
Firebrick|내화(耐火) 벽돌|NULL
Firemain Line|소화용 주관(主管|NULL
Firing Order|착화순서|내연기관에서 실린더의 폭발순서
First Engineer|일등기관사|기관장을 보좌하여 기관부원을 지휘 통제하는 기관부 선임자
First-In First-Out Method|선입선출(先入先出)법|NULL
First-line Superviser|일선(一線) 감독자|NULL
Fish Finder|어군탐지기|음향탐지기의 일종으로 어군에 의한 반사음을 분석하여 어군을 찾아냄
Fish Meal Factory Ship|어류가공선|어획물을 가공하는 시설을 갖춘 선박
Fisheries Training Boat|어업실습선|실습생에게 어업훈련을 시키기 위한 연습선
Fishing Boat|어선(漁船|NULL
Fishing Gear|어구|고기잡이에 사용되는 도구의 총칭
Fishing Platform|낚시대판|낚시를 위한 대판
Fishing deck hand|어선의 갑판부원|어선에서의 갑판부원을 칭함
Fishing vessel|어선|어류, 고래류, 해초류, 해마류 또는 기타 해양생물자원을 포획하는데 사용하는 선박을 총칭함
Fishplaie|덧댐판|핸드레일 연결부에 붙이는 판
Fit and Weld|취부 및 용접|NULL
Fit-up|취부(取付|NULL
Fitting Length|취부장(取付長|NULL
Fitting Locker|선구고|갑판에서 필요한 작업에 쓰이는 용품과 선구를 보관하는 창고
Fitting Out Basin|의장부두|선대에서 진수된 배를 의장공사를 완성하기 위하여 배를 대는 부두
Fix Jig|고정 지그|NULL
Fixed Oil|불휘발성기름|대부분의 식물유 및 동물유처럼 건성 또는 반건성의 기름
Fixed Pitch Propeller|고정피치 프로펠러|날개가 허브에 고정된 프로펠러
Fixed carbon dioxide fire-extinguishing system|고정식 CO|화재가 발생한 장소에 CO 2 를 분사하여 화재를 진압하는 소화장치. 분사되는 장소의 산소 농도를 떨어뜨리며, 액상으로 보관되어 있던 CO 2 가 반출되면서 기화하여 배출되는 구역을 냉각시킴으로써 화재를 진압. 고압식(57.6bar)과 저압식(19.68bar)으로 구분되며 일반적으로 고압식은 선박의 기관구역, 저압식은 로로구역에 사용
Fixed dry chemical powder fire-extinguishing system|고정식 분말 소화장치|화재가 발생한 장소에 분말 소화제(dry chemical powder)를 방출하여 급격한 흡열 반응으로 열을 흡수하며, 또한 비 가연성의 성질을 가지는 분말의 부피가 팽창하여 화재를 덮어 씌움으로써 산소의 공급을 차단하여 화재를 진압할 수 있는 소화장치. 주로 액화가스 산적운반선(LNG Carrier)에 설치됨
Fixture|고정구(固定具|NULL
Flag Locker|기상자|신호기를 수납하는 상자
Flag Rack|기서랍|기를 넣어두는 서랍
Flag State|기국|기국은 선박의 국적 국가를 지칭하며, 상선의 국적은 등록으로 결정되며, 국가마다 국적 부여의 조건은 스스로 결정하게 되어있음
Flag State Control|기국 통제|유엔(UN) 산하 전문기구인 국제해사기구(IMO)에서는 선박, 선원의 안전과 환경보호를 위한 각종 국제 해사 협약을 채택 시행하고 있으며, 선박의 기국(Flag State)은 자국의 선박이 국제협약에 정하는 기준을 준수하도록 관리 및 통제하여야 할 의무가 있음
Flag State Surveyor|기국 검사관|기국은 안전 및 해양오염 방지와 관련된 업무를 관리, 수행 및 검증하는 모든 인원에 대한 책임 및 권한을 지니고 있음. 이에 따라 기국은 국제규정에 따른 선박과 회사에 대한 검사를 시행해야 함
Flag State investigation|기국 조사|해양안전 조사는 사고 관련 분야에 대해 적절한 자격이 있고 지식이 많은 공정하고 객관적인 조사관에 의해 수행되어야 하며, 기국은 사건/사고의 위치와 관계없이 기국 차원에서 자격 있는 조사관을 파견하여야 함
Flakes|백점|강재의 다듬질면에 생기는 미세한 균열
Flaking|플레이킹|NULL
Flame Adjustment|불꽃조정|가스용접시에 용접조건에 맞게 불꽃을 조절하는 것
Flame Annealing|불꽃어닐링|기름버너나 가스버너를 이용한 풀림열처리
Flame Cone|불꽃심|가스블꼴 중 토치 입구부근의 청백색부분
Flame Cutting|불꽃절단|연소가스 불꽃의 열을 이용하여 절단하는 것
Flame Cutting|화염절단(火炎切斷|NULL
Flame Failure|실화(失火|NULL
Flame Gouging|불꽃홈파기|특수한 모양의 토치로 가스불꽃을 이용하여 U형상의 골을 파는 것
Flame Hardening|불꽃경화|가스불꽃의 열에 의하여 금속의 표면을 경화시키는 방법
Flame Machining|불꽃절삭|특수한 모양의 토치를 사용하여 부재를 가열 절삭하는 것
Flame Planer|플레임 플레이너|NULL
Flame Planer|플레임플래너|자동가스절단기의 일종으로 여러 줄을 동시에 직선 절단할 수 있음
Flame Screen|차염(遮炎) 스크린|NULL
Flammable Vapour|가연성(可燃性) 증기|NULL
Flanged Bracket|플랜지브래킷|브래킷의 자유변에 플랜지로 접어준 보강브래킷
Flanged Edge Weld|플랜지끝용접|플랜지와 관의 끝을 연결하는 필릿 또는 에지용접
Flap|플랩|수중날개의 뒤끝에 붙여 움직일 수 있게 힌지로 연결된 보조날개
Flap Door|덮개문|문짝의 윗변에 힌지가 붙은 문
Flare-up Light|불꽃|불꽃를 내는 신호염으로 위급시나 경보용으로 사용됨
Flash|섬광|NULL
Flash Fillet Weld|평면필릿용접|용접 비드가 튀어나오지 않고 납작하게 되도록 덧살(Reinforcement)을 붙이지 않는 필릿용접
Flash Point|인화점(引火點|NULL
Flash Tester|인화점시험기|인화점 측정에 사용되는 시험기
Flashing Light|섬광등|해상충돌예방규정에 따라 설치되는 섬광등(120회/분 이상의 섬광을 보냄)으로 포마스트 앞쪽에 설치됨
Flashing Light Signal|섬광신호|섬광등을 이용한 신호
Flashing Light for Vessel Carrying Dangerous Cargo|위험물적재선박표시등|위험물 수송선박에 다는 등기구
Flat Bar|평형강|NULL
Flat Bar Grating|평강격자|평강으로 만든 틀에 평강 살을 끼워 만든 격자
Flat Bottom|평저|평편한 모양의 배바닥
Flat Panel Base|평판(平板) 베이스|NULL
Flat Position Welding|아래보기 용접|NULL
Flat(Downward) Position|아래보기자세|수평으로 전개된 용접선을 아래로 내려보고 하는 용접자세
Flattner`s Rudder|플래트너식러더|보통의 평형타 뒤에 작은 보조타를 붙인 모양의 타
Fleet|함대|두 척 이상의 군함으로 편성된 해상부대
Fleming's Lefthand Rule|플레밍의 왼손법칙|NULL
Flexibility|유연성|물체의 변형하기 쉬운 성질
Flexible Budget|변동 예산(變動豫算|NULL
Flexible Hose|플랙시블(신축) 호스|NULL
Flexible Joint|플렉시블조인트|굴곡과 신축이 가능한 관 또는 축의 이음
Flexible Manufacturing|다품종 소량 생산 시스템|NULL
Flexible Mounting|플렉시블 설치(設置|NULL
Flexible Pipe Joint|플렉시블관이음쇠|굴곡과 신축이 가능한 관 이음쇠
Float Free Launching|부양이탈진수|침몰선에서 따로 예비된 생존정을 자동으로 분리시켜 띄워주는 진수방식
Float Gauge|플로트액면계|액면의 변화대로 움직이는 플로트로 수위를 측정하는 계기
Float Time|공정 여유(餘裕)시간|NULL
Float Valve|플로우트 밸브|NULL
Floating Dock|부양식 독|양단이 열려있고 큰 범위로 부침되는 갑판 위에 선박을 올리거나 내릴 수 있게 만든 부양체로서 선박수리에 필요한 크렌설비 등도 갗춘 이동식 독
Floating Dock|부양식(浮揚式) 도크|NULL
Floating Floor|플로팅 플로어|NULL
Floating Gate Amplifier|부동 게이트 증폭기|NULL
Flood Gate|수문|독의 입구를 막아주는 문
Flood Light|투광등(投光燈|NULL
Floodable Length|가침장|선박의 어떤 길이의 구획이 부력을 잃고 침수되어도 배의 침하가 한계선 이하로 일어나지 않는 길이
Flooding Calculation|침수계산|배가 손상되어 침수되었을 때의 여러 가지 경우에 대한 선체복원성과 자세 등을 계산하는 것
Flooding Test|충수(充水)범람시험|NULL
Flooding Test|침수시험|선체의 수면아래 구획에 해수를 채워서 누수여부를 확인하는 시험
Floodlighting Projector|프로젝터|반사경과 렌즈 등을 사용하여 일정한 방향으로 높은 광도로 비춰주는 조명기구
Floor|늑판|선저의 횡늑골 위치에 붙는 가로부재
Floor Plate|늑판(肋板|NULL
Floor Plate|바닥판|마루바닥을 구성하는 목재 또는 강판
Floor Space|바닥면적|선원 및 여객거주에 사용되는 바닥 면적
Floor Timber|늑재목|목선에 붙이는 횡방향의 내부 각재
Flooring|플루어링|바닥에 깔아주는 마무리 재료 또는 작업
Flow|흐름|유체의 운동현상
Flow Chart|흐름도표|NULL
Flow Diagram|경로도(經路圖|NULL
Flow Measurement|유량측정(流量 測定|NULL
Flow Meter|유량계(流量計|NULL
Flow Pattern|유동가공방식|소재의 가공공정순서 대로 기계를 배치하여 소재의 이동과 작업진행을 일치시킴으로 능률을 높이는 공작방식
Flue Gas|연소(燃燒) 가스|NULL
Fluid|유체|기체와 액체의 총칭
Fluid Fire Exyinguisher|액체소화기|용기내 혼합액에서 발생하는 탄산가스의 압력으로 물과 함께 분사되는 소화기
Fluidborne Noise|유체전달 소음(騷音|NULL
Fluorescent Lamp|형광등(螢光燈|NULL
Fluorescent Paint|형광(螢光) 페인트|NULL
Flush Weld|평용접|용접 비드가 모재표면보다 올라오지 않도록 덧살(Reinforcement)을 붙이지 않은 맞대기용접
Flushing|플러싱|배관의장작업이 끝난 후 관 내부의 잔유물을 불어내기 위하여 압축공기나 증기 등으로 청소하는 것
Flux|플럭스|NULL
Flux Changes per Inch|매 인치 당 자속 반전수|NULL
Flux Injection (Powder) Gas Cutting|용융재취입식(분말식)가스절단|철분을 가스절단 토치주변에 분사하여 높은 철의 산화열로 금속(비철금속)을 용융 절단하는 방법
Flux and Reflux|조수(潮水)의 간만|NULL
Flying Bridge|항해선교(航海船橋|NULL
Flying Spot Scanner|비점 주사 장치|NULL
Flywheel|플라이휘일|NULL
Flywheel|플라이휠|왕복동기관의 회전수를 고르게 하기 위하여 축에 붙이는 관성모멘트가 큰 바퀴
Foam Fire Extinguisher|포말 소화기|NULL
Foam Monitor|포말 분사장치|NULL
Fog Signal|무중신호|안개 등으로 해상시계가 줄어든 경우에 선박이나 해상기가 충돌예방으로 내는 경보음
Folding Lavatory|접는세면대|사용하지 않을 때는 접어서 격납하는 세면대
Following Operation|후속 공정(後續工程|NULL
Following Sea|추파|배의 진행방향과 입사파의 진행방향이 같거나 거의 비슷한 상태
Food Wastes|음식 쓰레기|NULL
Foot Valve|흡입측 역류방지밸브|NULL
Force Majeure|불가항력|협약상 불가항력은 협약을 이행할 수 없는 예측 불가능하고, 회피 불가능하고, 극복 불가능한 상황을 지칭함. 대부분 국제협약 조문에서 불가항력 경우의 협약 적용에 관해 명시함
Force Majeure / Act of God|불가항력(不可抗力|NULL
Force Pump|압상펌프|펌프가 있는 위치보다 높은 곳에 양수하는 것을 목적으로 하는 펌프
Forced Circulation|강제순환|NULL
Forced Draft|강제통풍|송풍기로 공기를 화로에 강제적으로 불어넣는 통풍방식
Forced Draft Fan|강제통풍(强制通風)팬|NULL
Fore Block|선수(船首) 블록|NULL
Fore Body|선수부|선체중앙에서 앞쪽에 위치한 선체의 총칭
Fore Cant Frame|선수방사형늑골|선수부외판에 직각으로 붙도록 부채꼴로 붙이는 늑골
Fore Construction|선수구조(船首構造)도|NULL
Fore Perpendicular|선수수선|배의 만재흘수선과 선수재외면이 만나는 점을 지나는 수직선
Fore Poppet|선수포펫|선대진수시 선미부양으로 인한 선수부의 순간적인 집중하중을 분산시키기 위한 완충 보호 구조로 목재가 사용됨
Forebody|전부선체(前部 船體|NULL
Forecastle Bulkhead|선수루후단격벽|선수루 후단에 위치한 수밀격벽
Forecastle Deck (F'cle Dk|선수루(船首樓) 데크|NULL
Forecastle 【|항해】앞갑판((군함의))옛적 그리스 혹은 이집트가 지중해에서 이름을 날릴 시절..그들의 선박의 선수부는 유난히 위로 돌출되어 있었으니..그것을 보고 앞쪽의 성.. Forecastle이라 하였다.이 부분은 특히 상대선과 근접한 상황에서 위에서 활을 쏘거나 창을 던질수 있도록 하여승리에서 이기도록 하였다 한다.|NULL
Foreign Matter|이물질(異物質|NULL
Foremast|선수(船首) 마스트|NULL
Forepeak Tank|선수탱크|선수트림을 조절하기 위해 선수창을 물로 채우는 탱크
Foreward(fwd|선수방향(船首方向|NULL
Forge and Bellow|풀무|대장간에 쓰는 가열로에 바람을 보내는 왕복동 송풍장치
Forged Steel|단조강(鍛造鋼|NULL
Forging|단조|금속재료(주로 철강)을 가열하여 두드리거나 압축하여 성형하는 가공법
Forging|단조가공(鍛造加工|NULL
Forging Hammer|단조 해머|증기나 압축공기의 힘으로 단조물을 계속 두드려주는 해머설비
Forging Machine|단조기|단조에 사용되는 기계로서 단조해머와 단조 프레스가 있음
Forklift Truck|지게차|NULL
Form Fire Extinguishing System|포말소화장치|거품을 뿜어 소화하는 장치
Form Freeboard|형상건현|흘수선규칙에서 배의 형상에 따라 정해지는 건현
Formal Safety Assessment (FSA)|공식안전성평가|FSA는 위험 분석과 위험을 저감하는데 필요한 비용-편익 평가를 통해 생명, 건강, 해양환경 및 재산 보호 등 해양 안전을 강화하는 목적으로 하는 체계적인 방법론임. 해상안전이나 해양환경 분야의 새로운 규정을 평가하기 위해 사용됨. 즉, 인명, 해상환경 및 재산 보호를 포함하여 해상안전의 향상을 기하기 위한 저감해야 할 위험도와 이에 필요한 비용-편익 평가를 사용한 조직적이고 체계적인 의사결정 지원 방법
Forming|성형 가공(成形加工|NULL
Forward Error Correction|순방향 오류 정정법|NULL
Forward Spud|앞쪽스퍼드|선체를 고정하기 위하여 해저까지 내릴 수 있는 기다란 사각기둥
Forward Welding|전진용접|용착금속이 형성되는 방향과 용접열원(용접봉)의 이동방향이 일치되는 용접
Foster Subcontractor|외주업체 육성(育成|NULL
Foul Anchor|닻엉킴|닻을 내려놓은 상황에서 바람이나 조류에 의해 닻 고리 등이 닻줄과 엉켜 정상작동이 안되는 상태
Fouling|오손|배 바닥에 해양생물이 부착되는 것
Foundry|주조공장(鑄造工場|NULL
Fractional Distillation|분별증류(分別蒸溜|NULL
Frame|늑골|외판의 안쪽에 일정간격으로 붙이는 횡방향 또는 종방향의 골재
Frame Bending Machine|플레임 벤딩머신|NULL
Frame Body Plan|늑골정면도|선체의 각 횡단늑골의 형상을 나타내는 정면선도
Frame Ground|프레임 접지|NULL
Frame Line|늑골선|늑골의 형상과 위치를 나타내는 곡선
Frame Section|늑골단면|선체의 횡늑골 위치에서 교차되는 횡단면
Frame Space|늑골간격|늑골과 늑골 사이의 간격
Frame Space (F.S|늑골 간격(肋骨間隔|NULL
Frame Work|늑골구조|형재 등을 조합하여 만든 늑골의 보강기능을 갖도록 짜인 구조
Framework of Information Flow|정보흐름 체계|NULL
Fraudulent registration of ships|허위선박등록|선박을 허위등록하는 사례가 발생하고 있으며, 그 예로 서류를 위조해 제3국에 선박등록을 하거나, 특정 국가의 국적을 허위로 사용하거나, 또는 제3국의 관할관청에 알리지 않고 선박을 허위로 등록해 이를 IMO에 신고하는 것 등이 있음. 한 예로 2017년 3월 23일 콩고 정부의 회람서(No.3717)에 따르면, 콩고 국적에 등록된 84척의 선박 중 73척이 콩고 해사청의 승인 없이 등록되어 있었음. 이후 콩고의 국적을 허위로 등록한 73척의 선박은 등록 목록에서 삭제됨
Fraudulent registries of ships|허위선박등록소|일반적인 선박의 허위등록과 마찬가지로 특정 기국의 허가 및 승인 없이 선박 (등기)등록소(이하 등록소)를 허위로 운영하는 경우가 발생하고 있음. 예를 들어, 나우루 정부에 따르면 허위 홈페이지 주소로 운영되는 “나우루 해사청-국제선박등록소” 이름으로 된 선박등록소의 허위운영 사례가 있으며 기국명, 국적, 엠블럼을 불법으로 사용하고 있음. 실제 나우루 정부가 선박등록소 운영을 위임한 기관은 National Project Ltd(NPL)임. 전 세계적으로 여러 기국은 행정당국을 대신하여 선박을 등록하도록 허가된 등록소의 연락처 등 관련 정보를 온라인으로 제공하고 있음
Free Bend|자유굽힘|부재의 양단에 크기가 같고 방향이 반대인 우력을 가했을 때 나타나는 부재의 굽힘
Free Fall Launching|자유낙하진수|인원과 장비를 실은 생존정이 조난선에서 이탈되어 해면에 낙하될 수 있도록 하는 진수방식
Free Float|자유 여유시간|NULL
Free Port|자유항|수출입화물에 관세를 물리지 않는 항구
Free Surface Effect|자유수면 효과|NULL
Free of Charge|무료(無料)로|NULL
Free-fall lifeboat|자유강하식(낙하식)구명정|선미에서 폴을 사용하지 않고 중력으로 자유 낙하시켜 진수하는 전폐형 구명정
Freeboard|건현|선체 중앙부 건현갑판의 현측상면에서 만재흘수선 까지의 수직거리
Freeboard Deck|건현 갑판(乾舷甲板|NULL
Freeboard Ratio|건현비|건현 높이와 배 길이의 비율
Freefall Lifeboat|자유낙하식 구명정|NULL
Freeing Port|방수구(갑판상의|NULL
Freezing Carrier|냉동선|선창에 냉동장치를 갖추고 냉동화물을 운반하는 선박
Freezing Point|빙점|액체나 기체를 냉각할 때 동결이 시작되어 얼음상태로 유지되는 온도
Freezing Point|빙점，응고점|NULL
Freezing Point|응고점|동결점과 같음
Frequency|공진주파수|NULL
Frequency|주파수|진동수와 동일
Frequency|주파수(周波數|NULL
Frequency Division|주파수 분할 다원 접속|NULL
Frequency Division|주파수 분할 다중 통신|NULL
Frequency Modulation|주파수 변조|NULL
Frequency Shift Keying|주파수 편이 방식|NULL
Frequency analysis|발생빈도 분석|과거의 통계적 기록, 혹은 대상시스템에 대한 체계적 해석 결과를 이용하여 사건 발생 횟수를 확률적으로 구하는 것
Frequency of Optimum|최적 사용 주파수|NULL
Fresh Water Generator|조수기(造水機|NULL
Fresh Water Heater|청수가열기|전기나 증기로 청수를 가열하는 기기
Fresh Water Load Line|담수만재흘수선|담수에서 허용되는 최대흘수선
Friction Brake|마찰브레이크|기계의 운동속도를 감소 또는 정지시키기 위해 운동에너지를 마찰열에너지로 바꿔주는 장치
Friction Clutch|마찰클러치|마찰력에 의하여 동력이나 운동을 전달 또는 단절하는 클러치
Friction Coefficient|마찰계수(摩擦係數|NULL
Friction Loss|마찰손실|마찰에 의한 열에너지로 바뀌어 윤활제나 접촉부재로 빠져나가는 에너지
Friction Loss|마찰손실(摩擦損失|NULL
Friction Wheel|마찰바퀴|마찰력을 이용하여 회전력을 전달하는 바퀴
Frictional Resistance|마찰저항|배가 전진할 때 선체표면과 물 사이의 점성마찰로 생기는 저항
Front Bulkhead|전단격벽|어떤 구획의 앞쪽에 위치한 격벽
Front Elevation|정면도(正面圖|NULL
Frost bite|동 상(凍傷|NULL
Froude Number|프루드수|유동의 관성력과 중력의 비를 나타내는 무차원 수
Fruit Carrier|과일운반선|과일을 저장하는 냉장설비를 갖춘 과일운반 전용선
Fuel|연료|공기 중에서 연소되어 열 또는 빛을 발생하여 이것을 여러 가지 목적으로 이용할 수 있는 가연물질
Fuel Consumption|연료소비량|내연기관이나 보일러 등에서 일정시간에 소비한 연료의 양
Fuel Gas|연료가스|가스상태로 쓰이는 연료
Fuel Injection Pump|연료분사(噴射) 펌프|NULL
Fuel Injection Pump|연료유분사펌프|디젤기관의 연료분사밸브에 연료를 고압으로 보내주는 펌프로 주로 플런저 펌프가 사용됨
Fuel Injection Valve|연료분사밸브|연료를 연소에 적합한 미세입자로 만들어 연소실로 분사시키는 밸브
Fuel Oil Blender|연료유블랜딩장치|두 종류의 연료유를 원하는 비율로 섞어주는 장치
Fuel Oil Gravity Tank|연료유중력탱크|중력으로 연료유가 흘러가게 하는 탱크로 기관보다 높은 위치에 설치됨
Fuel Oil Tank|연료유 탱크|NULL
Fuel Oil Tank Emergency Shut-off Valve|연료유탱크비상차단밸브|위급시에 기관실 밖에서 연료유공급을 차단하는 밸브
Fuel Sampling|연료유 샘플링|공급 연료유 내 황 함유량 검증 방법(MARPOL Annex 6, Appendix 6)에 따라 MARPOL 샘플은 100% 신뢰도를 만족해야 하며, In-use(선박에서 사용 중인 연료유)와 On-board(선박에서 사용할 의도가 있거나 사용을 위해 선적하고 있는 연료유) 샘플은 95% 신뢰도를 만족해야 함 공급 연료유 샘플 (MARPOL Deliverd Sample) 100% 0.10% 0.50% 사용중 및 보관 연료유 샘플 (In-use and onboard sample) 95% 0.09~0.11% 0.47~0.53%
Fuel Valve|연료밸브|연료분사 밸브와 동일
Fuel Valve Cooling Oil Cooler|연료밸브기름냉각기|디젤기관의 연료밸브 냉각용 기름을 식혀주는 장치
Fuel Valve Testing Equipment|연료분사밸브 시험기|NULL
Fuel cell|연료전지|연료의 화학적 에너지가 전기화학적 산화 반응에 따라 직접적으로 전기 또는 열에너지로 전환되는 전력원의 기능을 함 (예: 수소-산소 화학반응으로 전기에너지 생성)
Full Fillet Weld|완전필릿용접|두께가 다른 두 판을 연결할 때 차이나는 두께부분을 필렛용접으로 채우는 것
Full Load|전부하|주기의 연속운전이 가능한 정격 최대출력을 내는 상태
Full Load|전하중|구조물이나 원동기 등에서 사용할 수 있도록 계획된 최대하중 또는 부하
Full Load Displacement|만재배수(滿載排水)량|NULL
Full Penetration (F.P|완전용입 용접|NULL
Full Power|전출력|배가 어떤 상황에서 안전하게 연속사용할 수 있는 최대 출력
Full Scantling Vessel|중구선|표준강도의 배에서 배 형상이 허용하는 최대한의 만재흘수를 부여받을 수 있는 배
Full Size|실척|실물크기와 같은 크기로 도면을 그릴 때의 척도
Full Size|현척(現尺|NULL
Full Speed|전속|기관을 최대로 출력할 때 얻는 속력
Fully Balanced Rudder|완전평형타|타판의 일부가 타축 앞에 있어 타에 작용하는 압력중심이 타축 근방에 위치하도록 만든 타
Fully Cavitating Propeller|완성캐비테이션프로펠러|완전 캐비테이션 프로펠러와 동일
Fume Extraction|흄(연무) 배출|NULL
Fumigation|훈증소독(燻蒸消毒|NULL
Function Test|작동 시험|NULL
Functional requirements|기능 요건|신개념 선박건조기준(GBS)에서 2단계 요구 조건으로 신개념 선박건조기준(GBS) 1단계인 목적(goals)을 성취하기 위하여 지켜져야 할 기본적인 기능 요건들
Fundamental Skill of Trades|직종별 기본기량|NULL
Funnel Emergency Shut-off Device|연돌비상차단장치|비상시에 대기와 기관실의 공기유통을 차단시키는 장치
Funnel Mark|연돌(煙突) 마크|NULL
Funnel Mark|연돌마크|연돌에 붙인 회사마크
Funtional Requirement of Machinery system|기계장비의 기능상의 요구사항|NULL
Furce Fit|압력맞춤|구멍에 축을 끼워 맞출 때 압력을 가하여 삽입하는 방법
Furing|퍼링|내장판을 붙이기 위해서 갑판 빔이나 위벽 스티프너에 붙여주는 좁고 긴 판재
Furl Oil Sludge Tank|연료유슬러지탱크|연료청정기에서 배출된 기름섞인 불순물을 저장하는 탱크
Furniture|가구(家具|NULL
Fuse Switch|퓨즈스위치|퓨즈를 부착한 나이프스위치
Fusible Plug|가용(可鎔) 플러그|NULL
Fusion Welding|용접|열에너지에 의하여 부재의 일부와 용접재(용가재)를 용융시켜 접합하는 방법
Fusion Zone|융합부|용접부에서 모재와 용접금속이 녹아붙어 생긴 부분
Future Direction|향후 방향|NULL
G/A (General Arrangement|일반배치(一般配置)도|NULL
GAIN OVER TEMPERATURE|이득 초과 온도|NULL
GALLIUM ARSENIDE|갈륨 비소|NULL
GALVANIZE|도금|NULL
GALVANIZED|아연도금 .|NULL
GAS CIRCUIT BREAKER|가스 차단기|NULL
GAS FILLED LAMP|가스든 전구|NULL
GAS METAL ARC WELDING|가스 금속아크 용접|NULL
GAS TUNGSTEN ARC WELDING|가스 텅스텐 아크 용접 (TIG 용접)|NULL
GATE CONTROLLED SWITCH|게이트 제어 스위치|NULL
GATE TURN OFF THYRISTOR|게이트 턴오프 사이리스터|NULL
GAZ TRANSPORT|당사 건조형 멤브레인방식 LNG선을 개발한 프랑스회사|NULL
GBS Verification Audit Scheme|GBS 적합성 검증 감사|선급에서 제정한 GBS 건조 규칙은 GBS 감사팀의 검증 단계를 거쳐야 함. GBS 4단계 선급 규칙이 1단계 목적(goals)과 2단계 기능 요건(functional requirements)을 반영 여부를 검증. 3년 주기로 유지보수 감사를 수행하며, 규칙의 중요도에 따라 분류된 Category에 따라 모든 규칙 변경사항에 대해 감사를 진행 Category 1 감사 미시행(Team 요청 경우를 제외) Category 2 변경사항의 영향에 따라 감사 여부를 결정 Category 3 항시 감사를 수행
GBS-Safety Level Approach (SLA)|안전수준접근법|안전사고 예방을 위하여 대책을 세움에 있어서 과거의 사고 사례 및 미래의 사고 예측 등을 통계적인 방법으로 접근하여 정량적인 안전 수준을 확보하는 기법
GEAR BOX|기어 박스 (감속기등)|NULL
GEF|지구환경기금|GEF (Global Environment Facility), 지구환경 보전을 목적으로 설립된 국제기금으로 지구환경 금융이라고도 함. 개도국의 환경 분야 투자 및 관련 기술개발을 지원하기 위해 1990년 10월에 설립되었으며, 유엔개발계획(UNDP), 유엔환경계획(UNEP), 세계은행 등이 공동 관장함. 한국은 1994년 5월 11일 가입함.
GENERAL AGREEMENT OF TARIFFS AND TRADE|관세 무역 일반 협정|NULL
GENERAL ARRANGEMENT|일반 배치도|NULL
GENERAL PETROLEUM AND MINERAL ORGANIZATION OF SAUDI ARABIA|사우디아라비아 석유광물공단|NULL
GENERAL PURPOSE INTERFACE BUS|범용 인터페이스 버스|NULL
GENERAL PURPOSE SYSTEM SIMULATOR|범용 시스템 시뮬레이터|NULL
GENERAL PURPOSE TEST EQUIPMENT|범용 시험 장치|NULL
GENERALIZED SYSTEM OF PREFERENCES CERTIFICATE OF ORIGIN|특혜관세의 적용을 받기위하여 발생되는 원산지 증명|NULL
GENERATION INTACT STABLILITY|2세대 비손상 복원성|IMO의 비손상 복원성 기준을 만족하는 선박임에도 불구하고 동적 복원력 문제로 사고가 빈번히 발생함, 하지만, 실질적으로 적용할 기준이 없었기 때문에 2009년부터 2세대 비손상 복원성 기준 개발을 시작 SDC 7차에서 임시 지침서 개발을 완료 및 승인을 위하여 MSC에 제출됨, 총 5가지 복원성 취약 모드가 있으며, 각 모드별 4단계 기준을 평가하여 만족 여부를 결정함
GENERATOR|발전기의 용도|NULL
GENERATOR ENGINE|발전기|NULL
GEOSAR|정지궤도 위성조난안전 시스템|GEOSAR (Geostationary satellite system for SAR), Cospas- Sarsat 시스템을 구성하는 요소로서 약 36,000km 상공에 있는 정지궤도 위성시스템. 정지궤도로 인하여 극지방을 제외한 나머지 지역을 커버할 수 있음
GERMANISCHER LLOYD|독일선급협회|NULL
GHG TC-Trust FUND|온실가스 기술협력 신탁기금|선박 온실가스 배출 감축을 목적으로 IMO 초기전략의 이행을 위한 기술협력, 역량 강화 활동을 추진함에 따른 재정적 지원을 제공함. 2019년 7월 설립된 다자 신탁기금
GIA|글로벌산업연합|GIA (Global Industry Alliance), 해상운송의 이산화탄소 저감을 위한 목적으로 2017년 IMO와 공동으로 글로벌 선주, 선박 운용사, 선급, 엔진 제조 및 석유 화학 업체 등으로 구성된 공공-민간파트너쉽 협력 단체임
GICOMS|항행 안전정보 시스템|GICOMS (General Information Center on Maritime Safety), 정보통신기술을 이용하여 운항을 모니터링하고 각종 해양 안전 및 재난 관련 정보를 연계·통합하여 관련 기관 및 단체와 공유·활용함으로써 신속한 사고대응을 위해 위기관리 시스템
GIRDER|거어더|NULL
GIRDER|거어더(대들보)|NULL
GIRTH|띠장|NULL
GL(Germanisher Lloyd|독일 선급(船級|NULL
GLOBAL LOCAL AREA NETWORK|전세계적인 종합물류 NETWORK|NULL
GLOBAL MARINE DISTRESS & SAFETY SYSTEM|범세계 해상조난 및 안전장치|NULL
GLOBAL POSITIONING SYSTEM|범용 지구 측위 시스템|NULL
GLOBAL POSITIONING SYSTEM|위성 항법 장치|NULL
GLOW DISCHARGE|글로우 방전|NULL
GLOW STARTER|글로우 스타터|NULL
GM (Metacentric Height|메타센터 높이|NULL
GMAW(Gas Metal Arc Welding|가스금속 아크용접|NULL
GMDSS|전 세계 해상 조난 및 안전시스템|GMDSS (Global Maritime Distress and Safety System), SOLAS 협약에 따른 해상에서 조난사고 예방과 사고 발생 시 수색과 구조 활동을 신속히 수행하기 위해 인공위성 중계, 디지털통신, 무선전화, 무선 텔렉스 등을 해상통신 체계에 접목한 전 세계 해상 조난 및 안전제도
GMDSS(Global Maritime Distress and Safety System|세계적인 해상조난 안전시스템|NULL
GODOLINIUM GALLIUM GARNET|가돌리늄 갈륨 가닛|NULL
GOUGING & WELDING|용접부 파내고 재용접하기|NULL
GOVERNOR ROPE|가버너로프|NULL
GPS(Global Positioning System|선위(船位)측정 장치|NULL
GRIDING|사상|NULL
GRINDING|연삭|NULL
GRIT BLASTING|GRIT를 사용해서 철판을 세정하는것|NULL
GROSS NATIONAL PRODUCT|국민 총생산|NULL
GROSS NATIONAL WELFARE|국민 복지 지표|NULL
GROSS REQUIREMENT QUANTITY|총 소요량|NULL
GROSS TONNAGE|총톤수|NULL
GROUND|접지|NULL
GROUND CONTROL APPROACH|지상 관제 진입 장치|NULL
GROUND POSITION INDICATOR|대지 위치 표시기|NULL
GROUND PROXIMITY WARNING SYSTEM|지상 접근 경보 장치|NULL
GROUNDING SHORT CIRCUIT RELAY|이상 지락 검출 계전기|NULL
GROUP CODED RECORDING|군 부호 기록|NULL
GRP( Glass Reinforced Plastics|유리섬유강화(强化) 플라스틱|NULL
GSI (General Stock Item|일반저장자재|NULL
GSP (Group Starter Panel|전동기 종합기동반|NULL
GT (Gross Tonnage|총톤수|NULL
GT equivalence|동등 톤수|현재 협약에 적용 기준은 어선의 길이인 미터로 되어있으나, 각국 어선의 특성이 달라 협약 비준에 어려움이 있어 그 길이에 상응하는 톤수를 정함 길이 24ｍ = 총톤수 300t 길이 45ｍ = 총톤수 950t
GTAW (Gas Tungsten Arc Welding|가스텅스텐아크용접|NULL
GUIDE RAIL|가이드레일|NULL
GUIDE SHOE|가이드슈|NULL
Gain over Temperature|이득 초과 온도|NULL
Gallery|난간|NULL
Galley|갤리선|옛날 지중해지방 토인들이 사용하던 10~12인승의 노를저어 움직이는 보트
Gallium Arsenide|갈륨 비소|NULL
Galv. (Galvanizing|아연 도금(亞鉛鍍金|NULL
Galvanic Action|전식작용(電蝕作用|NULL
Galvanic Corrosion|전기적(電氣的) 부식|NULL
Galvanized Steel|아연도강(亞鉛鍍鋼|NULL
Gangway|현문(舷門|NULL
Gangway Port|갱웨이 포트|사람이 출입하도록 선측에 뚫은 개구
Gantry Cane|문형크렌|부설된 레일위를 주행하는 두쌍의 교각위에 얹어진 대차가 주행하여 물체를 들어 전후좌우로 이둥시키는 기중기
Gantry Crane|갠트리 크레인|NULL
Gantry Crane|갠트리 크렌|레일 위에 네 발을 얹고 발에 달린 바퀴를 구루게 하여 이동하는 몸체가 큰 기중기
Gap and Sag Method|갭 색 법|NULL
Garbage Record Book (GRB)|폐기물 기록부|선박에서의 해양환경 오염방지에 관한 규칙에 따라 관리되는 폐기물 기록부. 총톤수 400톤 이상의 선박 그리고 선박검사 증서상 최대 승선 인원이 15명 이상인 선박에서는 의무적으로 폐기물 기록부를 비치하도록 하고 있음
Garboard Strake|용골(龍骨)옆판|NULL
Gas Brazing|가스 경납땜|가스불꽃으로 가열하여 땜질하는 경납땜
Gas Brazing|가스 브레이징|가스불꽃으로 소재를 가열하는 경납땜
Gas Circuit Breaker|가스 차단기|NULL
Gas Cutting|가스 절단|NULL
Gas Cutting|가스절단|가스불꽃으로 가열하고 금속과 산소의 급격한 화학반응을 이용하여 절단하는 방법
Gas Detection System|가스 감지장치|NULL
Gas Free|가스 프리|NULL
Gas Free Fan|가스퍼리 팬|탱크 내의 위험가스를 배출할 때 사용하는 핀
Gas Monitor|가스감시기|실내에 누출된 유해가스의 농도가 위험수준에 달하면 경보를 표시하는 장치
Gas Perging|가스 퍼징|기존 가스의 위험한계를 낮추기 위하여 다른 불활성가스로 치환하는 것
Gas Pressure Welding|가스압접|가스에서 발생하는 불꽃열을 이용하는 압접
Gas Purging|가스 정화(淨化|NULL
Gas Testing for Tank Entry|탱크 진입전(進入前) 가스성분검사|NULL
Gas Trial|가스 트라이얼|액화가스운반선이 완성도면 화물의 하역 시스템 작동확인을 위하여 치르는 작동시험
Gas Turbine|가스터빈|연료연소에서 얻어지는 고온 고압가스로 터빈을 회전시키는 동력기관
Gas Welding|가스용접|가스불꽃의 열을 이용하는 용접법. 보통 산소 아세틸렌용접을 말함
Gas filled lamp|가스든 전구|NULL
Gas-Free Certificate|가스프리 증명서|NULL
Gas-Shielded Arc Welding|가스차폐 아크용접|NULL
Gasket|가스켓|NULL
Gasoline Engine|가솔린 기관|가솔린과 공기의 혼합가스를 실린더 내에서 전기스파크로 폭발시켜 그 팽창력으로 피스톤을 움직여 회전력을 얻는 동력기관
Gastight Bulkhead|기밀격벽(氣密 隔壁|NULL
Gate|탕구|용해된 금속을 형틀에 주입하는 입구 또는 부어 넣는 통로
Gate Controlled Switch|게이트 제어 스위치|NULL
Gate Turn Off thyristor|게이트 턴오프 사이리스터|NULL
Gate Valve|게이트 밸브|NULL
Gauge Board|계기판(計器板|NULL
Gauge Length|표점간거리|인장시험편 표면에 각 시험규격에 따라서 인각된 두 점 사이의 거리
Gear Pump|기어 펌프|NULL
Geared Duesel Fngine|기어드디젤기관|감속기어를 통해서 추진기를 회전시키는 디젤기관
Geared Trolley|기어드 트롤리|이송용 기어와 체인이 연결된 트롤리
General Alarm|비상경보|비상시 퇴선명령 등에 사용하는 경보
General Cargo Ship|일반 화물선|NULL
General Considerations|일반적인 고려점|NULL
General Outfitting|일반 의장공사|NULL
General Purpose Interface|범용 인터페이스 버스|NULL
General Purpose System|범용 시스템 시뮬레이터|NULL
General Purpose Test|범용 시험 장치|NULL
General Tools|장비품|기관실에서 사용하는 일반공구와 보수부품 등
Generator|발전기의 용도|NULL
Generator Room|발전기실|발전기를 설비하고 전기를 일으키는 곳
Geo-navigation|지문항법|지구표면의 지형과 표적을 참조하여 배의 위치를 알고 이를 항해에 이용하는 항해법
Geo-navigation|지측항법|지문항법과 동일
Geometrical Inaccuracy|기하학적 부정확|NULL
Geometry|기하 형상(幾何形象|NULL
Germicidal Lamp|살균(殺菌) 램프|NULL
Gig|기그|길이 10m 미만의 좁은 트랜섬 선미의 배로 돛과 노로 움직임
Gill Netter|자망어선|자망을 사용해서 고기를 잡는 어선
Gimnasium|운동실|선원과 승객이 간단한 운동을 할 수 있도록 설비된 선내의 구획
Girder|거더|종방향으로 통하는 대형 골재
Girder|거어드，주종통재|NULL
Girdre Space|거더간격|거더와 인접한 거더 간의 거리
Girth|거어스|NULL
Girth|표면길이|선체의 표면을 따라 잰 두 점 간의 최단거리
Glass Wool|유리섬유|NULL
Glass Wool Heat Insulating Material|유리섬유보온재|유리섬유로 된 보온재
Global Compact for Migration & Global Compact on Refugees|유엔 글로벌 이주 협약 및 유엔 글로벌 난민협약|2018. 12. 10-11 모로코 마라케시에 안전 및 질서 정연한 이주를 보장하기 위한 전 지구적 협약을 채택하기 위한 유엔총회 세계난민대책회의가 개최되었으며 그 결과, 유엔 글로벌 이주 협약과 유엔 글로벌 난민협약이 채택되었음. 두 가지 협약 모두 법적 구속력은 없지만 지속 가능한 발전과 모범적 시민성의 활성화를 촉진하며, 다양한 상황에서 발생하는 난민들이 겪는 한계를 극복하기 위한 보충적 보호제도임. 유엔 글로벌 이주 협약의 목적은 난민 수용국의 부담 완화, 난민의 자립 강화, 공식적인 재정착과 기타 법적 수단을 통한 소위 ‘제3국의 난민 접근 확대 및 안전한 본국 송환 보장을 위한 출신국의 협조적 환경을 조성하기 위함임. 유엔 글로벌 난민협약은 ‘난민이 겪는 곤경은 인류의 공통 과제’라는 전제에서 출발하며, 새롭게 발생하는, 또 장기화하는 난민의 상황에 대한 ‘예측할 수 있고 공평한 부담과 책임의 공유’를 목표로 함
Global Counter Piracy Guidance for Companies, Masters and Seafarers|선사, 선장, 선원을 위한 글로벌 해적 대응 지침서|MSC는 선원, 선박 및 화물을 보호하고 해적과 무장 강도의 공격 위협이 존재하는 지역을 항해하는 선박의 위험 평가에 도움을 주고자 동 지침서를 채택함. 모든 선박 유형에 적용되며, BMP 최신버전, ReCAAP ISC 등이 발간한 해적 및 해상보안에 대한 지역별 지침을 보완하는 역할을 함
Global Environment Facility (GEF)|지구환경금융|개발도상국들의 환경 분야 투자 및 기술개발을 지원하기 위해 1990년 10월 설립. UNDP(유엔개발계획), UNEP(유엔환경계획), 세계은행 등 3개 기관이 공동으로 관장함
Global Industry Alliance (GIA)|저탄소 해운을 위한 국제산업연합|GloMEEP 프로젝트 아래에서 만들어진 공공-민간 파트너십 이니셔티브로 고효율/저탄소 해운 시스템을 지원하기 위한 글로벌 해운산업 리더들과의 파트너십 구축을 목적으로 함. 해운사뿐만 아니라 석유 업계, 엔진 제조사 및 기자재업체, 빅데이터 제공업체, 항만 등 다양한 업계와의 협력을 통하여 혁신적인 선박 온실가스 감축 방안을 개발하는 것이 목표
Global Integrated Shipping Information System (GISIS)|세계통합 해운 정보시스템|국제해사기구(IMO)에서 운영 및 제공하는 웹 기반의 데이터베이스 (DB) 플랫폼으로, IMO 협약상 요구되는 정보 등의 체계적인 관리와 사무국과 회원국 간 효율적인 의사소통 및 협의, 다양한 사안에 관한 정보를 업로드 그리고 다운로드 할 수 있음
Global Maritime Energy Efficiency Partnership (GloMEEP)|국제해사에너지효율파트너십|GEF(지구환경금융), UNDP(유엔개발기구), IMO(국제해사기구)가 공동으로 추진하는 프로젝트로 10개의 시범 국가를 선정하여 선박 온실가스 감축을 위한 에너지효율 조치 이행을 지원
Global Maritime Technology Cooperation Centers Network (GMN)|국제해사기술협력센터네트워크|유럽연합(EU)이 후원하고 국제해사기구(IMO)가 추진하는 선박 에너지효율 기술협력을 위한 전 세계 네트워크 구축 프로젝트로, 대륙별 기술협력센터를 구축하여 개도국을 대상으로 다양한 기술이전, 역량 강화 활동을 수행
Global Positioning System|범용 지구 측위 시스템|NULL
Global Warming Potential (GWP)|지구온난화지수|온실가스가 지구온난화에 이바지하는 영향 정도를 나타내는 지수로, 이산화탄소의 지구온난화 영향을 1이라고 할 때 이와 비교하여 영향 정도를 나타낸 값. 예를 들어 메탄(CH4)의 GWP는 21, 메탄 1kg은 이산화탄소 21kg에 해당하는 정도로 지구온난화에 영향을 미침
Glossary of Terms|용어 설명(用語說明|NULL
Glow discharge|글로우 방전|NULL
Glow starter|글로우 스타터|NULL
Goal|목표(目標|NULL
Goal-Based New Ship Construction Standards|신개념 선박건조기준|GBS란 선박이 수명주기 동안 확보해야 할 안전목표(Safety Goal) 및 기능 요건(Functional Requirements)을 설정하고 이를 만족하기 위한 세부기준을 다섯 단계로 정의함으로써 선박의 안전성을 향상하기 위한 새로운 개념의 IMO 법규 체계임. Goal-based 규정은 목표 달성을 위한 세부적인 방법을 명시하지 않고 단지 목표만을 설정한다는 측면에서, 목표를 달성하는 다양한 방법들을 가능하게 함
Godolinium Gallium Garnet|가돌리늄 갈륨 가닛|NULL
Goggles|보호안경|용접시에 용접광선과 불똥 등으로 부터 눈을 보호하기 위하여 작업자가 쓰는 안경
Goliath Crane|골리아스 크렌|건조 독 주변에 설치되는 다리 폭이 매우 넓은 대형 브리지형 주행 기중기
Goliath Crane|골리앗 크레인|NULL
Gong with a Pilot Lamp|표시등붙이징|징이 울리는 동시에 등이 켜지는 장치
Gooseneck Bracket|구즈넥 브래킷|데릭포스트 아래에 붙여 데릭붐을 지지하는 쇠붙이
Gooseneck Ventilator|거위목형 통풍통|물팅크나 기름탱크 등의 환기를 위하여 붙이는 거꾸로 된 U자형 파이프의 자연통풍통
Gouging|가우징|NULL
Governer Gear|조속장치|조속기와 같음
Governor|조속기(調速機|NULL
Grab Bucket|그라브|NULL
Grab Bucket|그래브 버킷|토사를 굴삭하여 움켜올리는 개폐식 버킷
Grade|등급(等級|NULL
Grader Vessel|그레이더선|준설된 해저면을 고르게 긁어주는 배
Gradual Failure|열화 고장(劣化故障|NULL
Grain|입자|금속조직을 구성하는 하나 하나의 결정체
Grain Capacity|그레인 용적|벌크화물을 운반하는 화물창의 용적을 나타내는 방식
Grain Cargo|낱알화물|곡물과 같은 입자상태의 화물
Grain Carrier|곡물운반선|곡물운송에 쓰이는 전용선
Grain Code|산적 형태 곡물의 안전운송을 위한 국제규칙|Grain Code (International Code for The Safe Carriage of Grain in Bulk), 콩, 옥수수, 귀리 등의 산적 형태의 곡물 운송에 관한 국제규칙
Grand Assembly|선행탑재(先行搭載|NULL
Grand-block Joining|선행탑재(PE|NULL
Graphitization|흑연화|철강조직 속에 들어있는 Fe3C(시멘타이트) 조직에서 화합탄소를 분해하여 흑연으로 유리하는 것
Grating|격자|기관실 가설통로 등에 깔리는 대발 모양의 바닥 구조물
Grating|그레이팅|NULL
Grating Bearer|격자 받침|격자를 지지해주는 받침구조물
Gravity Arc Welding|중력식 아크용접|NULL
Gravity Davit|중력식대빗|보트의 무게로 배 밖으로 내려놓게 되어있는 보트대빗
Gravity Tank|중력식탱크|사용장소보다 높게 설치하여 유체가 중력으로 공급되도록 한 탱크
Gravity Tank (Head Tank|중력(重力)탱크|NULL
Grease Nipple|그리이스 주입구|NULL
Grease Pump|그리이스 펌프|NULL
Great Pacific Garbage Patch (GPGP)|태평양 거대 플라스틱 섬|태평양에 있는 거대 플라스틱 쓰레기 섬으로 바람과 해류의 영향으로 북미와 중남미, 아시아에서 흘러온 쓰레기가 모여 있는 지역을 칭함. 비영리 연구단체 오션클린업파운데이션은 2018년 3월 28일 이 거대한 쓰레기 섬을 3년간 추적 연구해, 그 결과를 공식 발표했으며, 조사팀에 따르면 GPGP의 규모는 점점 커져 60만 제곱마일(약 155만㎢)에 달하는 것으로 추정됨. 대한민국 면적의 약 15배임 < 출처: www.seoulwire.com >
Green Light|우현등|해상충돌예방법에 따라서 배의 우현에 다는 녹색등기구
Green Water|그린 워터|거친 해상에서 선박의 갑판에 해수가 다량으로 유입되는 현상
Greenhouse Gas (GHG)|온실가스|지구를 둘러싸고 있는 기체로 지표면에서 우주로 발산하는 적외선 복사열을 흡수하거나 반사할 수 있는 기체를 말하며, 온실효과를 유발하여 기후변화에 영향을 미침 화학식 명칭 CO 2 이산화탄소 CH 4 메탄 N 2 O 아산화질소 HFCs 수소불화탄소 SF 6 육불화황 PFCs 과불화탄소 NF 3 삼불화질소
Grey water|중수|중수(Grey water)는 선박의 거주 구에서 선원이 사용하는 샤워실, 세탁실을 통해 배출되는 폐수를 총칭
Grid|격자(格子|NULL
Grill Room|선객식당|여객 또는 사관이 이용하는 식당
Grinding|연삭|NULL
Grit|기계 등에 끼이는) 잔모래; 왕모래; 자갈; 거친 가루; 석질(石質|NULL
Groove|홈|맞대기용접에서 용입을 충분히 하기 위하여 일정두께 이상의 이음부에 미리 파주는 골
Groove Depth|홈(개선) 깊이|접합재 사이에 가공된 홈의 깊이
Groove Face|홈면(개선면)|가공된 홈의 표면
Grooving Machine|홈파기 기계|밀링머신 등 홈을 파주는 공작기계
Gross Tonnage|총톤수|NULL
Gross negligence|중과실|중과실이란 주의의무의 위반이 현저한 과실임, 즉 통상 요구되는 정도의 상당한 주의를 하지 않더라도 약간의 주의를 한다면 손쉽게 위법, 해로운 결과 발생을 예견할 수 있는 경우임에도 만연히 이를 간과함과 같은 거의 고의에 가까운 현저한 주의가 모자란 상태를 의미함
Ground|접지|NULL
Ground Chain|선체연결체인|체인로커의 브래킷에 연결되어 선체와 연결되는 마지막 앵커체인 고리
Ground Connection|접지접속|아크용접에서 케이블선을 통한 용접전원과 모재를 연결하는 전기적 접속
Ground Control Approach|지상 관제 진입 장치|NULL
Ground Position Indicator|대지 위치 표시기|NULL
Ground Proximity Warning|지상 접근 경보 장치|NULL
Grounding Short Circuit|이상 지락 검출 계전기|NULL
Group A|그룹 A 화물|그룹 A (Group A), 운송허용 수분치를 초과하여 선박에 적재되는 경우에 액상화 현상이 일어날 수 있는 액상화 화물을 포함하는 구분 체계
Group B|그룹 B 화물|그룹 B(Group B)란, 화물의 특성에 의하여 선상에서 위험한 상황을 일으킬 수 있는 화학적 유해성이 있는 화물을 포함하는 구분 체계. 그룹 B에 해당하는 화물은 국제해상위험물규칙(IMDG Code)의 분류 체계에 따른 위험물(dangerous goods) 및 국제해상위험물 규칙에 따라 위험물로 분류되지는 않으나 산적 상태에서만 위험한 물질(MHB, Material Hazardous in Bulk)을 포함함
Group C|그룹 C 화물|그룹 C(Group C), 그룹 A ‘액상화 화물’ 및 그룹 B ‘화학적 유해성이 있는 화물’에 모두 해당하지 않는 화물(일반화물)을 포함하는 구분 체계
Group Coded Recording|군 부호 기록|NULL
Group Flsshing Light|다섬광등|여러 빛깔로 일정 간격마다 섬광을 보내는 항로표시 등
Group Incentive|단체 장려급|NULL
Group Occulting Light|다명암등|일정한 간격으로 점멸하는 항로표시등
Group Technology|집단관리기법|NULL
Guarantee Engineer|보증기사|새로 설치된 기관의 작동을 확인하기 위하여 제작사에서 항해에 동승시키는 기술자
Guarantee Period|보증기간(保證期間|NULL
Guarantee Work|보상공사|선박이 완공 인도된 후 일정기간 동안에 발생하는 하자에 대하여 조선소가 무상으로 보수해주는 것
Guarantee Work|보증공사(保證工事|NULL
Guard Bar|보호봉|프로펠러의 전리부식을 막기 위해 부근에 붙여주는 아연판
Guard Rail|가드레일|추락이나 위험접근을 방지하는 손잡이 또는 레일
Guard Rail|보호 난간|NULL
Gudgeon|거젼|핀틀을 끼우기 위한 힌지로 선미재의 타축 핀이 지지되는 끝 부분
Guide Bend Test|형틀 굽힘시험|수 형틀과 암 형틀을 사용하여 이 안에서 시험편을 굽히는 시험
Guide Piece|가이드 피이스|NULL
Guide Roller|안내롤러|소형선에서 조타체인의 움직임을 부드럽게 하기 위하여 붙여주는 롤러
Guided Bend Test|틀굽힘시험|시험편을 틀에 넣고 압력을 가하는 굽힘시험
Guided Cutting Apparatus|틀절단장치|절단토치를 형틀에 따라 이동시켜서 정해진 모양으로 절단하는 자동절단장치
Guimbal|짐벌|선박 동요에 관계 없이 자기컴퍼스가 수평으로 놓이도록 직교하는 두 방향의 링으로 구성된 자유지지틀
Gun Metal|포금|구리 90%와 주석 10%로 이루어진 동합금
Gun Platform|포좌|포가 설치되는 대
Gun Room|준사관실|함대의 준사관 또는 초급사관들이 이용하는 공실
Gunwale Angle(Bar)|거널 앵글(바)|선측 상단에 붙는 종통 형강재
Gusset Plate|거세트 판(板|NULL
Gutter Pipe|배수관(排水管|NULL
Gutter Water Way|거터 배수로|갑판 위의 배구를 위한 수로
Guy Winch|가이 윈치|가이를 풀어주거나 감아당기는 윈치
Gymnasium|체육관(體育館|NULL
Gypsy Wheel|집시휠|윈드라스로 케이블을 당겨 감아주는 홈바퀴
Gypsy Wheel / Wildcat|양묘기의 체인바뀌|NULL
Gyro Pilot|자이로파일럿|자이로컴퍼스의 신호를 이용하여 자동적으로 일정한 침로를 유지시켜주는 조타장치
Gyrocompass|자이로 콤파스|NULL
Gyroscope|자이로스코프|회전체의 관성을 이용하여 기준방향이나 기준면을 구하는 기기
Gyrostabilizer|자이로안정기|자이로작용을 이용하여 선체의 횡동요를 줄여주는 장치
HALL EFFECT|홀 효과|NULL
HARMONIC WAVE|고조파|NULL
HARMONIZED COMMODITY DESCRIPTION AND CODING SYSTEM|신국제 통일 상품분류|NULL
HATCH COAMING|창구 연재|NULL
HATCH COVER|창구 덮개|NULL
HAZID|위험성 식별|HAZID (Hazard Identification), 특정한 상황, 공정 혹은 사물 등이 위해한 상황을 일으킬 수 있는지를 식별하거나 확인하는 과정을 의미함
HBCM (Hull Block Construction Method|블록건조법|NULL
HCD|인간중심설계|HCD(Human Central Design), 사용자 중심의 시스템 개발을 위한 설계 방법
HEAT AFFECTED ZONE|열 영향 구역|NULL
HEAT ONLY BOILER|열전용보일러|NULL
HEATING VENTILATION AND|공기조화시스템|NULL
HEATING VENTILATION AND AIR CONDITION|냉난방 장치|NULL
HEAVY FUEL OIL|중유|NULL
HEAVY FUEL OIL TANK|중유 탱크|NULL
HERTZ|주파수|NULL
HETERO BIPOLAR TRANSISTOR|헤테로바이폴라 트랜지스터|NULL
HF Radio|단파대역 무선통신장비|HF Radio (High Frequency Radio), 3∼30 MHz 주파수 대역을 사용하는 선박무선 통신장치, 최대 통달거리 : 500∼1,000km
HFO (Heavy Fuel Oil|중질유(重質油|NULL
HI-POT TEST|고전압 내압 시험|NULL
HIGH BUILD COATING|후도막 도장|NULL
HIGH BUILD COATING|후도막도장|NULL
HIGH FREQUENCY|고주파|NULL
HIGH FREQUENCY GENERATOR|고주파 발전기 ( 高周波發電機 )|NULL
HIGH INTENSITY DISCHARGE LAMP|고휘도 방전램프|NULL
HIGH LEVEL TRANSISTOR|고수준 트랜지스터 논리|NULL
HIGH OUTPUT FLUORESCENT LAMP|고출력 형광램프|NULL
HIGH POTENTIAL TEST|내전압|NULL
HIGH POTENTIAL TEST|절연내력|NULL
HIGH PRESSURE MERCURY [VAPOUR] LAMP|고압수은 램프|NULL
HIGH YIELD STRENGTH STEEL, HIGH YIELD-TENSILE RATIO STEEL|고항복 강도강, 고항장비강|NULL
HIGHER STRENGTH LOW ALLOIED STEEL|고장력 저합금강|NULL
HIGHER TENSILE STEEL|고장력강|NULL
HIGHFIDELITY|고충실도|NULL
HNS (Hazardous and Noxious Substances|유해 위험물질|NULL
HOISTING MACHINE|권상기|NULL
HOME AUTOMATION|가정 자동화|NULL
HORIZONTAL POSITION|수평 자세|NULL
HORIZONTAL POSITION WELDING|수평자세 용접|NULL
HORSE POWER|마력|NULL
HOT LINE|핫 라인|NULL
HOT LINE|핫라인|NULL
HOT WATER|더운물|NULL
HSC CODE|고속선박 코드|국제항해를 하는 고속여객선 및 500톤 이상의 고속화물선에 적용되는 코드로써, 국제항해를 하는 고속선의 안전을 확보하기 위해서 설계 및 구조, 장비, 운항 조건 및 정비에 대한 종합적인 요건을 포함하고 있음
HSSC|검사 및 증서조화제도|HSSC(Harmonized System of Survey and Certification), 협약에서 중복하여 규정하는 불필요한 규제를 제거하고 통일된 증서 양식을 통해 일원화된 검사 수행 및 증서발급을 위한 제도
HULL PRODUCTION SCHEDULE|구조 생산 계획|NULL
HVO|Hydro-treated Vegetable Oil|일반적으로 폐식용유를 사용하여 만들어지며 가공과정에서 수소가 첨가된 식물성 연료이기 때문에 기존의 바이오 디젤 대비 연소 시 대기오염물질이 적게 배출됨. 기존 화석연료 대비 온실가스 배출은 90%까지 감소시킬 수 있으며 연료에 황이나 산소 성분이 없어 황산화물 및 질소산화물, 분진 등을 적게 배출함
HYBRID IC|혼성 집적 회로|NULL
HYDRAULIC PRESSURE|유압 (油 壓 )|NULL
HYDRAULIC PUMP|유압 펌프|NULL
HYDRO TEST|수압 시험|NULL
Half Beam|반보|선창이 뚫린 부분에 해치사이드거더와 선측늑골 사이에 붙는 갑판보
Half Model|반쪽모형|선체중심선면에서 어느 한쪽(일반적으로 우현)의 모형만을 만든 것
Half Round Bar|반원형 단면봉|NULL
Half Round Bar Steel|반원단면강|단면이 반원으로 된 강재
Half-Breadth Plan|반폭도(半幅圖|NULL
Half-siding|평저부반폭|임의의 횡단면에서 측정한 기저면에 접하는 부분의 반쪽
Hall Effect|홀 효과|NULL
Halon|할론|프레온가스와 비슷한 물질로, 소화 성능이 뛰어나며 대상물을 오염시키지 않는 특성이 있음. 그러나 오존층 파괴 물질로 적용됨에 따라 SOLAS Reg.II-2/10.4.1.3에서 고정식 소화장치의 소화제 로써 사용을 금지하고 있음
Halyard|기(旗) 게양용 줄|NULL
Hamful Substance|유해물질(有害物質|NULL
Hammer Dressing|해머마감질|단조작업에서 행하는 해머다듬질(모양을 만들고 구멍을 내고 잘라내는 등)
Hammering Test|해머질시험|금속재료의 가단성을 조사하기 위하여 행하는 해머로 두드리는 시험
Hand Flare|신호홍염|해상에서 조난자가 손에 쥐고 연막을 내는 구조요청 신호장치
Hand Gear|수동장치|기계장치의 동작조건이 바뀌도록 손으로 조작할 수 있는 장치
Hand Jig|수동 지그|NULL
Hand Lead|측심추|측심연이 달린 측심줄을 함께 부르는 호칭
Hand Log|핸드로그|배로 물 속에 매달아 끌면서 로프가 풀리는 것으로 배의 상대속력을 측정하는 장치
Hand Pump|핸드펌프|적은 유체를 옮길 때 사용하는 소형의 수동식 펌프
Hand Spike|핸드스파이크|캡스턴을 손으로 돌리기 위해 끼우는 봉
Hand Steering Gear|수동조타장치|기계력에 의하지 않고 사람의 힘으로 조타하는 장치
Hand Tacometer|손회전계|회전기계의 회전속도를 손으로 휴대하여 계측할 수 있는 기기
Handysize B/C|핸디사이즈 B/C (5만톤 이하 B/C|NULL
Hanger Point|지지점(支持點|NULL
Hanger Shed|비행기격납고|항공모함에서 비행기를 넣어 보관하는 창고
Harbor Limit Speed|항내제한속력|항내에서 제한되는 속력
Harbor Master|항장|항구와 관련된 모든 행정업무의 최고책임자
Harbor Radar|항만레이더|항구에 출입하는 배의 안전과 통제를 위하여 항내 출입 선박들을 살피는 레이더장치
Harbor Seck|하버갑판|터릿선(Turret Vessel)에서 트렁크와 선측판 사이의 갑판부
Harbor Shelter|대피정박지|해상상태가 나쁠 때 배가 대피하여 정박하는 항구
Harbor Speed|항내속력|항내나 좁은 수로 등에서 내는 스탠바이 상태의 속력
Hard Over|하드오버|타각을 최대각도(35도)까지 오른 쪽이나 왼쪽으로 틀어주는 것
Hard Port|전타좌회전|타각이 최대한도(35도)에 도달할 때까지 타를 왼쪽으로 돌릴 것을 지시하는 조타명령
Hard Starboard|전타우회전|타각이 최대한도(35도)에 도달할 때까지 타를 오른쪽으로 돌릴 것을 지시하는 조타명령
Hardness Test|경도시험(硬度試驗|NULL
Harmful aquatic organisms and pathogens|유해 수중생물 및 병원균|강, 바다 등의 수역에 유입될 경우 자연환경ㆍ사람ㆍ재화 또는 수중생물의 다양성에 해로운 영향을 미치거나, 해당 수역을 이용하는 데에 장애가 되는 수중 생물체 또는 병원균을 지칭
Harmonic Wave|고조파|NULL
Hatch Beam|해치빔|해치보드를 지지하기 위해 하역해치의 옆방향으로 설치하는 탈착식 빔
Hatch Board|해치덮개판|해치를 막기 위해 해치빔 위에 까는 나무널판
Hatch Carline|창구측면종통재|창구 양현의 짧은 갑판보의 끝을 연결해주는 갑판 종통재
Hatch Coaming|창구코밍|선체의 화물창덮개가 부착되도록 갑판에 세워진 수직테두리
Hatch Cover|창구덮개|갑판의 창구를 열거나 덮어주는 설비
Hatch Cover (Folding/Side Rolling/ Pontoon|해치커버|NULL
Hatch End Beam|창구 단보|NULL
Hatch End Beam|창구단보|창구 전 후단에 배치하는 큰 갑판보
Hatch Grating|창구격자|수밀이 불필요한 갑판창구에 덮는 격자모양의 덮개
Hatch Ladder|창내사다리|갑판간 또는 갑판에서 선창바닥에 이르는 승강사다리
Hatch Locking Bar|해치로킹바|해치커버를 눌러주기 위해 해치타풀린의 위에서 양현의 해치코밍에 걸쳐주는 평강
Hatch Rest|창구덮개판받침|창구덮개판이 걸쳐지는 창구코밍 상단의 선반모양부분
Hatch Tarpauline|해치타풀린|해치에 비바람이 새지 않게 해치보드 위에 덮어주는 방수천
Hauling Crriage|홀링캐리지|와이어를 넣어서 입거 선박을 안전하게 끌어드리기 위하여 독 양쪽의 가이드 레일위에 설치하는 붙박이용 쇠붙이
Hawser|호저|배의 계류에 쓰이는 주 로프
Hawser Drum|호저드럼|호저를 감아들이는 드럼
Hawser Reel|호저릴|호저를 감아서 격납하는 드럼
Hazard and operability (HAZOP)|위험요소 및 운용성|새로운 시스템을 설계할 때 잠재적인 위험요인과 운영상의 문제점을 파악하고 사고를 방지하기 위한 적절한 안전장치가 설치되어 있는 지를 확인하는 방법으로 주로 위험요소 규명(hazard identification) 단계에서 사용되는 정성적인 분석 방법
Hazardous Substance|위험 물질(危險物質|NULL
Head Line Winch|헤드라인윈치|준설선에서 준설반력으로 배가 떠밀리지 않도록 잡아주고 전진시켜주는 와이어를 감는 윈치
Head Reach|최대정지거리|배가 정상속도로 직행하다가 비상정지(역추진 또는 급선회)시킬 때 전진한 최대거리(정지 전의 직선항도와 평행한 직선성분거리)
Head Sea|맞파도|배의 전진방향과 반대로 오는 파도
Head Seat|선수좌판|보트의 앞머리에 붙인 상자형 좌석
Head Set|헤드폰형 송수화기|NULL
Headroom|상부 공간(上部空間|NULL
Heat Affected Zone|열 영향부(熱影響部|NULL
Heat Balance|열 평형(熱平衡|NULL
Heat Conduction|열전도|물체 내부의 열에너지가 물질의 이동 없이 고온에서 저온으로 전달되는 현상
Heat Conductivity|열 전도도(熱傳導度|NULL
Heat Engine|열기관|열에너지를 기계적에너지로 변환시키는 원동기
Heat Exchanger|열교환기(熱交換器|NULL
Heat Insulation|열절연|열전도율이 낮은 물체로 주위를 둘러싸서 열의 이탈이나 유입을 막는 것
Heat Insulation Materials|열절연재|열의 발산이나 침입을 막아주는 재료
Heat Rate|열소비율|열기관이 단위출력을 내기 위하여 필요한 열량
Heat Resistant Paint|내열성(耐熱性)페인트|NULL
Heat Treatment|열처리(熱處理|NULL
Heat straightening|가열교정(加熱矯正|NULL
Heating Arrangement|난방장치|실내온도를 적절하게 데워주는 장치
Heating Coil|가열(加熱)코일|NULL
Heating Method|가열 방법(加熱方法|NULL
Heating Surface|전열면|보일러 및 열교환기에서 열교환이 일어나는 표면
Heating Torch|가열 토치|NULL
Heave-to|최저속안전운항|해상상태가 극히 나쁠 때 선박의 안전을 위하여 최저속력으로 운항하는 항법
Heaving|상하동요|선체의 연직축 방향으로 움직이는 상하운동
Heaving Line|히빙라인|계류용 로프를 건네주기 위해 먼저 던져주는 추가 달린 가는 로프
Heaving and Dipping|상하 동요(上下動搖|NULL
Heavy Derrick|중량물데릭|중량화물 전용의 데릭장치
Heavy Derrick Rigs|헤비데릭장치|특별히 무거운 하역에 쓰이는 데릭장치
Heavy Sea Anchoring|황천묘박|악천후에 대비한 묘박
Heel|횡경사|선체가 길이방향 축을 중심으로 회전하였을 때의 선체 기울기
Heel Disk|힐디스크|타의 전체 중량을 받아주며 마찰을 줄이기 위하여 힐피스의 거젼에 끼우는 볼록형 원반
Heel Pintle|힐핀틀|힐거전에 삽입되는 타중량 지지핀틀
Heeling Pump|힐링펌프|선박의 횡경사를 제어하기 위하여 한 탱크에서 다른 탱크로 해수를 이송하는 펌프
Heigh Alloy Steel|고합금강|여러가지의 합금원소가 많이 들어있는 합금강
Heighly Skewed Propeller : HSP|고스큐 프러펠러|프로펠러의 스큐각이 일반적으로 날개사이각의 50% 이상인 프러펠러
Heliarc Welding|헬리아크용접|헬륨가스로 아크분위기를 감싸주는 아크용접법
Helmet Type Diving Apparatus|타급기잠수호흡기|지원선에서 호흡가스를 공급받으며 잠수하도록 된 호흡기
Hemp Rope|대마로프|표백한 대마껍질섬유로 꼬아 만든 밧줄
Herical Angle|나선각|나선과 나선 축에 수직한 평면과 각도
Hertz|주파수|NULL
Hetero Bipolar Transistor|헤테로바이폴라 트랜지스터|NULL
Hexagon Head Bolt|육각(六角)머리 볼트|NULL
Hexagon Wrench|육각(六角) 렌치|NULL
Hi-Pot Test|고전압 내압 시험|NULL
Hierarchy of Schedules|스케쥴의 체계(體系|NULL
High Carbon Steel|고탄소강|탄소 함유량이 0.6% 이상인 철강
High Drug Puwer Anchor|고파지력 닻|종래의 스토크리스 앵커보다 큰 파지력을 갖는 닻
High Frequency|고주파|NULL
High Frequency Induction Welding|고주파 유도용접|고주파 유도열을 이용하여 용접부를 가열 가압하여 접합하는 맞대기 또는 심용접법
High Frequency Resistance Welding|고주파 저항용접|고주파전류를 모재에 직접 공급하며 용접부를 가압하여 접합하는 맞대 기(심)용접법
High Level Transistor|고수준 트랜지스터 논리|NULL
High Potential Test|절연내력|NULL
High Pressure Gas Accident|고압가스 사고|NULL
High Stress Zone|고응력부(高應力部|NULL
High Suction|상부흡입구|바닥이 얕을 때 이물질의 흡입을 피하여 위에서 취수하는 흡입구
High Temp. Cooling Water System (H.T.C.W System|고온 냉각수 시스템|NULL
High Temperature Corosion|고온부식|연료에 포함된 바나듐 나트륨 등 고윤점물질에 의해 보일러의 과열기나 디젤의 배기밸브등 고온부재에 발생하는 부식
High Tensile Steel|고장력강(高張力鋼|NULL
High Titanic Type|고티탄계|산화티타늄을 주성분으로 하는 피복제를 입힌 용접봉으로 박판용접 등에 쓰임
High Voltage|고전압|발전, 배전 또는 변압의 전압이 1000V를 초과하는 AC(교류) 또는 DC(직류)를 통칭하여 고전압이라고 표현
High Voltage Test|내전압(耐電壓) 시험|NULL
High frequency generator|고주파 발전기 ( 高周波發電機 )|NULL
High intensity discharge|고휘도 방전램프|NULL
High manganese steel for cryogenic service|극저온용 고망간강|LNG 선박 등의 극저온용 저장 탱크의 강재로 사용 가능한 신소재. 기존의 니켈(nickel) 기반의 극저온용 강재보다 높은 함량의 망간(manganese)을 함유하며, 영하 196℃의 극저온에서도 성능을 유지할 수 있음. 액화가스 운송 선박 등의 극저온용 강재로 사용할 수 있도록 잠정 지침서(MSC.1/Circ.1599)가 개발되어 있으며, 해당 소재가 국제협약에도 반영될 수 있도록 논의 중임
High output fluorescent lamp|고출력 형광램프|NULL
High pressure mercury|고압수은 램프|NULL
HighFidelity|고충실도|NULL
Hinge|힌지|NULL
Hinged Door|여닫이문|돌저귀가 달린 문
Historical Data for Similar Work|유사작업 실적자료|NULL
Hobbing Machine|호빙머신|기어의 이빨을 깎아 주는 공작기계
Hogging|호깅|선체 중앙부가 선수미부보다 더 떠올라서 선체가 볼록한 꼴로 굽은 상태
Hoist|호이스트|소형물을 들고 내리는 데 사용되는 동력 도르래장치
Hoist Drum|호이스트드럼|기중기나 윈치에서 조양로프를 감아주는 드럼
Hold Beam|창내보|화물창 내에 설치된 갑판보
Hold Bulkhead|창내격벽|화물창 안의 칸막이 수밀격벽
Hold Capacity|창내용적|선창 내의 화물적재가 가능한 용적을 큐빅미터 또는 큐빅피트로 나타낸 용적
Hold Frame|창내(艙內) 늑골|NULL
Hold Frame|창내늑골|최하층갑판 아래 선창내 선측에 배치되는 늑골
Hold Stringer|창내스트링거|창내 측면 프레임 안쪽에 붙는 보강종통재
Hold Watching Step|화물창 점검대|NULL
Hold Well|창내물고임통|선창 내에 생기는 빌지를 고이게하는 통
Holding Power|파지력|투묘된 닻이 해저에 박혀 받을 수 있는 수평저항력과 늘어져서 바닥에 닿아 있는 닻줄이 받을 수 있는 저항력을 합친 것
Holding-Down Bolt|홀딩다운 볼트|NULL
Holiday|도장(塗裝)누락부|NULL
Hollow Blade|중공날개|원심력으로 인한 응력을 줄이기 위해 속이 비도록 가볍게 만든 프로펠러 날개
Hollow Pillar|중공기둥|속이 빈부재로 만든 기둥
Hollow Shaft|중공축|가운데가 빈 축
Hollow Shaft|중공축(中空軸|NULL
Home Automation|가정 자동화|NULL
Honing Machine|호오닝가공 기계|NULL
Hook|훅|화물을 거는 데 사용되는 갈고리모양의 쇠붙이
Hook Block|갈고리 도르래|고리에 걸도록 갈고리가 붙은 도르래
Hopper Door|호퍼도어|준설 토사 운반바지 등의 진흙창 하부에 설치하는 미끄럼 문
Hopper Dredger|호퍼준설선|준설토를 담아 두었다가 바닥을 열어서 버리게 되어있는 준설선
Horizontal (Position) Welding|수평용접(水平熔接|NULL
Horizontal Engine|수평기관|피스톤이 수평방향으로 운동하는 기관
Horizontal Fillet Welding|수평필렛용접|용접선이 수평선과 수평에 대하여 45도 이하가 되는 범위의 필릿용접
Horizontal Girder|수평 거어드|NULL
Horizontal Girder|수평거더|수직격벽에 붙은 수평방향의 거더
Horizontal Position|수평자세|용접선이 수평으로 되는 이음을 옆에서 수평방향으로 붙여나가는 용접자세
Horizontal Position of Welding|수평용접|수평면에 대하여 45도 이하로 경사진 용접선을 따라 하는 용접
Horizontal Roller|수평롤러|계류중의 로프마모를 줄이기 위해 선측에 설치하는 수평방향의 롤러
Horizontal Shaft|수평축(水平軸|NULL
Horizontal Stiffener|수평 방요재(防搖材|NULL
Horizontal Stiffener|수평보강재|판구조에 수평으로 대주는 보강재
Horn Buzzer|혼부저|부저의 울림부분에 나팔모양을 부착하여 음을 확대하고 방향성을 갖게 한 부저
Horn Buzzer with a Pilot Lamp|표시등붙이부저|혼부저가 울리는 동시에 등이 켜지는 장치
Horn Cleat|혼(뿔형) 크리이트|NULL
Horn Cleat|혼클리트|토핑리프트를 묶는 데 사용하는 대형 클리트
Horning Machine|호닝기계|공작물의 구멍 내면을 연삭해주는 공작기계
Hose|호스|액체를 이동시키기 위하여 사용하는 유연한 재료로 된 관
Hose Reel|호스감개|호스를 감아두는 장치
Hose Reel Type CO2 Fire Extinguisher|호스릴형탄산가스소화기|탄산가스실린더에 접속된 호스에 따라서 탄산가스가 분출되는 소화기
Hose Rest|호스 받침대|NULL
Hose Test|사수시험|수밀 구조부분에 외부에서 정해진 압력의 물을 분사하여 수밀성을 확인하는 시험
Hose Valve|호스 취부되는 밸브|NULL
Hospital Ship|병원선|병자치료와 수송에 필요한 설비와 의료요원을 갖춘 선박
Hot Air Heating|온기난방|공기를 데워서 보내는 난방방식
Hot Air Seasoning|열기건조|목재를 밀폐된 공간에 넣고 60~70도씨로 가열된 공기를 넣어 유지시켜 건조하는 방법
Hot Bulb Engine|소구기관|소구가 붙은 압축비 낮은 소형 디젤기관
Hot Cracking Test|고온균열 시험|NULL
Hot Rolling|열간압연|강괴나 반성품을 가열로에서 1200도씨 정도로 가열하여 압연롤에 의해 여러 종류의 형강과 판재로 성형 가공한 것
Hot Water Heating|온수난방|방열기(래디에이터)에 온수를 순환시켜 난방하는 것
Hot forming|열간 성형(熱間成形|NULL
Hours Underway|항행시간|선박이 항해할 목적으로 계류를 풀거나 닻을 올린 시간에서 항해를 마치고 다시 계선하거나 닽을 내리는 데 까지의 시간
Hover Craft|호버크래프트|NULL
Hub|허브|일반적 프로펠러에서 날개가 붙어있는 가운데 축부분의 토막
Huge Vessel Light|대형선박 표시등|NULL
Hull|선체|기관을 제외한 배의 몸통
Hull Appendage|선체 부가물(附加物|NULL
Hull Block Painting|블록 도장(塗裝|NULL
Hull Construction|선각 구조(船殼構造|NULL
Hull Form Coefficient|선형 계수(船型係數|NULL
Hull Fouling|선체 오손(船體汚損|NULL
Hull Girder|선각거더|선각을 하나의 상자형 거더로 나타낸 것
Hull Girder Bending Strength|선체굽힘강도|선체 하중과 부력의 차이로 생기는 선박의 길이 방향 굽힘 모멘트에 견디는 강도
Hull Natural Frequency|선체고유진동수|선체가 갖는 고유의 자연진동수
Hull Opening|선체 개구(船體開口|NULL
Hull Outfit|선체 의장(船體艤裝|NULL
Hull Parallel Part|선체평행부|선체 중앙 평행부와 동일
Hull Parts List|선각부재(船殼部材)표|NULL
Hull Piping|선장 배관(船裝配管|NULL
Hull Preservation|선체 보존(船體保存|NULL
Hull Production Schedule|구조 생산 계획|NULL
Hull Steel|선각 강재(船殼鋼材|NULL
Hull Strength|선체 강도|NULL
Hull Stress Monitoring System|선체응력감시장치|NULL
Hull Structure|선체구조|선체의 골격과 외판 갑판 등을 구성하는 구조
Hull Valve|선체붙이밸브(선외변)|선저나 선측외판에 부착된 밸브
Hull Weight|선각중량|선각을 구성하는 부재의 총 중량
Hull Weight|선체부(船體部) 중량|NULL
Hull-return System|선체귀선방식|선체를 하나의 도선으로 생각하여 한 선만을 배선하는 전기공사 방식
Human Engineering|인간 공학(人間工學|NULL
Human System Integration (HSI)|인간-시스템 통합|시스템의 개발과정에서 인력, 조직, 훈련, 인간공학, 시스템안전, 보건, 편의성, 생존성(신뢰성)과 같은 시스템의 분야들을 통합하는 기술적 과정
Human element analyzing process (HEAP)|인적요인 분석절차|해상안전과 환경보호와 관련된 인적 요인을 다루는 실용적인 방법으로, 설계, 인간공학, 실험, 승인 및 관리 등의 기술적 검토와 함께 정원, 훈련, 작업환경 등의 분야에 대한 검토를 포함
Humidity Control|습도 조정(濕度調整|NULL
Hummering Rock Breaker|타격식쇄석기|반복타격으로 암석을 부수는 기계
Hump|험프|배가 항주할 때 생기는 선수파와 선미파의 간섭으로 조파저항이 뚜렷하게 늘어나는 현상
Hump Speed|험프속도|배에서 험프가 나타나는 속도
Huricane Lamp|폭풍등|심한 바람에도 꺼지지 않게 만든 석유등
Huristic Knowledge|체험적(體驗的) 지식|NULL
Hurricane Deck|허리케인갑판|경구조로 만들어진 최상층의 전통갑판
Hybrid IC|혼성 집적 회로|NULL
Hydrant Valve|소화(消火) 밸브|NULL
Hydraulic Crane|수압식크레인|수압식 원동기를 이용하는 기중기
Hydraulic Jack|수압잭|실린더 램에 유압이나 수압을 작동시켜 램 위에 얹힌 중량물을 들어올리는 기계
Hydraulic Jack|유압(油壓) 잭|NULL
Hydraulic Jack Unit|유랍잭유닛|유압실린더로 탑재구조물을 이동시키는 장치
Hydraulic Lift (Cherrypicker|고소차(高所車|NULL
Hydraulic Oil|유압작동(油壓作動)유|NULL
Hydraulic Power Pack|유압(油壓)발생장치|NULL
Hydraulic Press|수압프레스|높은 압력의 물로 작동되는 프레스
Hydraulic Release Unit|수압이탈장치|선박의 침몰시 수압을 받으면 구명뗏목이 자동으로 이탈되도록 하는 장치
Hydraulic Riveter|수압리베터|수압을 이용하여 리벳작업을 하는 기계
Hydraulic Tank|수압탱크|수압을 얻기 위하여 높은 곳에 설치한 탱크
Hydraulic Test|수압시험|탱크나 배관에 규정수압을 가하여 누수와 변형 등을 조사하는 시험
Hydraulic Trigger|수압방아쇠|고정대와 진수대 간의 멈춤장치를 순간적으로 풀어주어 미끄럼 진수가 시발되게 하는 수압식 걸림쇠장치
Hydraulic Winch|수압윈치|수압이나 유압으로 작동되는 윈치
Hydridynamics|유체역학|유체의 유동현상을 해석하는 학문
Hydroaeroplane|수상비행기|수면에서 뜨고 내릴 수 있는 비행기
Hydrochloric Acid|염산(鹽酸|NULL
Hydrofoil|수중날개|선체부가물로 수중에서 양력을 얻도록 설계된 날개
Hydrofoil Boat|수중익선(水中翼船|NULL
Hydrogen Test|수소시험|용착금속에 함유되는 수소량을 측정하여 용접봉의 품질을 판단하기 위한 시험
Hydrometer|비중계(比重計|NULL
Hydrophone|수중청음장치|수중에서 발생하거나 반사되는 음파를 수신하는 장치
Hydrophore Unit|압력탱크장치|NULL
Hydroplane|하이드로플레인|바닥이 평편하게되고 추진기만 물에 잠겨 추진하는 수상활주형의 배
Hydrostatic Pressure|정수압|정지상태에 있는 유체의 압력
Hydrostatic Test|수압 시험(水壓試驗|NULL
Hydrostatic test|수압시험|배관, 탱크, 보일러 등과 같이 압력을 받는 부품에 수압을 가하여 누설 여부 또는 변형 등을 확인하는 시험. 일반적으로 설계압력의 1.5배의 압력으로 수행됨
Hygrometer|습도계(濕度計|NULL
Hyperbaric evacuation system|고압탈출설비|선박 또는 부유 구조물에서 수압을 받는 잠수부들을 감압이 가능한 위치로 안전하게 대피시킬 수 있는 장비. 주요 구성 요소로는 고압 대피소(hyperbaric evacuation unit), 취급 시스템(handling system) 및 생명유지시스템(life-support system) 등이 있음
I-bar|아이(I)형재|I형 단면을 가진 형재
I-beam|아이빔|I형 단면을 가진 형재로 된 보
I/E ( Inclining Experiment|경사 시험(傾斜試驗|NULL
IACS : International Association of Classification Societies|아이악스|국제선급연합회의 약칭
IACS(International Association of Classification Socities|국제 선급연합회|NULL
IAE|영향평가검토|IAE(Impact Assessment Exercise), 기구가 기술협력 프로그램 활동에 있어서 수반되는 미비 사항 및 예산상의 문제들을 식별하고 좀 더 효과적인 기술협력 활동이 가능하도록 감사하는 제도
IAEA (International Atomic Energy Agency|국제 원자력기구|NULL
IAEG-SDGs|SDG에 관한 유엔 범부처 전문가 그룹|IAEG-SDGs (Inter-Agency and Expert Group on SDGs), 2015년 UN 회의를 통해 설립되었으며, 회원국과 국제전문기구의 전문가들로 구성됨. 주로 효과적인 SDG(지속가능개발목표) 이행을 위한 활동을 수행함
IBC Code|위험화학품 산적운송 선박의 구조 및 설비에 관한|IBC Code (International Code for the Construction and Equipment of Ships Carrying Dangerous Chemicals in Bulk), IBC 코드는 대량의 화학물질 운송은 SOLAS VII 장과 MARPOL Annex II 규정을 따름. 두 협약 모두 1986년 7월 1일 이후 산적액체 위험화학물질을 운반하는 탱커선의 건조 및 장비에 대한 국제법을 준수하도록 건조해야 함
ICAO|국제민간항공기구|ICAO (International Civil Aviation Organization) 국제민간항공조약에 기초해 1947년 4월에 설립된 유엔 전문기구 로서 항공기의 안전확보, 항공로나 공항 및 항공시설 발달의 촉진, 부당경쟁에 의한 경제적 손실의 방지 등을 목적으로 운영됨
ICAO (International Civil Aviation Organization|국제민간항공기구|NULL
ICC|ICC|ICC (Interregional Coordination Center), 중앙아프리카와 서아프리카 지역의 해상안전 및 보안을 위해 국제 규정을 준수하고 해당 지역의 상호 간 국제협력 활동을 촉진하며 발전적인 해상안전 전략을 수립하기 위한 센터
ICCP(Impressed Current Cathodic Protection|유전양극식 방식|NULL
ICCT|국제청정교통위원회|ICCT(International Council on Clean Transportation), 국제적 운송수단(선박, 항공 등)의 청정 기술을 개발하기 위한 위원회로서 IMO와는 블랙카본, EGCS 세정수, 중유 등의 논의를 함
ICS (International Chamber of Shipping|국제해운회의소|NULL
ICSC|국제공무원위원회|ICSC (International Civil Service Commission), 국제공무원위원회는 1974년 12월 18일 총회 결의 제3357호에 따라 설립된 유엔 총회 산하의 단체임. 본부는 뉴욕에 있음
ID (Internal Diameter|내경(內徑|NULL
IDE|국제 LRIT 데이터 교환기|IDE (International LRIT Data Exchange), 각 DC 간 LRIT 데이터 교환의 중계역할을 하며, 상호 데이터 교환목록을 생성함
IDENTIFICATION FRIEND OR FOE|적-아 식별기|NULL
IEC(International Electrotechnical Commission|국제 전기표준회의|NULL
IEC/IEEE 80005|IEC/IEEE 80005|IEC/IEEE 80005 : Utility connection in port, 항구에서 유틸리티(전원) 연결에 대한 표준 지침서. 아래와 같이 3개의 파트로 구분됨 - Part 1 : High voltage shore connection (HVSC) systems - Part 2 : High and low voltage shore connection systems - Part 3 : Low voltage shore connection (LVSC) systems
IEEE (Institute of Electrical and Electronic Engineers|미국 전기전자학회|NULL
IG ( Inert Gas ) Generator|불활성 가스 발생기|NULL
IGC (International Gas Code|국제 가스코우드|NULL
IGC Code|국제액화가스산적운송코드|IGC Code (International Code for the Construction and Equipment of Ships Carrying Liquefied Gases in Bulk), 산적 형태의 액화가스를 운송하는 선박의 설계, 구조, 설비 및 운용요건 등에 관한 국제규칙. 액화가스의 화학적 특성(가연성, 독성 등)과 초저온 또는 고압 상태에서의 위험성 등을 고려하여 선박 최소 운송요건을 결정함
IGF Code|가스연료 추진 선박의 안전에 관한 국제기준|IGF Code (International Code of Safety for Ships using Gases or other Low-flashpoint Fuels), 액화가스 또는 저 인화점 연료를 연료로 사용하는 선박의 안전을 위한 설계, 구조, 시스템 및 운영 등에 관한 사항 및 선박에 적용되는 강재 등에 관한 시험 규정, 비상대응 훈련 등에 관한 사항을 수록함. 현재 수록된 기능요건은 LNG를 기반으로 하며, 기타 연료에 관한 규정은 개발이 완료되는 대로 Code에 수록될 예정임
IHO (International Hygrographic Office|국제수로기구 (國際水路機構|NULL
III Code|IMO 협약이행코드|국제해사기구(IMO) 창설 이래 해상안전과 해양오염방지를 위한 많은 국제협약 코드, 결의서 등을 채택하고 있음. 그렇지만 지속해서 발생하는 해양사고 관련, 근본적인 문제로써 개발한 IMO 협약을 회원국이 완전하며 효과적으로 준수하지 못한 점이 지적되어 좀 더 효과적으로 협약을 이행할 수 있는 규정을 코드로써 개발
IIW(International Institute of Welding|국제용접학회|NULL
ILLC(International Load Line Convention|국제 만재흘수선 조약|NULL
ILLUMINATION|조도단위|NULL
ILO (International Labor Organization|국제노동기구|NULL
ILO (International Labour Organization)|국제노동기구|국제노동기구(ILO)는 스위스 제네바에 본부를 두고 있으며, 노동문제를 다루는 국제연합의 전문기구임. ILO는 제1차 세계대전 후 베르사유 조약에 따라 국제연맹의 한 기관으로 1919년에 설립되었으며, 노동자들이 자유롭고 평등하며 안전하게 인간의 존엄성을 유지할 수 있는 노동을 보장하는 것을 목표로 하고 있음. 우리나라는 1991년 12월 ILO의 152번째 회원국으로 가입하였음. 2019년 ILO 100주년 총회 의제는 “더 밝은 미래를 위한 근로(Work for a Brighter Future)”이었음
IMDG Code|국제해상위험물규칙|IMDG Code (International Maritime Dangerous Goods Code), 포장 형태 위험물의 해상운송에 관한 국제규칙. 위험물의 물리적·화학적 특성에 따른 위험성의 분류, 위험물의 포장 방법, 표시 및 표찰 방법, 위험물 운송서류, 선상 위험물의 적재·격리 등에 관한 안전규정을 수록함
IMLI|국제해사법대학원|IMLI (IMO International Maritime Law Institute), IMO가 국제 해사법 전문가 양성을 위해 1988년 몰타(Malta)에 설립하였으며 약 950명가량 졸업생을 배출하였음. 석사과정에는 법학, 인문학, 철학 및 이학이 있으며 박사과정에는 법학이 있음
IMO (International Maritime Organization|국제 해사기구|NULL
IMO : International Maritime Organization|아이엠오|해상 인명 안정과 재산보호 및 해상 오염방지를 위한 유엔산하의 정부간 협의기구
IMO Award for Exceptional Bravery at Sea|바다의 의인상 대상|‘IMO 바다의 의인상’은 국제해사기구(IMO)가 매년 해상에서 인명구조 및 해양오염 방지를 위해 노력한 개인이나 단체를 선정하여 주는 상으로써, 국제해사기구(IMO)는 2007년부터 회원국 및 관련 국제단체가 추천한 후보자 중 평가위원단의 엄격한 심사를 거쳐 수상자를 선정하고 있음. 2011년 아덴만에서 해적에게 피랍된 선박의 선원을 구출하는 작전(아덴만의 여명)에서 공을 인정받아, 대한민국의 석해균 선장이 바다의 의인상 대상을 수상한 이력이 있음
IMO Compendium|IMO Compendium|IMO Conpendium(The Compendium on Facilitation and Electronic Business)는 간소화 및 전자비즈니스에 대한 개요서로, 전자데이터 교환을 통해 선박·사람·화물의 도착·체류·출발에 필요한 정보의 전송, 수신 및 응답을 지원하는 데 필요한 시스템을 생성하고 조화롭게 하기위한 참조 매뉴얼 역할을 하는 기술적인 문서임. 국제해사기구(IMO), 세계관세기구(WCO), 유럽연합 유럽경제이사회(UNECE), 국제표준화기구(ISO) 등의 데이터를 상호 조화롭게 하여 싱글윈도우 상호 운용성을 지원함
IMO DCS|선박연료유 사용량 보고제도|IMO DCS(Data Collection System), 총톤수 5,000톤 이상의 국제항해 선박의 연료유 사용량 정보(연료유 사용량, 운항 거리, 운항시간, 선박 정보 등)를 수집하여 온실가스 배출현황을 분석하고 선박에너지 효율진단 및 규제에 활용하기 위한 제도로 2019.1.1. 이후 사용한 연료유 사용량 등을 주관청에 보고해야 함
IMO Goodwill Maritime Ambassador Scheme|IMO 명예 대사 제도|해사 분야에 종사하거나 종사 예정인 젊은 세대에게 해사 분야 전문가들이 관련 경험 및 지식 그리고 국제해사기구(IMO)에 관해 전파·공유하기 위해 2015년 신설한 IMO 차원의 홍보 제도임
IMO Greenhouse Gas Study (GHG Study)|IMO 온실가스 연구|국제 해운이 배출하는 온실가스 배출량을 산정하고, 미래 온실가스 배출량을 예측하기 위하여 IMO에서 실시하는 연구이며 1차 연구 결과는 2000년, 2차 연구 결과는 2009년, 3차 연구 결과는 2016년에 발표됨. 현재 4차 연구 수행 중이며, 2020년 하반기에 연구 결과가 발표될 예정. 3차 연구 결과에 따르면 2012년 국제 해운은 전 세계 온실가스 배출량의 약 2.2%를 배출함
IMO Model Courses|표준훈련과정|1978년 개정된 선원의 훈련·자격증명 및 당직근무의 기준에 관한 국제협약 (STCW)을 채택한 후, 다수의 IMO 회원국의 제안으로 표준훈련과정이 개발됨. 초기 노르웨이 정부의 협력으로 표준훈련과정을 개발하였고, 이러한 표준훈련과정은 협약의 개정 및 기술 발전에 따라 정기적으로 최신화됨. 표준훈련과정은 일정한 기준을 가지고 구성되며, 총 5개의 Part(Part A~E)로 구성됨 Part A : Course Framework for all functions(코스 체계) Part B : Course Outline(코스 개요) Part C : Detailed Teaching Syllabus(교육과정 상세) Part D : Instructor Manual(강사 매뉴얼) Pard E : Evaluation(평가)
IMO Number|선박식별번호|선박의 고유번호로, 선박 등록 신청 시 국제해사기구(IMO)에서 부여하고 있음. 사람에 비유했을 때 주민등록번호와 같다고 볼 수 있으며, 이것은 기관실과 선미에 표기하거나 탱커는 펌프 룸에 표시되어 쉽게 식별할 수 있도록 해야 함
IMO Regional Presence Scheme|지역 주재소 제도|IMO는 개도국에 대한 효율적인 기술협력 활동을 수행 및 편의를 위해 1990년 아프리카 케냐에 첫 번째 지역 주재소를 설립하였으며, 2000년에 아비장 트리니다드토바고(Abidjan, Cote d'Ivoire), 2003년에 마닐라 필리핀(Manila Philippines)에 차례로 Regional presence를 세움. 현재 총 4개 지역 주재소를 운영하고 있음 주재소 위치 관할 지역  아비장 트리니다드토바고 (Abidjan, Cote d'Ivoire) 서중앙아프리카 (Francophone)  아크라 가나 (Accra, Ghana) 서중앙아프리카 (Anglophone)  나이로비 케냐 (Nairobi, Kenya) 남동부아프리카 (eastern & southern Africa)  마닐라 필리핀 (Manila Philippines) 서아시아 (east Asia)
IMO Tonnage|아이엠오톤수|국가별로 산만한 과세기준 톤수를 통일하기 위하여 제안된 국제기구의 톤수
IMO/ILO joint database|IMO/ILO 공동 데이터베이스|IMO 및 ILO가 선원 유기 문제를 모니터링하기 위해 선원 유기 사건 에 대한 공동 데이터베이스(DB)를 운영하게 됨. 이 데이터베이스는 세계선용품협회 (International Shipsuppliers & Services Association ; ISSA)의 지원을 받아 2005년 4월 1일에 DB가 구축 되어 운영되고 있으며, 2004년 1월 1일 이후 보고된 모든 사건사례 를 포함하고 있음 IMO/ILO 공동 데이터베이스에 따르면 2004년~2019년 기간 동안 총 415건의 유기사건이 있었으며 5,297명의 선원피해가 발생하였 음. 이 중에서 182건은 해결되었고(resolved), 88건은 분쟁 중이며 (disputed), 52건은 조치가 불필요함(inactive). 그러나 82건 (19.8%)은 여전히 미해결(unresolved) 상태임 2011년~2016년 기간 매년 12건에서 19건의 선원유기 사건이 발생 하였으나, 2017년은 55건, 2018년에는 44건, 2019년에는 40건이 발생하는 등 최근 크게 증가함. 아울러 선원유기 재정보증에 관한 2014년 해사노동협약(MLC) 개정안이 2017년 1월 18일 발효된 이 후인 2017년 1월 18일 ∼ 2019년 12월 13일 동안에는 총 137건 의 선원유기 사건이 IMO/ILO 공동 데이터베이스에 보고되었음
IMPA (International Maritime Pilots' Association|국제 도선사협회|NULL
IMPEDANCE|임피던스|NULL
IMPEDENCE|특성임피던스|NULL
IMPORTANCE FACTOR|중요도계수|NULL
IMPRESSED CATHODIC CURRENT PROTECTION|전류에 의한 선체부식방지 장치|NULL
IMPRESSED CURRENT CATHODIC PROTECTION|부식방지|NULL
IMSBC Code|국제산적고체화물운송규칙|IMSBC Code (International Maritime Solid Bulk Cargoes Code), 산적 형태로 운송되는 고체 화물의 해상운송에 관한 국제규칙. 산적 고체 화물의 물리적·화학적 특성, 적재, 관리, 하역, 짐 고르기 등에 관한 일반적인 운송 규정 이외에도, 화물별 해상운송 규정에 관한 개별화물 일람표(individual schedule) 등을 수록
IMSSEA|국제해사안전보건아카데미|IMSSEA (International Maritime Safety, Security and Environment Academy), 2009년 5월 IMO와 이탈리아 정부 간의 양해각서 체결로 설립되었으며 해상안전과 보안 및 환경보호에 관한 국제 규정을 준수하도록 개도국의 교육을 목적으로 교육함. 이탈리아에 위치함
IMST Fund|안보신탁기금|IMST Fund (The International Maritime Security Trust Fund), 2001년 미국의 9·11 사태 이후 테러리스트 활동 방지를 위한 유엔 결의에 근거하여 국제해사기구(IMO)에서도 해상안보를 강화하기 시작함. 이에, IMO 제22차 총회(2001. 11)에서 채택된 해상안보에 대한 결의문으로 IMO 사무총장은 2002년 2월에 통합기술협력 프로그램(ITCP)을 통해 해상 및 항만 보안 강화 지원을 결정하고, 이를 수행하기 위한 재원확보 목적으로 IMST Fund를 설립함
INCLINING EXPERIMENT|경사 시험|NULL
INCOMPLETE FUSION|불안전용융|NULL
INCOMPLETE PENETRATION|불완전 용입|NULL
INCREASE IN DISPLACEMENT PER onE CENTIMETER|1센티미터당 배수톤수 증가|NULL
INDIAN STANDARD|인도표준공업규격|NULL
INDIRECT ILLUMINANCE|간접조도|NULL
INDIRECT LIGHTING|간접조명|NULL
INDUCED CURRENT|유도 전류|NULL
INDUCED ELECTROMOTIVE FORCE|유도 기전력|NULL
INDUCTION MOTOR, INTEGRATION MOTOR|유도 전동기 , 적분 모터|NULL
INDUSTRIAL ENGINEERING|산업공학|NULL
INDUSTRIAL PERSONNEL|산업인력|여객이나 선원이 아니며 기타 선박이나 해양 설비의 산업활동을 위해 선박으로 수송되거나 선박에 머무르는 모든 인력
INERT GAS|不 활성 가스|NULL
INERT GAS GENERATOR|INERT 가스 제조장치|NULL
INERTIAL NAVIGATION SYSTEM|관성 항법 장치|NULL
INERTIAL REFERENCE SYSTEM|관성 기준 장치|NULL
INFRARED|적외선|NULL
INITIAL PROGRAM LOADER|초기 프로그램 적재기|NULL
INJECTION LASER DIODE|주입형 레이저 다이오드|NULL
INMARSAT|국제해사위성기구|INMARSAT (International Maritime Satellite Organization), 1976년 9월 3일 채택된 국제해사위성기구(INMARSAT)에 관한 협약에 따라 설립된 기구. 1999년 영리기업으로 넘어가면서 현재 국제해사위성기구는 IMSO임
INMARSAT (International Maritime Satellite) system|국제해사위성시스템|NULL
INNER BOTTOM|DOUBLE BOTTON의 TANK TOP|NULL
INORGANIC ZINC|무기질 아연(도료의 종류)|NULL
INPUT OUTPUT CONTROL SYSTEM|입출력 제어 시스템|NULL
INS (Integrated Navigation System|통합항법장치|NULL
INSA (International Shipowners' Association|국제선주협회|NULL
INSPECTION|검사|NULL
INSPECTION RELEASE CERT.|최종검사합격증|NULL
INSPECTION REQUIREMENT|검사요구|NULL
INSTANTANEOUS AUTOMATIC GAIN|순시 자동 이득 조절|NULL
INSTITUTE OF ELECTRICAL AND ELECTRONIC|전기 전자 학회|NULL
INSTRUMENTATION|계장|NULL
INSULATED GATE BIPOLAR TRANSISTOR|고전력 스위칭용 반도체|NULL
INSULATED GATE BIPOLAR TRANSISTOR|전력용 반도체|NULL
INSULATED GATE FET|절연 게이트 FET|NULL
INSULATING CORE TRANSFORMER|절연 철심 변압기|NULL
INSULATION|절연 B 종|NULL
INSULATION|절연 C 종|NULL
INSULATION|절연 F 종|NULL
INSULATION CABLE|절연 전선|NULL
INSULATION CABLE|절연전선|NULL
INSULATION RESISTANCE|절연저항시험|NULL
INSULATION RESISTANCE TEST|절연저항시험|NULL
INSULATION TEMPERATURE|절연 허용 온도|NULL
INTACT STABILITY|비손상 복원성|선박이 손상을 입는 것을 가정하지 않은 상태에서, 선박의 운용될 수 있는 적재조건에서 충분한 복원성이 확보되는지 평가
INTEGER PROGRAMMING, INFORMATION|정수 계획법 , 정보 제공자|NULL
INTEGRATED AUTOMATION SYSTEM|종합 자동 제어 시스템|NULL
INTEGRATED INJECTION LOGIC|직접 주입 논리 회로|NULL
INTEGRATED SERVICES DIGITAL|종합 정보 통신망|NULL
INTELLIGENT TIME DIVISION MULTIPLEXING|지능 시분할 다중화|NULL
INTER COATING|층간 도장|NULL
INTERATIONAL CHAMBER OF COMMERCE|국제상업회의소|NULL
INTERFACIAL REFLECTION; REFLECTION FROM|계면 반사|NULL
INTERFERENCE|간섭|NULL
INTERGOVERNMENTAL MARITIME CONSULTATIVE ORGANIZATION|정부간 해사자문기구로 설립.82년 5월 22일자로 IMO로 명칭 변경|NULL
INTERMEDIATE DISTRIBUTING FRAME|중간 배선판|NULL
INTERMEDIATE FREQUENCY|중간 주파수|NULL
INTERMEDIATE FREQUENCY TRANSFORMER|중간 주파 트랜스|NULL
INTERMEDIATE SURVEY|중간 검사|NULL
INTERNAL DIAMETER|내경|NULL
INTERNAL FIELD|내부 전계|NULL
INTERNAL QUALITY AUDIT|내부품질검사|NULL
INTERNAL/EXTERNAL|내부/외부 외관검사|NULL
INTERNATION ASSOCIATION OF CLASSIFICATION SOCIETES|국제선급협회연합|NULL
INTERNATIONAL AMATEUR RADIO UNION|국제 아마츄어 무선협회|NULL
INTERNATIONAL ASSOCIATION OF INDEPENDENT TANKER OWNERS|국제독립탱커선주협회|NULL
INTERNATIONAL ASSOCIATION OF PORTS AND HARBORS|국제항만협회|NULL
INTERNATIONAL ATOMIC ENERGY|국제 원자력 기관|NULL
INTERNATIONAL ATOMIC ENERGY AGENCY|국제 원자력 기구|NULL
INTERNATIONAL BANK FOR RECONSTRUCTION AND DEVELOPMENT|국제 부흥 개발 은행|NULL
INTERNATIONAL BULK CODE|국제 BULK CODE|NULL
INTERNATIONAL BUSINESS MACHINE|미국 컴퓨터 제조회사|NULL
INTERNATIONAL CONFERENCE on COMPUTER APPLICATION IN SHIPBUILDING|선박의 콤퓨터응용에 관한 국제회의|NULL
INTERNATIONAL CONVENTION FOR THE PREVENTING OF POLLUTION FROM SHIP|해상오염방지조약|NULL
INTERNATIONAL CONVENTION FOR THE PREVENTION OF POLLUTION FROM SHIPS|해양 오염 방지협약(73/78년)|NULL
INTERNATIONAL CONVENTION FOR THE SAFETY OF LIFE AT SEA|해상인명(의안전)에 관한 국제 조약|NULL
INTERNATIONAL CONVENTION on LOAD LINES|국제만재홀수선 조약|NULL
INTERNATIONAL ELECTROTECHNICAL|국제 전기표준 협회|NULL
INTERNATIONAL FREQUENCY REGISTRATION|국제 주파수 등록 위원회|NULL
INTERNATIONAL GAS CODE|국제 가스 CODE|NULL
INTERNATIONAL INSTITUTE OF WELDING|국제 용접 협회 (= I.I.S)|NULL
INTERNATIONAL LABOUR ORGANIZATION|국제 노동 기구|NULL
INTERNATIONAL MARINE SATELLITE CONSORTIUM|국제 海事 위성 기구|NULL
INTERNATIONAL MARITIME INDUSTRY FORUM|국제해사산업평의회|NULL
INTERNATIONAL MARITIME ORANIZATION|국제 해상 기구|NULL
INTERNATIONAL MARITIME ORGANIZATION|국제해사기구|NULL
INTERNATIONAL MONETARY FUND|국제 통화 기금|NULL
INTERNATIONAL ORGANIZATION FOR|국제 표준화 기구|NULL
INTERNATIONAL ORGANIZATION FOR STANDARDIZATION|국제표준화기구|NULL
INTERNATIONAL RADIO CONSULTATIVE|국제 무선통신 자문 위원회|NULL
INTERNATIONAL REGULATIONS FOR PREVENTING COLLISION AT SEA|해상충돌방지에 관한 국제협약|NULL
INTERNATIONAL RULES FOR THE INTERPRETATION OF TRADE TERMS|무역 조건의 해석에 관한 국제 규칙|NULL
INTERNATIONAL SYSTEM OF UNITS|국제 단위계|NULL
INTERNATIONAL TELECOMMUNICATION|국제 전기 통신 조약|NULL
INTERNATIONAL TELECOMMUNICATION UNION|국제 전기 통신 연합|NULL
INTERNATIONAL TELEGRAPH AND TELEPHONE|국제 전신전화 자문위원회|NULL
INTERNATIONAL TOWING TANK CONFERENCE|국제시험수조협회|NULL
INTERNATIONAL TRADE FEDERATION|국제 운수 노조 연맹|NULL
INTERPASS TEMPERATURE|층간 온도|NULL
INTERTANKO (International Association of Independent Tanker Owners|국제독립탱커 선주 협회|NULL
INVERTED ANGLE|비등변형강재 (산형재의 일종)|NULL
IOPP (International Oil Pollution Prevention Certificate|국제 기름 오염 방지 증서|NULL
IPER|IPER|IPER (Institut Portuaire d’Enseignement et de Recherche du Havre), IMO와 프랑스 정부의 협력으로 1986년 프랑스에 설립되었으며 주로 항만 운영관리에 관한 교육과정을 제공함
IPSAS|국제공공회계기준|IPSAS (International Public Sector Accounting Standards), 전 세계 공공 부문 기관이 재무제표를 작성하기 위해 IPSAS 이사회가 발행한 일련의 회계 표준
IS (Intrinsically safe|본질안전(本質安全|NULL
IS(Intrinsic Safety) Barrier|본질안전 격리판|NULL
ISF (International Shipping Federation)|국제해운연맹|ISF는 1909년 창설된 민간기구로 런던에 본부를 두고 있으며, 선원 문제에 관한 선주의 권익 보호와 자문을 위해 각국의 선주협회를 회원으로 하는 단체이며, 한국선주협회는 1980년 8월에 이 기구에 가입하였음. 1919년 국제노동기구(ILO)의 창설 이후 고용 문제 및 노사문제가 국제적으로 대두되자 선원노조의 세계적인 단체인 국제운수 노동자연맹의 활동에 대처하기 위하여 ISF는 그 기능과 조직을 대폭 개편하였음 ISF는 선원의 모집, 훈련, 자격 규정, 승무, 사고방지, 의료복지, 임금, 노동조건, 고용조건, 선내 거주 시설과 복지시설, 사회보장제도 등 선원 문제 전반에 걸쳐 각국 선주의 이익을 도모했음. ICS와 성격이 비슷하여 1975년 ICS에 통합하여 국제문제를 다루고 있는데, ICS는 모든 규제적/법적 문제 및 운영상 제반 문제에 관여하는 반면, ISF는 주로 노동문제 및 훈련 등의 문제를 주로 다룸
ISM (International Safety Management) Code|국제안전관리규정|NULL
ISM Code|국제안전관리규약|ISM Code(International Safety Management Code) 해양사고 대부분이 선박 자체의 결함보다는 인적과실 기인하여 발생하고 있음. IMO 차원에서 해상안전, 해양사고방지 및 해양환경 보호를 위한 시스템을 개발하여 국제적인 관리기준인 국제안전경영 코드(ISM Code)를 제정하였으며 이 코드는 1998년 7월 1일부터 국제적으로 발효됨
ISMA (International Ship Managers' Association|국제선박관리자협회|NULL
ISO(International Standardization Organization|국제 표준화기구|NULL
ISOLATION AMPLIFIER|아이솔레이션 증폭기|NULL
ISOMETRIC DRAWING|설치도|NULL
ISPS Code|국제선박 및 항만시설 보안 규칙|International Ship and Port Facility Security Code (ISPS Code)는 2001년 9.11 테러 공격 이후 해상에서의 선박의 보안을 다루기 위해 제정되었으며, SOLAS 11-2장에 포함됨. ISPS 코드는 선박 항만 보안을 위해 기국, 항만국, 선사, 선박 및 항만시설에 대한 요건을 규정하고 있음. 일부 기국은 특정 해역에 보안 수준을 지정할 수 있음. 기국은 통항하는 선박에 보안 레벨을 알리고, 선박은 선박보안계획서(SSP, Ship Security Plan)에 명시된 조치를 이행해야 함. 이 과정은 선사, 선박보안책임자(Ship Security Officer, SSO) 및 선장이 관여함
ISSUE FOR APPROVAL|승인 제출도|NULL
ISSUE REQUESTED QUANTITY|불출 대기 수량|NULL
ITCP|기술협력 프로그램|ITCP(INTEGRATED TECHNICAL COOPERATION PROGRAMME), 국제해사기구(IMO)가 제·개정하는 많은 국제협약과 관련하여 회원국마다 이행할 수 있는 역량이 각기 다르므로 이러한 실정을 고려하여, 기구 차원의 금전적·인적 지원을 통해 개도국을 중심으로 수행하는 역량 강화 활동임. 활동 결과를 매년 기술협력위원회(TCC)에서 연차 보고서를 통해 회원국에 공유
ITU|국제전기통신연합|ITU (International Telecommunication Union), 전기통신, 전파통신, 위성통신, 방송 등의 국제정보통신 분야를 총괄하는 국제연합(UN) 산하의 표준화 전문기구.
ITU (International Telecommunication Union|국제전기통신연맹|NULL
IUMINOUS FLUX|광속|NULL
Ice Anchor|얼음앵커|극지방에서 빙판에 박는 쇠말뚝(닻 대신에 이용)
Ice Belt|빙대|쇄빙선에서 만재흘수선과 경하흘수선 사이에 붙여주는 보강외판
Ice Breaker|쇄빙선|얼음이 덮인 수면의 얼음을 깨면서 항해할 수 있는 구조를 갖춘 배
Ice Breaker|쇄빙선(碎氷船|NULL
Ice Class Rules|내빙선(耐氷船) 규정|NULL
Ice Crusher|쇄빙기|얼음을 용도에 맞는 크기로 깨뜨리는 기계
Ice Making Capacity|제빙능력|제빙장치가 하루에 만들 수 있는 얼음의 양
Ice Patrol|유빙감시선|빙해역에서 유빙과의 충돌을 예방하기 위하여 이를 감시하는 선박
Ice Strengthning Construction|대빙구조|빙해항해가 가능하도록 보호 강화된 구조
Ice-flower Like Structure|선상조직|용접 파단면에 나타나는 조직으로 미세한 주상결정이 서리모양으로 정열되고 그 사이에 현미경적인 비금속 개재물과 기공이 들어있음
Ice-free Port|부동항|겨울에도 얼어붙지 않는 항구
Identical|동형(同型)의|NULL
Idle Time|유휴시간(遊休時間|NULL
Idling|공전(空轉|NULL
Ignitability|점화성|연료가 점화되어 화염이 전파되는 성질
Igniter|점화기|실린더 내의 압축기체에 착화시키는 장치
Ignition Point|발화점(發火點|NULL
Ignition Timing Adjustment|점화시기조절|내연기관의 효율이 최대가 되도록 점화순간을 조절하는 것
Illegal, unreported and unregulated fishing (IUU)|불법·비보고·비규제 어업|2009년 12월 체결된 「대한민국 정부와 러시아연방 정부 간 해양생물자원의 불법 비보고 비규제어업 방지 협력에 관한 협정」에 나오는 이름으로 무허가 혹은 어업 활동에 관한 국내·외 관련 법규 및 의무를 위반할 경우, 관련 국가 또는 국제 수산기구에 보고하지 않거나 거짓 보고할 경우, 그리고 공해 또는 국제수산기구 관할 수역 내 무국적 어선을 이용할 경우를 지칭함
Illumination|조도단위|NULL
Illumination Level|조도(照度|NULL
Illumination Lighting|조명|발광물을 이용하여 어두운 곳을 밝히는 것
Immerged Maximum Beam|침수부최대폭|수선면 아래 선체의 최대폭
Immersed Wedge|침하쐐기부|선체가 배수량 변화없이 경사되었을 때 새로이 수면에 잠기는 선체부분
Immersion Suit|방수복|수중에서 물에 젖지 않고 체온을 유지하도록 만든 피복
Immersion Suit|방수복(防水服|NULL
Immersion Time|도장후 주수(注水) 가능시간|NULL
Impact Analysis|영향 분석(影響分析|NULL
Impact Assessment|영향평가|위험도 개선을 위한 관리 행위의 유효성을 추적하기 위한 절차
Impact Hardness Testing Machine|충격적 경도시험기|하중을 충격적으로 가하여 경도를 측정하는 시험기
Impact Load|충격 하중(衝擊荷重|NULL
Impact Test|충격 시험(衝擊試驗|NULL
Impact Wrench|충격 렌치|NULL
Impact Wrench|충격렌치|압축공기 등으로 연속적인 충격을 주어 너트를 잠그거나 풀어주는 공구
Impedance|임피던스|NULL
Impedence|특성임피던스|NULL
Impeller|임펠라|NULL
Impingement Corrosion|충격부식|금속표면이 반복되는 충격에 의해 몹시 소모되는 현상
Implementation Budget|실행예산(實行豫産|NULL
Impressed Current Cathodic|부식방지|NULL
Impressed Current Protection|외부전원방식법|외부에서 직류전류를 공급하여 선체의 전위를 방식전위로 유지시켜 주는 방식방법
Impulse|충격|극히 짧은 시간에 힘이 작용하는 현상
Impulse Turbine|충동(衝動) 터어빈|NULL
Impurity|불순물(不純物|NULL
In-Place Valve Repair|밸브 수리 (未取外|NULL
In-Process|재공(在工)의|NULL
In-Process Inspection|공정중(工程中) 검사|NULL
In-Process Material Control|재공자재 관리|NULL
In-situ Repair|원위치에서 수리|NULL
In-water cleaning|수중 소제|수중에서 선박으로부터 생물오손을 물리적으로 제거하는 것을 말함 < 출처: MARINE LINK 홈페이지 >
Inboard|선체 내측(內側)으로|NULL
Incandescent Lamp|백열등(白熱燈|NULL
Incentive System|능률급(能率給) 제도|NULL
Incinerator|소각기(燒却機|NULL
Inclusion|개지물|용접시 용착금속에 끼어들어간 불순물
Incombustible Material|불연성재료|규정된 불연성시험에서 타지 않고 규정 이상의 인화성 증기나 가스를 발생하지 않는 재료
Incomplete Penetration|불완전 용입|NULL
Inconsistent Requirement|불일치한 요구|NULL
Indent|흠집|NULL
Indicated Power|지시동력|피스톤 왕복동기관에서 실린더 안에서 발생하는 동력
Indicating Lamp|지시등(指示燈|NULL
Indicator|지압기|내연기관의 실린더압력을 측정하는 계기
Indirect Labor Cost|간접 노무비|NULL
Indirect illuminance|간접조도|NULL
Indirect lighting|간접조명|NULL
Individual Schedule|개별화물 일람표|산적 고체 화물 별 물리적·화학적 특성 및 해상운송 조건 등을 고려하여 운송 명칭, 위험성, 적재, 격리 및 운영요건 등 산적 고체 화물별 운송요건을 수록함. 산적 고체 화물을 국제적으로 운송하고자 하는 경우에 개별화물 일람 표에 명시된 운송요건을 준수해야 함
Induced Current|유도 전류|NULL
Induced Drag|유도항력|점성저항 이외에 소용돌이 발생 등과 같은 유체의 점성으로 유기되는 저항성분
Induced Electromotive|유도 기전력|NULL
Induction Brazing|유도브레이징|공작물에 유도전류를 흘려 발생되는 저항열로 납을 녹여붙이는 경납땜
Induction Motor, Integration|유도 전동기 , 적분 모터|NULL
Industrial Engineering|산업공학|NULL
Industrial Engineering|산업공학(産業工學|NULL
Inert Gas Deck Seal|불활성가스 덱실|화물유탱크내의 가스가 불활성가스장치로 역류하는 것을 막아주는 기기
Inert Gas Generator|불활성가스발생장치|연료를 연소시켜 산소농도가 낮은 연소가스를 생성하여 불활성가스로 사용하게 해주는 장치
Inert Gas Scrubber|불활성가스세척기|화물유탱크에 공급하는 불활성가스에 물을 분무하여 온도를 내려주고 아황산가스 등 불순물을 제거해 주는 장치
Inert Gas Smothering System|불활성가스 소화장치|불활성가스를 사용하는 소화장치
Inert Gas System|불활성가스장치|불활성가스를 화물유창에 충만시켜 폭발과 화재를 예방하는 장치
Inertia Test|타격시험|주기를 정지시켜서 배의 관성력을 조사하는 시험
Inertial Navigation System|관성 항법 장치|NULL
Inertial Reference System|관성 기준 장치|NULL
Inflammability Limit|가연한계(可燃 限界|NULL
Inflammable Gas Detector|가연성 가스 검출기|NULL
Inflatable Laft|팽창구명뗏목|해면에 투하되면 자동적으로 팽창되는 구명뗏목
Inflatable Life Raft|팽창식 구명뗏목|NULL
Information Retrieval system|정보검색 시스템|NULL
Infrared|적외선|NULL
Infrared Ray|적외선(赤外線|NULL
Ingot Steel|잉곳강|선철에서 불순물과 탄소를 산화제거하여 인성을 높인 강
Inherent Weakness Failure|고유(固有)결함 고장|NULL
Inhibit Circuit|억제회로(抑制回路|NULL
Initial Program Loader|초기 프로그램 적재기|NULL
Initial Stability|초기복원력|NULL
Injection|분사|압력을 가하여 액체를 작은 구멍으로 뿜어내는 것
Injection laser Diode|주입형 레이저 다이오드|NULL
Injector|분사노즐|NULL
Inner Bottom Longitudinal|내저종늑골|내저판 아래 종방향으로 붙이는 골재
Inner Harbor|내항|방파제 안쪽의 항내 수역
Inner Hull|내각|잠수함과 같은 이중선각구조에서 안 쪽의 선각
Innerbottom Plating|내저판(內底板|NULL
Innovative Method|혁신적인 방법|NULL
Inorganic Zinc Silicate|무기질(無機質) 아연 실리케이트|NULL
Input Output Control|입출력 제어 시스템|NULL
Insert Block|끼움블록|NULL
Insert Plate|끼움판|NULL
Inspection|점검|증서 및 서류의 유효성과 선박의 상태, 설비 및 승무원의 전반적인 상태를 확인하기 위해 선박에 승선하여 직접 확인하는 활동
Inspection Certificate|검사 증명서|NULL
Inspection Cover|검사뚜껑|기계나 장치를 분해하지 않고 들여다볼 수 있게 뚫어논 구멍과 덮개
Inspection Hatch|관찰 해치|화물창의 상태를 검사하기 위한 해치
Installation Drawing|설치도(設置圖|NULL
Installation Manual|설치 메뉴얼|NULL
Instantaneous Automatic|순시 자동 이득 조절|NULL
Institute of Electrical and|전기 전자 학회|NULL
Instruction Manual|취급 설명서|NULL
Instrumentation|계장|NULL
Instrumentation|계장(計裝|NULL
Insulated Gate Bipolar|고전력 스위칭용 반도체|NULL
Insulated Gate Bipolar|전력용 반도체|NULL
Insulated Gate FET|절연 게이트 FET|NULL
Insulating Core Transformer|절연 철심 변압기|NULL
Insulation|절연|전기적으로 통하지 않는 것
Insulation|절연 B 종|NULL
Insulation|절연 C 종|NULL
Insulation|절연 F 종|NULL
Insulation Cable|절연 전선|NULL
Insulation Resistance|절연 저항(絶緣抵抗|NULL
Insulation Resistance|절연저항|절연물의 전기저항
Insulation Temperature|절연 허용 온도|NULL
Insulation cable|절연전선|NULL
Intact Stability|비손상시의 복원력|NULL
Integer Programming,|정수 계획법 , 정보 제공자|NULL
Integrated Approach|종합적인 접근방식|NULL
Integrated Injection Logic|직접 주입 논리 회로|NULL
Integrated Services Digital|종합 정보 통신망|NULL
Intelligent Time Division|지능 시분할 다중화|NULL
Intent/Intention|고의|자기의 행위가 일정한 결과를 발생시킬 것을 인식하고 또 이 결과의 발생을 인용하는 것을 말함. 형법에서는 원칙적으로 고의의 경우만을 처벌하고 과실의 경우에는 처벌하지 않기 때문에, 고의와 과실과의 구별이 중요함. 민법에서는 고의는 과실과 함께 불법행위의 요건이 되므로 손해배상에 있어서는 고의든 과실이든 불문하므로 고의와 과실을 구별할 필요가 없는 경우도 있음 불법행위에 있어서 고의는 일정한 결과가 발생하리라는 것을 알면서 감히 이를 행하는 심리상태로써, 객관적으로 위법이라고 평가되는 일정한 결과의 발생이라는 사실의 인식만 있으면 되고 그 외에 그것이 위법한 것으로 평가된다는 것까지 인식하는 것을 필요로 하는 것은 아님(대법원 2002. 7. 12. 선고 2001다46440) 한편 미필적 고의는 자기의 행위로 인하여 어떤 범죄 결과의 발생 가능성을 인식(예견)하였음에도 불구하고 그 결과의 발생을 인용한 심리상태임. 예를 들며, 보험금을 탈 목적으로 밤에 자기 집에 방화할 때에 혹시 옆집까지 연소하여 잠자던 사람이 타죽을지도 모른다고 예견하면서도, 타죽어도 할 수 없다고 생각하고 방화한 경우와 같음. 미필적 고의는 불확정적 고의의 하나임
Interchangeability|호환성(互換性|NULL
Interconnection Pipe|연결관|두 개의 관계통을 연결시켜주는 관
Intercooler|중간냉각기(氣體의|NULL
Interface|인터페이스|NULL
Interface Meeting with Other Dept|타부서와 관련사항 협의|NULL
Interfacial reflection;|계면 반사|NULL
Interference|간섭|NULL
Interference Fitting|죔새 끼워맞춤|NULL
Interim Report (on|중간(中間) 보고서|NULL
Interim guidelines for Maritime Autonomous Surface Ships (MASS) trials|MASS 시운전 임시지침서|동 지침서는 MASS 시운전 시 발생할 수 있는 위험요인을 식별하고 제거할 수 있도록 지침을 제공함. 시운전은 협약에서 요구하는 해상안전, 보안 및 해양환경 보호와 같은 수준으로 시행되며, 선상이나 육상의 MASS 운항자는 시운전을 안전하게 시행할 수 있는 자격을 갖추어야 함. MASS 시운전 시 사용되는 시설들과 전산시스템의 사이버보안을 점검하는 단계도 지침서에 포함됨 1. 산업계와 정부의 통일된 단일지침서 개발 2. 통상적인 일반사항을 고려한 지침 개발 3. 기술적인 상세가 포함되지 않도록 적정 수준으로 개발 4. 목적기반기준개발(GBS) 방법과 절차를 준용 5. IMO와 이해당사자 간의 지침 개발 관련 정보 공유 6. 시운전 수행에 관한 해당 연안국 보고를 포함한 정보 공유 7. 선반 안전과 환경보호를 고려한 사고 예방조치 8. IMO 국제협약의 준수하에 시운전 수행 9. 항해 및 장비 등 시운전 작업 범위의 설정
Intermediate Beam|중간보|특수한 장소의 보강을 위하여 정상보의 중간에 증강되는 보
Intermediate Distributing|중간 배선판|NULL
Intermediate Frame|중간늑골|특수한 장소의 보강을 위하여 정상늑골의 중간에 증강되는 늑골
Intermediate Frequency|중간 주파 트랜스|NULL
Intermediate Frequency|중간 주파수|NULL
Intermediate Survey|중간 검사(中間檢査|NULL
Intermediate Survey|중간검사|선급등록검사나 정기검사완료일 부터 세 번째 검사기준일 전 후 3개월 이내에 수행하는 선급검사
Intermediate(Interm.) Shaft|중간축(中間軸|NULL
Intermittent Chain Welding|단속(斷續) 체인용접|NULL
Intermittent Failure|간헐고장(間歇故障|NULL
Intermittent Fillet Weld|띠엄 필렛용접(단속용접)|용접비드를 연속하지 않고 일정한 간격으로 띠어서 해 나가는 용접
Intermittent Staggered Welding|단속지그재그형용접|NULL
Internal Buoyancy|내부부력|구명정이 침수되어도 가라앉지 않도록 구명정 내부에 붙는 예비부력(구명정 용적의 1/10 이상)
Internal Conbustion Emgine|내연기관|실린더 안에서 연료와 공기의 혼합가스를 연소시켜 얻은 에너지를 이용하는 열기관
Internal Conbustion Turbine|내연터빈|연소기에서 얻은 열로 공기를 가열하여 작동유체로 사용하는 가스터빈
Internal Field|내부 전계|NULL
Internal Stress|내부응력|외력을 받는 구조부재의 내부에 평형을 유지하기 위해발생되는 단위면적 당 힘의 세기
International|국제 전기 통신 연합|NULL
International|국제 전기 통신 조약|NULL
International|국제 전기표준 협회|NULL
International Amateur Radio|국제 아마츄어 무선협회|NULL
International Atomic Energy|국제 원자력 기관|NULL
International Convention for The Safety Of Life At Sea : SOLAS|해상인명안전협약|해상에서의 인명안전과 관련된 선박의 인명구조장치 등을 정하는 국제협약에 의한 규정
International Convention for the Prevention of Polution from Ships : MARPOL|해양오염방지협약|선박에서 배출되는 기름과 유해물질 등에 의하여 해양이 오염되는 것을 방지하기 위한 국제협약
International Frequency|국제 주파수 등록 위원회|NULL
International Load Line Convention|국제만재흘수선 협약|배의 화물적재 상한기준을 정하는 국제협약
International Marine|국제 海事 위성 기구|NULL
International Maritime|국제 해상 기구|NULL
International Maritime Bureau (IMB) Piracy Reporting Centre|국제해사국 해적 신고 센터|ICC(International Chamber Of Commerce)의 전문 부서이며 해적 방지를 위해 설립됨. 전세계 항로를 24시간 감시, 현지 법률을 위반한 해적 행위를 보고하고, 해적 출몰 지역에 대한 경고를 발송함. IMB는 1981년에 설립된 비영리 단체로 모든 유형의 해상 범죄에 대항하는 데 중점을 두고 있음
International Maritime Prize|국제 해사 상|국제해사기구(IMO) 목적달성에 가장 이바지를 한 개인, 비정부기구 또는 단체에 수여하는 상으로 1977년에 신설되었으며 1981년부터 매년 수여하고 있음
International Maritime Research and Development Board (IMRB)|국제해사연구개발이사회|선박 연료유 톤당 기여금을 부과하여 기금을 마련하고, 이 기금으로 대형 선박의 저탄소/무탄소 연구개발 프로그램에 금융지원을 할 수 있도록 기금을 운용함. 2020년 5월 기준 IMRB 설립이 결정되지 않았으며 논의가 진행 중
International Organization|국제 표준화 기구|NULL
International Radio|국제 무선통신 자문 위원회|NULL
International Ship Security Certificate (ISSC)|국제선박 보안증서|해당 선박의 보안 시스템과 보안장비가 ISPS 코드에 부합하며, 모든 조건을 만족하는 경우, 기국으로부터 발행되는 증서
International System of Units|국제 단위계|NULL
International Telegraph and|국제 전신전화 자문위원회|NULL
Interpolation Method|보간법(補間法|NULL
Intersection of Welding|용접의 교차(交叉|NULL
Intial IMO Strategy on Reduction of GHG Emissions from Ships|선박 온실가스 배출 감축을 위한 IMO 초기전략|선박 온실가스 감축을 위한 국제해사기구의 의지와 목표를 반영하여 선언한 결의안 (Res.MEPC.304(72)). 전략의 비전은 금세기 이내 가능한 가장 빨리 국제해운에서의 온실가스를 퇴출(Phase out)하는 것이며, 2030년까지 2008년 국제해운 탄소집약도 대비 40% 감축, 2050년까지 2008년 국제해운 온실가스 총 배출 대비 50% 이상 감축하는 목표 등을 포함하고 있음
Invalidity|무효|조약의 무효란 조약체결에 있어 국제법이 정하는 요건이 충족되지 않음으로써 조약이 유효하게 성립하지 못하는 것을 지칭함
Invar|인바아|NULL
Inventory|비품류(備品類|NULL
Inventory Carrying Cost|재고(在庫) 유지비용|NULL
Inventory Control|재고 관리(在庫管理|NULL
Inventory Holding Cost|재고 유지비용|NULL
Inventory Requirement|재고 소요량|NULL
Inverted Angle (I.A|역산형강|NULL
Inverter|인버터|직류전력을 교류전력으로 변환하는 장치
Investment Casting|정밀주조|주조 후에 가공이나 다듬질을 하지 않도록 깨끗하게 주조하는 것
Irregular Variation|불규칙(不規則) 변동|NULL
Isherwood System|이셔우드식|종골식 선체구조방식
Isolating Transformer|절연(絶緣) 변압기(면도기등에사용）|NULL
Isolation Amplifier|아이솔레이션 증폭기|NULL
Isometric Drawing|입체도면(立體圖面|NULL
Issue Work Order|작업지시서 발행|NULL
Issue for Approval|승인 제출도|NULL
Iuminous flux|광속|NULL
JAPAN SHIP EXPORTER'S ASSOCIATION|일본선박수출조합|NULL
JAPAN WELDING SOCIETY|일본용접협회|NULL
JAPANESE INDUSTRIAL STANDARD|일본표준공업규격|NULL
JAPANESE INDUSTRIAL STANDARDS|일본 공업 규격|NULL
JAPANESE SOCIETY OF MATERIALS & SCIENCE|일본재료학회|NULL
JB ( Junction Box|전로접속(電路接續)함|NULL
JCS|일본전선 공업협회|NULL
JIS(Japanese Industrial Standard|일본 표준공업규격|NULL
JIT (Just In Time|적시보급(適時補給|NULL
JOINT VENTURE|합작 투자|NULL
JP-5(Jet Propellant-5|항공 제트연료|NULL
JPO|국제기구 초급전문가|JPO (Junior Professional Officer), 국제기구에서 정규직원과 동등한 조건으로 일정 기간 근무하며 경력을 쌓을 수 있는 직원 근무 프로그램 과정임
JSA (Japanese Standards Association|일본규격협회|NULL
JUNCTION FET|접합형 FET|NULL
JUST IN TIME, JUST on TIME|정시간에 내어, 정시간에|NULL
JV (Joint Venture|합작 투자|NULL
Jacet Cooling Fresh Water Cooler|재킷청수냉각기|내연기관의 실린더재킷 냉각용 청수를 해수로 냉각시켜 주는 열교환기
Jack|선수기|정박중의 배가 국적을 나타내기 위하여 선수에 계양하는 깃발
Jack Bolt|잭 보울트|NULL
Jack Staff|선수(船首) 깃대|NULL
Jack Staff|선수깃대|선수기를 계양하기 위한 깃대
Jack-up Test|잭-업 시험|NULL
Jacket Cooling Fresh Water Pump|재킷냉각청수펌프|내연기관의 실린더재킷 등에 청수를 보내는 펌프
Jacob's Ladder|파이로트 레다|NULL
Japanese Industrial|일본 공업 규격|NULL
Jeddah Amendment to the Djibouti Code of Conduct 2017|지부티 행동강령 2017|서인도양과 아덴만에서 발생하는 해적과 무장강도를 퇴치하기 위한 지부티 행동강령으로 2017년 1월 사우디 제다(Jeddah)에서 개최된 고위급 회의를 통해 적용 범위를 인신매매와 IUU(불법 미보고 미규제) 어업을 포함하는 해상에서 불법 행위까지 확대함. 특히, 국가적 지역적 역량을 강화하기 위하여 IMO의 협조를 통해 확대된 해상안전 관련 문제에 대응할 수 있도록 국가 간의 협력에 동의함. 또한, IMO는 지부티 코드 신탁 펀드를 개설하여 입법, 교육, 역량 구축, 정보 공유의 4대 축을 바탕으로 지역 연합을 구축하여 지역 내 해적 대응 능력을 향상하기 위해 다수 프로젝트에 자금을 지원함
Jenny|주낚바퀴|주낚을 감아올릴 때 뱃전에 스치지 않도록 해주는 도르래
Jet Propulsion|제트추진|배안으로 빨아들인 물을 선미로 분사하여 그 반력으로 추진력을 얻는 방법
Jet Pump|제트펌프|고압의 물이나 증기를 노즐로 분사시켜 출구부근에 생기는 진공을 이용하여 물을 빨아올리고 그것을 디퓨저로 가압하여 목적장소로 보내는 구조로 된 펌프
Jet fire|고속 유출 화재|가압상태의 위험물 이송 배관이나 가압펌프에서 액체가 분출될 때 발생하는 화재. 소화를 위해서는 액체가 분출되는 배관의 밸브를 신속히 차단하는 것이 필요
Jet-engine|제트기관|기관 내부에서 연료를 연소시켜 얻은 가스를 뒤로 분출시켜 그 반력으로 추진하는 항공기용 기관
Jettison|화물가스 배출구 (危急時|NULL
Jettison|화물폐기|선박이 좌초 등의 조난으로 위급할 때 안전을 위하여 적재화물의 일부나 전부를 바다에 버리는 것
Jetty|돌출제방|육지에서 수중으로 달아낸 소규모의 부두 또는 선착장
Jib Crane|지브 크레인|NULL
Jib Crane|집크레인|붐 끝에 중량물을 달고 회전할 수 있는 기중기
Jigs|치구 (治具|NULL
Jigs and fixtures|치구 및 고정구|NULL
Jigzag Intermitent Weld|지그재그용접|지그재그 필릿용접과 같음
Job Analysis|직무 분석(職務分析|NULL
Job Enlargement|직무 확대(職務擴大|NULL
Job Inventory|직무일람표|NULL
Job Requirement|직무 요건|NULL
Job Satisfaction|직무 만족|NULL
Job Sequencing|작업순서결정|NULL
Job Summary|직무 개요(職務槪要|NULL
Job content|직무내용|NULL
Joggled Lap Joint|맞물림 겹치기이음|두 부재를 겹쳐 이을 때 한쪽 부재에 단을 지어 양 부재의 면이 동일평면에 오도록 한 겹치기이음
Joggling (Lap) Joint|턱붙임(걸침)이음|①턱붙임공작을 하여 접촉부가 밀착되게 한 이음형식  ②판과 판을 이을 때 이음부가 밀착되게 하기 위해서 단을 지어주는 공작
Joggling Machine|턱붙임기계|판재나 형재에 죠글링을 지어주는 기계
Joiner Plan|선실목공도|선실내의 목공사에 대한 공작도면
Joinery Work|선실내장공사|NULL
Joint Detail|이음부 상세|NULL
Joint Inspection Unit|합동감사기구|국제기구의 사업계획 채택·실적 평가제도 개선 등 행정·예산 분야의 제반 개혁조치 등을 포함한 이행 사항을 전반적으로 점검하는 유엔 산하의 기구임 (홈페이지 : www.unjiu.org)
Joint Length|이음부 길이|NULL
Journal|저널|축이 지지되는 부분
Journal Bearing|저널베어링|축의 저널부분을 받치는 평베어링
Jumboization|선박개조(길이연장|NULL
Jumping Stopper|점핑 스토퍼|NULL
Jumping Stopper|점핑스토퍼|키가 파도의 충걱 등에 의하여 솟구치는 것을 막기 위해 설치한 구조물
Junction FET|접합형 FET|NULL
Jurisdiction|관할권|국가가 갖는 일종의 주권이며 권력이 작용하는 일정 범위의 사람, 재산 및 사실에 관한 권능을 의미함. 통상적으로 일국의 관할권은 통치력이 적용되는 장소 차원의 범위를 일컬음
KALIUM DIHYDROGEN PHOSPHATE|인산 2 수소 칼륨|NULL
KALIUM TANTALUM NIOBATE|칼륨 탄탈륨 니오브|NULL
KEEL LAYING|기공|NULL
KEY PERFORMANCE INDICATOR|주요성과지표|NULL
KEYBOARD SEND/RECEIVE SET|건반 송수신 장치|NULL
KILOVOLT AMPERE|피상 전력단위|NULL
KILOWATT|유효전력단위|NULL
KILOWATT HOUR|전력량단위|NULL
KNOTS|노트|NULL
KNUCKLE LINE|너클선|NULL
KOREA DISTRIBUTION AUTOMATION SYSTEM|한국형 배전자동화 시스템|NULL
KOREA ENERGY DEVELOPMENT ORGANIZATION|코리아 에너지 개발기구|NULL
KOREA SHIPBUILDING QUALITY STANDARDS|한국조선품질표준|NULL
KOREAN (INDUSTRIAL) STANDARD|한국표준공업규격|NULL
KOREAN DEVELOPMENT BANK|한국 산업 은행|NULL
KOREAN REGISTER OF SHIPPING|한국 선급 협회|NULL
KOREAN REGISTER OF SHIPPING|한국선급|NULL
KOREAN STANDARD|한국공업규격|NULL
KOREAN WELDING SOCIETY|한국용접협회|NULL
KP|판(KEEL PLATE) 용골판|NULL
KR(Korean Register of Shipping|한국 선급협회|NULL
KRISO (Korea Research Institute of Ship and Ocean Engineering|한국해사기술연구소|NULL
KS(Korean Industrial Standard|한국 표준공업규격|NULL
KSQS(Korean Shipbuilding Quality Standards|한국 조선품질표준|NULL
KUP|강제적 지식요건|선원 자격증명에 관한 협약 내용에서 요구하는 KUP(Knowledge Understand Proficiency)는 지식, 이해 및 숙련도로써, 협약에서 요구하는 선원에 대한 최소능력 기준에 대한 지침 임
Kalium Dihydrogen|인산 2 수소 칼륨|NULL
Kalium Tantalum Niobate|칼륨 탄탈륨 니오브|NULL
Kedge Anchor|작은닻|묘박상태에서 선박을 조금씩 이동시킬 때 사용하는 별개의 닻
Keel|용골|선저의 중심선을 종통하는강력부재
Keel|용골(龍骨|NULL
Keel|용골(龍骨)]:선체(船體)의 중심선을 따라 배밑을 선수(船首)에서 선미(船尾)까지 꿰뚫은 부재|NULL
Keel Block|반목(盤木|NULL
Keel Block|용골반목|용골받침목과 같음
Keel Block|용골받침목|선대나 독에서 선체지지를 위하여 용골 밑에 배치되는 받침목
Keel Laying Block|최초(最初)탑재블록|NULL
Keel Line|용골선(龍骨線|NULL
Keel Plate|용골판|NULL
Kerf|커프|흠집자국
Kerf Allowance|절단부의 절취되는 양|NULL
Key|키|허브와 축의 상대적 회전을 막기 위해 허브의 내변과 축의 표면에 파놓은 홈에 물리는 쇠막대
Key Performance Indicator|주요성과지표|NULL
Key Plan|기본도(基本圖|NULL
Key Seating Milling Machine|키홈파기밀링기|특수한 절삭공구로 키홈을 파주는 밀링기계
Key Way|키홈|키를 박기 위해 축과 보스에 판 홈
Key Way Cutting Machine|키홈절삭기|키홈을 절삭해 주는 전용공작기계
Keyboard Send/Receive set|건반 송수신 장치|NULL
Keyed Propeller|키박이프로펠러|프로팰러축과 허브사이에 키를 박아 고정시킨 프로펠러
Keyless Propeller|키리스프러펠러|프로펠러 축과 허브사이를 키로서 고정하지 않고 허브와 축을 압입하여 고정시킨 프로펠러
Keyway|키 홈|NULL
Killed Steel|킬드강|탈산제로 탈산시킨 철강재
Killed Steel|킬드강(鋼|NULL
Kilovolt Ampere|피상 전력단위|NULL
Kilowatt|유효전력단위|NULL
Kilowatt Hour|전력량단위|NULL
Kind 1 Shaft|제일종축|해수에 대하여 확실한 방수조치를 하였거나 특별히 해수부식에 대한 내구성이 인정된 재료로 된 축
Kind 2 Shaft|제이종축|해수에 대하여 확실한 방수조치를 하지 않은 축
Kingpost|킹포스트|NULL
Kingston Valve|킹스톤밸브|해수를 배 안으로 끌어들이기 위한 흡입밸브
Kink|꼬임|NULL
Kink|킹크|로프가 꼬여서 생긴 혹
Kitchenette|간이(簡易)취사장|NULL
Knee|니|갑판보와 늑골의 연결부에붙이는 삼각형 판
Knife Switch|나이프스위치|접개칼 모양으로 단자가 끼워지는 스위치
Knight Head|나이트헤드|목선의 선수재 양쪽에 붙는 부재
Knuckle|너클|선미부나 빌지부에서 외판이 각을 이루며 꺾이는 부분
Knuckle Line|너클선(절곡선|NULL
Knuckle Molding|너클몰딩|선미의 너클부분에 붙이는 장식용 조각
Korea Distribution|한국형 배전자동화 시스템|NULL
Korean Register of Shipping|한국 선급 협회|NULL
Korean Register of Shipping : KR|한국선급|한국의 선급기관
Korean Standard|한국공업규격|NULL
Kts (Knots|노트 (N.M/Hr|NULL
Kyoto Protocol|교토의정서|감축 의무를 구체적으로 어떻게 이행해야 하는지 규정하지 않았던 유엔기후변화협약을 보완하고 규제를 강화하기 위하여 1997년 제3차 유엔기후변화협약 당사국총회에서 구체적 의무를 담은 교토의정서를 채택하였으며, 해당 의정서에는 감축해야 하는 온실가스 목록 및 감축 의무를 부담하는 국가와 그 국가의 감축량 등을 규정하고 있음
L/C ( Letter of Credit|신용장(信用狀|NULL
L/C (Launching|진수(進水|NULL
LABORATORY|시험실|NULL
LABORATORY AUTOMATION|실험실 자동화|NULL
LACK OF FUSION|융합불량|NULL
LAMBERTIAN SURFACE|균등확산면|NULL
LAMP VOLTAGE|램프 전압|NULL
LANDING SHIP FOR TANKS|전차 상륙용 함선|NULL
LARGE SCALE INTEGRATION|대규모 집적 회로|NULL
LASER DOPPLER VELOCIMETER|레이저 도플러 속도계|NULL
LASH (Lighter Aboard Ship|래쉬선(船|NULL
LATEST DATE|지연작업 착수일|NULL
LATEST FINISH DATE|지연작업 완료일|NULL
LAUNCHING|진수|NULL
LBP (Length Between Perpendiculars|수선간장(垂線間長|NULL
LBP : Length between Perpendiculars|수선간길이|선수수선과 선미수선 간의 수평거리
LCD(Liquid Crystal Display|액정(液晶) 표시장치|NULL
LCG (Longitudinal Center of Gravity|종방향 중심(重心|NULL
LCL(Lower Control Limit|관리 하한선|NULL
LCV (Lower Calorific Value|저발열량(低發熱量|NULL
LEADLESS INVERTED DEVICE|직결 반전 디바이스|NULL
LEAK TEST|누설검사|NULL
LEAKAGE CONDUCTANCE|누설 컨덕턴스|NULL
LEAKAGE CURRENT|누설 전류|NULL
LEAKAGE FLUX|누설 자속|NULL
LEAKAGE INDUCTANCE|누설 인덕턴스|NULL
LEAKAGE REACTANCE|누설 리액턴스|NULL
LEAKAGE TRANSFORMER|누설 변압기|NULL
LED(Light Emitting Diode|발광(發光) 다이오드|NULL
LEL (Lower Explosion Limit|저 폭발한계|NULL
LENGTH BETWEEN PERPENDICULARS|수선간 길이|NULL
LENGTH OF SKIRT PART|스커트길이|NULL
LENGTH OF WATER LINE|수선장|NULL
LENGTH OVER ALL|선체 전길이|NULL
LEOSAR|저궤도 위성조난안전 시스템|LEOSAR (Low Earth Orbit satellite system for SAR) Cospas-Sarsat 시스템을 구성하는 요소로서 약 850 ~ 1,000 km 상공에 있는 극궤도 위성시스템. 극궤도 운행을 통하여 전 세계를 커버할 수 있다는 장점이 있음
LESS THAN CONTAINER / CAR LOAD CARGO / LOTS|한 화차 미달량(콘테이너 복수화주)|NULL
LETTER OF CREDIT|신용장|NULL
LETTER OF GUARANTEE|(화물선취) 보증서|NULL
LETTER OF INTENT|발주 의향서|NULL
LETTER OF INTENT|의향서|NULL
LEVEL 1 VULNERABILITY CRITERIA|1단계 기준|5가지 복원성 손실 모드를 가장 높은 복원성을 요구하는 간략한 수식으로 평가는 첫 번째 검토 기준으로 총 4가지 검토 기준 중 한 가지의 기준을 만족하는 것으로 해당 모드의 복원성을 만족하는 것으로 판단
LEVEL 2 VULNERABILITY CRITERIA|2단계 기준|5가지 복원성 손실 모드를 높은 복원성을 요구하는 좀 더 정확하고 복잡한 수식으로 평가는 두 번째 검토 기준
LFT(Latest Finish Time|최지(最遲)완료시간|NULL
LICENCE AGREEMENT|기술 제휴|NULL
LIFE CYCLE ANALYSIS|라이프 싸이클 분석|NULL
LIFT on / LIFT OFF|LIFT on/LIFT OFF SYSTEM에 의한 FULL CONTAINER 선|NULL
LIGHT ACTIVATED NEGATIVE EMITTER|래너|NULL
LIGHT ACTIVATED SILICON CONTROLLED|광 SCR|NULL
LIGHT ACTIVATED SWITCH|광 스위치|NULL
LIGHT EMITTING DIODE|발광 다이오드|NULL
LIGHT SOURCE|광원|NULL
LIGHT SOURE COLOUR;LIGHT SOURCE COLOR|광원색|NULL
LIGHT WEIGHT|경하중량|NULL
LIGHTNING STROKE|뇌격|NULL
LIGHTNING SURGE|뇌 서지|NULL
LIMIT SWITCH|스위치|NULL
LINE CONSTANT|선로 상수|NULL
LINE CONTROL UNIT|회선 제어 유닛|NULL
LINE CURRENT|선로 전류|NULL
LINE VOLTAGE|선간 전압|NULL
LIQUEFIED NATURAL GAS|액화 천연 가스|NULL
LIQUEFIED PETROLEUM GAS|액화 석유가스|NULL
LIQUID CRYSTAL DISPLAY|액정 표시 장치|NULL
LIQUID PENETRANT TEST|액체침투탐상검사(DYE CHECK, RED CHECK등)|NULL
LLOYD'S REGISTER OF SHIPPING|영국 선급 협회|NULL
LLOYD'S REGISTER OF SHIPPING|영국선급협회|NULL
LNG(Liquified Natural Gas|액화 천연가스|NULL
LO ( Lubricating Oil|윤활유(潤滑油|NULL
LO Dirty Tank|윤활유더티탱크|피스톤 롯의 스터핑박스에서 나오는 재생가능한 기름을 담는 탱크
LO Gravity Tank|윤활유중력탱크|중력을 이용하여 윤활유를 공급하는 탱크
LO Purifier|윤활유청정기|윤활유 중의 수분과 고형물질을 제거해주는 원심분리기
LO Sludge Tank|윤활유 슬러지탱크|불순물이 많이 섞인 윤활유를 모으는 탱크
LO Sump Tank|윤활유섬프탱크|주기나 보기에서 되돌아온 윤활유가 모이는 탱크
LOA ( Length Overall|전장(全長|NULL
LOAD CAPACITY|부하 용량|NULL
LOAD FACTOR|부하율|NULL
LOAD FACTOR [CF]|하중계수|NULL
LOAD FACTOR [Cf]|하중계수|NULL
LOAD LINE|만재 홀수선|NULL
LOAD TEST|부하 시험|NULL
LOAD WATER LINE|홀수선|NULL
LOAD-OUT|선적|NULL
LOCAL AREA NETWORK|근거리 통신망|NULL
LOCAL GROUP START PANEL|기기측에 설치된 시동반|NULL
LOCAL LIGHTING|국부조명|NULL
LOCALIZED GENERAL LIGHTING|국부적 전반조명|NULL
LONDON INTERBANK OFFERED RATES|런던 금융시장에서 이루어지는 일류 은행간 자금운용(대출)시 적용되는 금리|NULL
LONDON METAL EXCHANGE|런던 금속 거래소|NULL
LONG RANGE NAVIGATION|로란 STATION으로 부터 나온 전파를 잡아서 자기 배의 위치 찾음.|NULL
LONGITUDINAL|종통재|NULL
LONGITUDINAL CENTER OF BUOYANCY FROM MIDSHIP|부력의 종방향중심|NULL
LONGITUDINAL CENTER OF FLOATATION FROM MIDSHIP|부선면의 종방향 중심|NULL
LONGITUDINAL CENTER OF GRAVITY FROM MIDSHIP|선체 무게 중심의 중방향중심|NULL
LOOP TEST|루프시험|NULL
LORAN(Long Range Navigation|로오랜 (선위 측정 장치|NULL
LOW FREQUENCY|저주파|NULL
LOW NOISE AMPLIFIER|저잡음 증폭기|NULL
LOWEST USABLE FREQUENCY|최저 사용 주파수|NULL
LPG(Liquified Petroleum Gas|액화 석유가스|NULL
LR(Lloyd's Register of Shipping|영국 선급(로이드|NULL
LRIT|선박장거리위치추적|LRIT (Long Range Identification and Tracking) 9.11 테러사고를 계기로 국제해사기구(IMO)가 선박에 의한 해상테러 예방 및 해상보안 조치 강화를 위해 도입 시행(‘09.1)한 제도로 자국 항만(최대 1,000마일 범위)이나 연안에 입 출항하는 외국적 선박과 국제 항해의 국적 선박의 위치를 추적할 수 있도록 하는 시스템
LRIT Coordinator|LRIT 조정기구|당사국의 LRIT 데이터 센터(DC) 구축을 지원하고, 당사국 정부를 대신하여 LRIT 시스템에 대한 감사업무 수행하는 기구임. 현재 LRIT 조정기구 업무는 IMSO(국제이동위성기구)가 수행함
LSA Code|구명설비 기준|LSA Code (International Life-Saving Appliance Code), 선박의 구명설비에 대한 기준. 구명설비의 종류에 따라 6개 목차로 구성되며, 각 챕터 별 ‘개인용 구명설비’, ‘가시신호’, ‘생존정’, ‘구조정’, ‘진수 및 승정 설비’, ‘기타의 구명설비’ 요건을 규정함
LST (Latest Start Time|최지(最遲)개시시기|NULL
LTE-M|초고속 해상무선통신|LTE-M (Long Term Evolution-Maritime), LTE 기술을 통해 연안 100km 범위까지 데이터 통신이 가능한 무선통신 시스템
LUBRICANT OIL|윤활유|NULL
LUBRICANT OIL TANK|윤활유 탱크|NULL
LUBRICATION OIL|윤활유|NULL
LUMEN|루멘|NULL
LUMEN METHOD; FLUX METHOD|광속법|NULL
LUMINAIRE FOR EXPLOSIVE ATMOSPHERE|방폭조명기구|NULL
LUMINOUS CEILING|광 천정|NULL
LUMINOUS EXITANCE|광속 발산도|NULL
LUMINOUS FLUX MAINTENANCE FACTOR|광속 유지율|NULL
LUMINOUS INTENSITY|광도|NULL
LUMINOUS RANGE|가시거리|NULL
LUT|위성조난통신 육상수신국|LUT (Local User Terminal), 위성으로부터 수신한 선박 또는 항공기의 조난신호를 육상에서 일차적으로 수신하는 수신국
LUX|룩스|NULL
Laboratory|실험실(實驗室|NULL
Laboratory Automation|실험실 자동화|NULL
Labour Cost|노무비(勞務費|NULL
Labyrinth Seal|래비린스 시일|NULL
Lack of Fusion|융합 불량|NULL
Lack of Oxygen|산소 부족(酸素不足|NULL
Ladder Winch|사다리윈치|사다리를 올리고 내리는 와이어로프를 감는 윈치
Ladder Wire Rope|사다리와이어|사다리를 올리고 내리는 와이어로프
Laden Voyage|적하항해(積荷 航海|NULL
Lambertian surface|균등확산면|NULL
Lamellar Tearing|다층균열(多層龜裂|NULL
Laminated Wooden Ship|합판선|얇은 목판을 요소수지 등의 접착제로 붙여 만든 선박
Lamination|라미네이션|NULL
Lamination|적층|얇은 재료를 여러 겹으로 겹치는 것
Lamp voltage|램프 전압|NULL
Land Trial|육상시운전|주기나 보기류를 선박에 탑재하기 전에 육상에서 실시하는 시운전
Landing|랜딩|정면선도에 외판의 이음선(Seam Line과 Buutt Line)위치를 결정하여 기입하는 작업
Lap Joint|겹 이음|NULL
Lap Joint|겹치기이음|두 부재의 끝이 적당한 폭으로 겹치게 하여 겹쳐진 두 면 끝을 필렛용접하는 이음법
Lap Welding|겹치기 용접|NULL
Lapping|랩핑|NULL
Large Scale Integration|대규모 집적 회로|NULL
Laser Doppler Velocimeter|레이저 도플러 속도계|NULL
Laser Machining|레이져 가공|NULL
Lashing|래싱|적재물이 동요되지 않게 로프 등으로 묶는 것
Lashing Wire|래싱 와이어|NULL
Latent Defect|잠재불량(潛在不良|NULL
Latent Heat|잠열|물체의 상 변화에 따라 일정한 온도에서 흡수하거나 방열하는 열량
Lateral Bending|횡굽힘|부재가 횡방향으로 굽어지는 것
Lateral Pressure|횡압력|선체 옆면이나 운동방향에 대하여 수직하게 받는 압력
Lateral Vibration|횡방향(橫方向) 진동|NULL
Lathe|선반(旋盤|NULL
Launch Preparations|진수 준비(進水準備|NULL
Launch/retrieval System|착수양수장치|잠수기나 잠수선을 모선에서 해면에 내려놓거나 올리는 장치
Launching Barge|진수바지|갑판상에 탑재한 구조물을 진수시키는 장치를 갖춘 바지
Launching Calculation|진수 계산(進水計算|NULL
Launching Ceremony|진수식|진수시에 새로운 배의 탄생을 축하하는 의식
Launching Cradle|진수크레이들|진수시의 활주대와 선체를 고착시켜 주는 구조물
Launching Drag|진수드래그|선대진수시 활주속도를 늦추기 위하여 선수에 매달아 끌려가게 하는 무거운 체인
Launching Platform|진수식대|진수식을 거행하기 위하여 마련한 식대
Launching Way|런칭웨이|구조물을 안전하게 진수시키기 위하여 선체 밑에 설치하는 미끄럼(굴림)설비의 총칭
Laundry|세탁실(洗濯室|NULL
Lavatory|화장실(化粧室|NULL
Lay Floor Covering|덱크카바링 설치|NULL
Lay-Up Ship|계선(繫船|NULL
Lay-up|계선|선박을 장시간 쓰지 않고 매어둠
Layer|층|용접의 패스로 형성된 용착금속 층
Lead Hammer|납 망치|NULL
Lead Paint|공명단 도료|붉은 색의 광명단(산화 납)을 주성분으로 하는 도료로 철의 방청도료로 사용됨
Lead Storage Battery|납축전지|NULL
Lead Time|조달 기간(調達期間|NULL
Lead Wire|납실|틈새를 채우는데 사용되는 납으로 만든 가는 실
Lead-alloy-sheathing|납피복|방식과 방부를 위하여 전선 등을 납으로 싸는 것
Leadless Inverted Device|직결 반전 디바이스|NULL
Leadman`s Platform|측심대|수동식 측심추를 달아내리는 사람이 설 수 있도록 뱃전에 설치한 보호발판
Leak Detection|누설 검지(漏泄檢知|NULL
Leak Test|누설시험|NULL
Leakage Conductance|누설 컨덕턴스|NULL
Leakage Current|누설 전류|NULL
Leakage Flux|누설 자속|NULL
Leakage Inductance|누설 인덕턴스|NULL
Leakage Reactance|누설 리액턴스|NULL
Leakage Transformer|누설 변압기|NULL
Learning Curve|습득 곡선(習得曲線|NULL
Least Developed Countries (LDCs)|최빈개도국|지속 가능한 발전에 심각한 구조적 장애를 가지고 있는 저소득 국가로, 경제적, 환경적 충격에 매우 취약하고 인적 자산 수준이 낮음. 유엔 사무국에서 LDCs 목록으로 47개국을 수록하고 있음 - LDCs List (웹페이지) https://www.un.org/development/desa/dpad/least-devel oped-country-category.html
Lee Board|리보드|선저가 평편하고 흘수가 얕은 배의 말려가는 것을 막기 위하여 현측에 내리는 물가름판
Lee Helm|리헬름|항해중 선수가 바람에 밀릴 때 침로유지를 위하여 타를 바람쪽으로 틀어주는 항법
Left-Handed Screw|왼나사|NULL
Left-handed Propeller|좌회전프로펠러|선미 후방에서 볼 때 반시계방향으로 도는 프로펠러
Leg Length|다리길이(각장)|필렛용접의 루트로 부터 한 직각변의 끝까지의 거리
Leg Length|용접 각장(熔接脚長|NULL
Length Coefficient of Froude|프루드길이계수|길이-배수량비와 같음
Length on Waterline|수선상길이|선체흘수선의 길이
Lengthening|점보나이징|NULL
Let-go-anchor|투묘|닻을 바다에 던지는 것
Lethal Gas|유독(有毒)가스|NULL
Letter of Intent|발주 의향서|NULL
Level Gauge Board|액면계기판|한 곳에서 탱크들의 액면을 관찰하도록 액면게이지를 한 곳에 모아 놓은 패널
Level Switch|레벨스위치|액면에 떠있는 부체의 움직임에 따라 액면이 정해진 수위에 차면 단락신호를 보내주는 장치
Leveling|평준화(平準化|NULL
Levels of Ambition|의욕 수준|국제해사기구가 선박 온실가스 배출 감축을 위한 IMO 초기전략을 통하여 IMO의 선박 온실가스 감축 의지, 포부를 정량화하여 나타낸 것으로 3단계로 설정함 단계 내용 1단계 신조선에 대한 EEDI 단계적 감축을 강화 2단계 국제해운의 탄소 집약도를 ’30년까지 ’08년 대비 40% 이상 감축 3단계 국제해운의 온실가스 총배출량을 ‘50년까지 ’08년 대비 50% 이상 감축
Lever Block|레바 블록|NULL
Life Boats Throwing and Lowering Test|구명정승강시험|구명정에 규정하중을 싣고 수면에 내리고 올리는 시험
Life Buoy|구명 부이|NULL
Life Line|구명줄|물에 뜨는 구조용 줄로서 조난자가 잡도록 하여 구조함
Life Line Throwing Appliance|구명줄 발사기|본선에서 멀리 떨어진 조난자가 잡도록 구명줄을 멀리 보내는 장치
Lifeboat|구명정|생존정(Survival craft)의 한 종류로, 해상에서 조난된 선박을 버리고 탈출하는 경우에 사용하는 자항 능력을 갖춘 보트. 신호 장치, 의약품, 비상식량 등을 갖추며 일반적으로 Deck house가 설치되는 상갑판 좌우에 각각 설치됨. 형태에 따라 전폐형 구명정(Totally enclosed lifeboat)과 부분폐형 구명정(Partially enclosed lifeboat)으로 구분됨
Lifeboat|구명정(救命艇|NULL
Lifejacket|구명조끼|해상에 떨어졌을 때 자체 부력으로 물에 또 있을 수 있도록 착용하는 조끼로, 구명조끼라고도 함
Liferaft|구명뗏목|생존정(Survival craft)의 한 종류로, 선박 침몰시 해수면으로 탈출한 승객과 승무원이 임시로 대기할 수 있도록 고안된 비상 구난 장치. 비상식량, 통신장비, 낚시도구, 약품 등이 실려 있으며, 비상시 수상으로 내려져 자동으로 팽창하게 되어 있음. 구명정과 달리 자항 능력을 갖추고 있지는 않음
Lifesaving Equipment|구명 장비(救命裝備|NULL
Lift|승강기|물품을 실어올리거나 내리는 장치
Lift|양력|유체속에서 움직이는 물체에 이동방향의 수직으로 작용하는 힘
Lift by Stern|선미부양|배를 선대에서 진수할 때 선미가 물에 잠겨 부력을 받아 뜨면서 선대에 남아있는 선수부에 굽힘모멘트가 걸리는 상태
Lift-on/Lift-off System : Lo.Lo System|리프트온/리프트오프방식|데릭이나 크렌 등으로 화물을 싣고 내리는 하역방식의 총칭
Lifting Beam|달아올림 보|기관실 천정에 장치하여 기기를 올리거나 내릴 때 사용하는 보
Lifting Lug|매달기위한 고리|NULL
Light Activated Negative|래너|NULL
Light Activated Silicon|광 SCR|NULL
Light Activated Switch|광 스위치|NULL
Light Beacon|등표|암초나 수심이 얕은 곳에 설치하여 피하게 하는 등불달린 표시로 부표가 아님
Light Bouy|등불부표|암초나 수심이 얕은 곳에 설치하여 피하게 하는 등불달린 부표
Light Displacement|경하배수량|NULL
Light Scantling Vessel|경구조선|중구조선보다 가벼운 구조로 된 선박
Light Ship|등대선|등대설치가 어려운 곳이나 항구입구 등 항해상 중요한 곳에 고정계류하여 등대역할을 하도록 하는 소형선박
Light Welding|경용접(輕熔接|NULL
Light emitting diode|발광 다이오드|NULL
Light source|광원|NULL
Light soure colour;light|광원색|NULL
Lightening Hole|무게줄임구멍|구조중량경감을 위해 뚫는 구멍
Lightening Hole|중량경감(輕減) 구멍|NULL
Lighthouse Tender|등대 관리선|항로부표나 등대 등의 관리와 보급품수송 등에 종사하는 선박
Lighting Fitting|조명 기구|NULL
Lightning Arrester|피뢰기(避雷器|NULL
Lightning Stroke|뇌격|NULL
Lightning Surge|뇌 서지|NULL
Lightweight|경하중량(輕荷重量|NULL
Lignum Vitae|리그넘바이터|NULL
Limber Hole|림버구멍|빌지수를 흐르게하기 위한 구멍으로 늑판이나 거더 등에 뚫어줌
Limit Gauge|한계게이지|제품이 허용되는 회대와 최소치수의 범위 안에 있음을 확인하는 게이지
Limit Switch|리밋 스위치|NULL
Limit Switch|스위치|NULL
Limited Waters|제한 수역|어선의 선장과 해기사의 자격증명 기준을 그 정해진 한계 밖 수역에 승무하는 것보다 낮은 수준에 설정할 수 있는 안정성이 있다고 생각되는 수역으로 당해 주관청이 정한 당사국 주변의 수역을 지칭
Limiting Factors|제약적 요인|NULL
Line Balancing|공정간의 균형화|NULL
Line Constant|선로 상수|NULL
Line Control Unit|회선 제어 유닛|NULL
Line Current|선로 전류|NULL
Line Hauler|주낚줄감개|주낚을 올릴 때 감아주는 기계
Line Heating|선상 가열(線狀加熱|NULL
Line Heating|선상가열법|금속표면을 가열후 급냉시킬 때 일어나는 표면수축에 의한 굽힘응력을 활용하여 판재나 형재를 변형가공하는 방법으로 일정 선을 따라 가열 냉각함으로 붙여진 표면수축 가공법의 명칭
Line Voltage|선간 전압|NULL
Linear Expansion|선팽창(線膨脹|NULL
Liner|정기선|일정한 항로를 정기적으로 운항하는 배
Liner|정기선(定期船|NULL
Lining|라이닝|마찰감소나 방식 등 의 목적으로 본체 표면에 고계통이나 합성수지로 입힌 것
Liquefaction|액화|기체를 냉각시키거나 압축하여 액체상으로 변화시키는 것
Liquefied Gas Tanker|액화가스탱커|국제가스운반선코드(IGC Code)제 19장에 열거된 모든 액화가스 또는 기타제품의 산적운송을 위하여 건조 또는 개조되어 사용되는 선박을 말함
Liquid Cargo|액체화물|선박에 적재되는 액체상 또는 반액체상의 화물을 총칭함
Liquid Crystal Display|액정 표시 장치|NULL
Liquid Gasket|액체 가스켓|NULL
Liquid Oxygen|액화 산소|NULL
Liquified Gas|액화 가스|NULL
List|경사(傾斜|NULL
Listening Rod|청음봉|한쪽 끝은 기계 바깥쪽에 대고 다른 끝은 귀에대어 기계내부의 소리를 들어 진단하는 봉
Live Fish Carrier|활어운반선|고기를 활어창에 넣어 산 채로 운반하는 배
Live Load|활하중|크기나 작용점이 변화하는 하중
Living Quarters|거주구역(居住區域|NULL
Living Space|거주 구역|NULL
Lloyd's Register of|영국 선급 협회|NULL
Load|부하|기계장치 등의 구동에 걸리는 일(짐)
Load Balancing|부하 평준화(平準化|NULL
Load Capacity|부하 용량|NULL
Load Curve|부하 곡선(負荷曲線|NULL
Load Curve|하중곡선|배에 걸리는 하중의 길이방향 분포상태를 나타내는 곡선
Load Factor|부하율|NULL
Load Line Disk|만재흘수원표|선박만재흘수선규정에  정해진 만재흘수선을 나타내주는 원모양 표시로 선체중앙 양현 외판에 새겨짐
Load Line Marks|만재흘수선|NULL
Load Test|부하 시험|NULL
Load Water Line|만재 흘수선|NULL
Loading Condition|적하상태(積荷狀態|NULL
Local Area Network|근거리 통신망|NULL
Local Area Network : LAN|근거리지역 통신망|인접지역내의 테이터통신망
Local Strength|국부 강도(局部强度|NULL
Local Strength|국부강도|선체 특정부분의 강도
Local vibration|국부 진동|NULL
Loft|현장본뜨기|현장에서 현물에 맞추어 본을 뜨는 것
Log|로그|선박의 대수속도를 측정하는 기구
Log Speed|대수속력|주변 물에 대한 배의 상대속력
Long Bridge|장선교루|선루의 길이가 비교적 길어서 전장의 15% 이상이 되는 것
Long Crested Seas|장파정파|파장의 길이가 긴 파로서 대부분의 성분파가 같은 쪽으로 진행하는 물결
Long Lead Time Material|조달기간장기 자재|NULL
Long Liner|주낚어선|주낚으로 고기를 잡는 어선
Long-Term Effects|장기 효과(長期效果|NULL
Long-term Resource Mobilization Strategy|장기재원 마련전략|기구는 좀 더 효과적이고 확장성 있는 기술협력 활동을 수행하기 위해 안정적인 재원 마련을 위해 노력하고 있음. 그러한 차원에서 “장기재원 마련전략”은 2018년 개최된 68차 기술협력 위원회에서 승인된 재원 전략 방안임
Longitudinal Beam|종보|배의 길이방향으로 배치된 보
Longitudinal Bulkhead|종격벽|선박을 종통하는 격벽
Longitudinal Bulkhead(Longl. Bhd|종격벽(縱隔壁|NULL
Longitudinal Center of Buoyancy|종부심|부력중심의 세로방향 위치
Longitudinal Metacenter|종메티센터|배가 세로방향으로 작은 경사를 일으킬 때 새로운 부심을 지나는 수직선과 경사 전의 수직선이 만나는 점
Longitudinal Space (L.S|종통재(縱通材) 간격|NULL
Longitudinal Stability|종안정성|선체의 수평 가로축 둘레의 회전운동에 대한 안정성
Longitudinal Strake|종보강재|배의 길이방향으로 배치된 보강재
Longitudinal Strength|종 강도(縱强度|NULL
Longitudinal Strength|종강도|배를 길이방향으로 굽히려는 힘(종굽힘모멘트)에 대항하는 강도
Longitudinal Vibration|종진동|배 전체 또는 어떤 부재의 세로축 방향 진동
Looking After|선미방향으로 봄|NULL
Looking Forward|선수방향으로 봄|NULL
Loran Chart|로란해도|로란위치선이 기입되어있는 해도
Loran System|로란방식|멀리 떨어진 2개의 육상 무선국에서 발사되는 전파도달시간차를 측정하여 전용해도상에서 선박의 위치를 결정하는 쌍곡선항법방식
Loss|낭비(浪費|NULL
Loss of containers|컨테이너 유실|해상에서 컨테이너 선박 운항 중에 발생하는 컨테이너 유실 사고를 의미하며, 선박의 복원성과 밀접하게 관련되며, 사고 후 회수가 매우 어려우며 해양 오염원으로 분류됨 < 출처: SHIPPER’S JOURNAL >
Lost Motion|헛돌기|주동절과 종동절 간의 연결기구의 헐거움이나 틈이 생겨 동력전달이 제대로 안되는 상태
Lounge|라운지|여객들이 담소나 오락 등을 즐기도록 안락의자를 배치한 공간
Louver|통풍용 공기흡입창|NULL
Low Atmospheric Pressure|저기압(低氣壓|NULL
Low Carbon Steel|저탄소강|탄소함량이 0.11~0.25%인 철강재
Low Frequency|저주파|NULL
Low Noise Amplifier|저잡음 증폭기|NULL
Low Sea Suction Valve|하부해수흡입밸브|선저 해수흡입구에 부착된 밸브
Low Temperature Embrittlement|저온취성|낮은 온도에서 나타나는 재료의 취성
Low Temperature Stress Relieving|저온응력제거|잔류응력을 제거하기 위해서 높지 않은 온도까지(섭씨 300~500도) 가열했다가 서서히 식혀서 응력을 제거하는 방식
Low-flashpoint fuel|저인화점 연료|인화점이 60℃ 미만인 기체 또는 액체 상태의 연료를 의미. 액화천연가스(LNG), 메틸알코올(Methyl alcohol), 에틸 알코올 (Ethyl alcohol), 인화점 52℃ 이상 60℃ 미만의 저 인화점 디젤(Diesel) 등이 저 인화점 연료유에 해당
Lower management|현장 관리자|NULL
Lowest Usable Frequency|최저 사용 주파수|NULL
Lub. Oil Storage Tank (L.O Stor. Tk|윤활유 저장탱크|NULL
Lubricant|윤활제|기계부품 간의 접촉부에서 마찰과 마모를 줄이고 마찰열을 흡수하는 작용물질
Lubricating Oil : LO|윤활유|동작기계의 윤활에 사용되는 기름
Lubricating Oil Pipe(L.O Pipe|윤활유관(潤滑油管|NULL
Lubricator|주유기(注油器|NULL
Luffing Cylinder|러핑 실린더|NULL
Luffing Davit|러핑대빗|대빗을 현 바깥쪽으로 눕혀서 구명정을 달아내리는 방식의 대빗
Lumen|루멘|NULL
Lumen method; flux method|광속법|NULL
Luminaire for explosive|방폭조명기구|NULL
Luminous ceiling|광 천정|NULL
Luminous exitance|광속 발산도|NULL
Luminous flux maintenance|광속 유지율|NULL
Luminous intensity|광도|NULL
Luminous range|가시거리|NULL
Lurch|불규칙최대경사각|돌발적인 외력으로 발생된 선체의 최대경사각
Lux|룩스|NULL
M/V (Motor Vessel|내연기선(內燃機船|NULL
MACHINE OPERATER|기계 작동자|NULL
MACHINERY ARRANGEMENT|기관실 배치도|NULL
MACHINERY CENTRALIZED OPERATED|DNV(노르웨이 선급) 무인화등급|NULL
MACHINERY CONTROL ROOM|기관제어실|NULL
MAGNETIC BUBBLE MEMORY|자기 버블 기억장치|NULL
MAGNETIC DIRECTION INDICATOR|자기 방향 지시기|NULL
MAGNETIC INK CHARACTER READER|자기 잉크 문자 판독장치|NULL
MAGNETIC PARTICLE TEST|자기탐상검사|NULL
MAGNETIC PARTICLE TEST(INSPECTION)|자분탐상검사|NULL
MAGNETIC PERMEABILITY|투자율|NULL
MAGNETO HYDRODYNAMICS GENERATION|전자 유체 역학 발전|NULL
MAIL TRANSFER|우편 송금|NULL
MAIN CIRCUIT BREAKER|주개폐기|NULL
MAIN DISTRIBUTION FRAME|주배선반|NULL
MAIN ENGINE|주기관|NULL
MAIN SWITCH BOARD|주배전반|NULL
MAINTENANCE TO QUALITY|품질보전|NULL
MALAYSIAN INTERNATIONAL SHIPPING CORPORATION|말레이지아 국영선사|NULL
MAN HOLE|맨 홀|NULL
MANAGEMENT INFORMATION SYSTEM|경영 정보 시스템|NULL
MANUFACTURER'S DESIGN|제작자설계보고서|NULL
MANUFACTURER'S DESIGN REPORT|제작자설계보고서|NULL
MANUFACTURING AUTOMATION PROTOCOL|제조 자동화 프로토콜|NULL
MANUFACTURING COLLABORATION|업무 제휴|NULL
MANUFACTURING DATA|제작자료기록서|NULL
MANUFACTURING DATA RECORD BOOK|제작자료기록서|NULL
MARINE DIESEL OIL|해상용 디젤 연료유(경유)|NULL
MARINE ENVIRONMENTAL PROTECTION COMMITTEE|해상환경보호위원회|NULL
MARINE GROWTH PROTECTION SYSTEM|해상생성물 고착방지 장치|NULL
MARITIME ADMINISTRATION OF DEPARTMENT OF TRANSPORTATION|미국 해사청|NULL
MARITIME SAFETY COMMITTEE|IMO 해사안전위원회|NULL
MARITIME TRANSPORT COMMITTEE|OECD 해운위원회|NULL
MARKING INSPECTION|마킹 검사|NULL
MARKING INSPECTION|마킹검사|NULL
MARPOL(The Prevention of Marine Pollution from Ships|해상오염 방지협약|NULL
MATE'S RECEIPT|본선 수취증|NULL
MATERIAL|자재|NULL
MATERIAL REQUIREMENT SHEET|자재 소요 요구서|NULL
MATERIAL SPECIFICATION CODE|자재 부품번호|NULL
MAXIMUM CONTINUOUS RATING|최대 연속 출력|NULL
MAXIMUM USABLE FREQUENCY|최고 사용 주파수|NULL
MAXWELL BRIDGE|맥스웰 브리지|NULL
MAXWELL'S ELECTROMAGNETIC EQUATION|맥스웰의 전자방정식|NULL
MBM|시장기반조치|MBM(Market Based Measure), 온실가스를 효과적으로 감축하기 위하여 시장 메커니즘을 활용하는 것으로 교토의정서에서 처음 도입하여 교토 메커니즘이라 부르기도 한다. 대표적인 조치로 배출권거래제(ETS), 청정개발제도(CDM) 등이 있음. 국제해사기구 또한 온실가스 감축 방안 중 하나로 시장기반조치를 고려. 다만, MEPC 위원회는 2013년 이후 시장기반조치에 대한 논의를 당분간 중단하기로 하였으며, 2011년까지 IMO가 고려한 국제해운 부문의 시장기반조치 종류는 아래와 같음
MBO (Management by Objectives|목표관리(目標管理|NULL
MCC|임무조정본부|MCC (Mission Control Center), 각 LUT로부터 수신한 조난신호를 분류하여 관할 RCC로 전송하는 본부
MCP|해사정보 공유체계|MCP (Maritime Connectivity Platform), 해사 클라우드와 동일 개념이나, 육상의 클라우드와 혼동되는 관계로 2017년부터 해사 클라우드를 ‘MCP’로 명칭 변경함
MCR(Maximum Continuous Rating|연속최대 출력|NULL
MCT (Multi Cable Transit|엠씨티 (다중 전선의 격벽관통 형식|NULL
MDO(Marine Diesel Oil|해상용 디젤유|NULL
MDTF|다자 신탁기금|MDTFs(Multi-Donor Trust Funds), 다자간 신탁기금은 다수의 공여자로부터 출연된 자금을 특정한 개발목적과 사업 수행을 위해 공동으로 지원하는 기금으로, 일반적으로 유엔 기구와 세계은행이 관리하고 있음
MEAN DRAFT|평균 홀수|NULL
MEAN TIME BETWEEN ERROR|평균 오류시간|NULL
MEAN TIME BETWEEN FAILURE|평균 고장 간격 시간|NULL
MEAN TIME TO FAILURE|평균 고장 시간|NULL
MEAN TIME TO REPAIR|평균 수리 시간|NULL
MEAN UP TIME|평균 동작 시간|NULL
MECHANICAL STRESS RELIEVING|기계적 응력 제거|NULL
MEDICAL ELECTRONICS , MICRO ELECTRONICS,|의용 전자공학|NULL
MEDIUM AREA NETWORK|중규모 지역 통신망|NULL
MEDIUM FREQUENCY WAVE|중파|NULL
MEGA BYTE|컴퓨터 용량 표시 단위|NULL
MEGOHM|저항 단위|NULL
MENA|MENA|MENA (The Middle East and North Africa), 중동과 북아프리카 지역의 영어 약자이며, 중동과 북아프리카 영역 내지는 서남아시아와 북아프리카 영역을 합친 영역을 지칭함
MEOSAR|중궤도 위성 조난안전 시스템|MEOSAR (Medium Earth Orbit satellite system for SAR) Cospas-Sarsat 시스템을 구성하는 요소로서 약 19,000~24,000km 상공에 있는 극궤도 위성시스템. 기존 LEOSAR의 구조신호 수신 지연 및 위치정보 오차를 개선하기 위하여 개발됨
MEP(Mean Effective Pressure|평균 유효압력|NULL
MEPC(Maritime Environment Protection Committee|해양환경보호 위원회(IMO|NULL
METACENTRIC HEIGHT|메타센터 높이|NULL
METAL CLAD|전선형태|NULL
METAL CLAD CIRCUIT BREAKER|차단기|NULL
METAL INERT GAS ARC WELDING|MIG 용접|NULL
METAL INERT GAS WELDING|MIG 용접|NULL
METAL INSULATED SEMICONDUCTOR IC|미스 IC|NULL
METAL NITRIDE OXIDE SEMICONDUCTOR|금속 질화 산화막 반도체|NULL
METAL OXIDE SEMICONDUCTOR|금속 산화막 반도체|NULL
METAL SEMICONDUCTOR FIELDEFFECT|금속반도체 효과 트랜지스터|NULL
METALLOGRAPHIC TEST|금속조직학 검사|NULL
METRIC TON|미터톤|NULL
MF Radio|중파대역 무선통신장비|MF Radio (Medium Frequency Radio), 300∼3,000kHz 주파수 대역을 사용하는 선박무선 통신장치, 최대통달거리 : 2,000km
MGPS(Marine Growth Preventing System|해양생물 성장억제 장치|NULL
MHB|산적 상태에서만 위험한 물질|MHB (Material Hazardous in Bulk), 국제해상위험물규칙의 포장 위험물 분류 기준을 충족하지는 않으나, 산적 형태로 운송되는 경우에 화학적 위험성을 가지는 물질. 만약 어떤 물질이 아래와 같이 한 가지 이상의 위험성을 나타내는 것으로 확인되는 경우에는 산적 상태에서만 위험한 물질(MHB)로 분류하여 운송해야 함 가연성 고체 CB 자기 발열성 고체 SH 물에 젖을 시 인화성 기체를 방출하는 고체 WF 물에 젖을 시 독성 기체를 방출하는 고체 WT 독성 고체 TX 부식성 고체 CR 기타의 위험성 OH
MICACEOUS(SPARKLING) IRON OXIDE|내후성, 내약품성, 우수중 방식도로|NULL
MICRO PROCESSING UNIT|컴퓨터 처리 장치|NULL
MICROCOMPUTER DEVELOPMENT SYSTEM|마이크로 컴퓨터 개발|NULL
MICRONS|도막두께 측정치|NULL
MIDSHIP SECTION COEFFICIENT|중앙횡단면 계수|NULL
MIG(Metal Inert Gas Arc Welding|미그(MIG) 용접|NULL
MIL (Military Specifications and Standard|미국국방성표준규격|NULL
MILITARY SPECIFICATION AND STANDARDS|군용 사양 및 표준(미군 규격)|NULL
MILL SCALE|흑피|NULL
MILLION INTRUCTION PER SECOND|컴퓨터 성능 표시 단위|NULL
MINISTRY OF FOREIGN AFFAIRS & TRADE|외교통상부(통상산업부에서 개칭됨)|NULL
MIP(Mean Indicating Pressure|평균지시압력|NULL
MIR|해사 사용자 관리 및 인증체계|MIR (Maritime Identity Registry), MCP 구성요소로서 사용자, 선박 및 조직 등의 모든 해사 이해관계자들을 관리하고 MCP 내의 자원에 대한 액세스를 제어하는데 사용되는 정보제공 시스템
MLF (Material List of Fitting|설치자재목록|NULL
MMS|해사 메시지 관리체계|MMS (Maritime Messaging Service), MCP 구성요소로서, 해사 사용자 위치 및 통신환경 등의 상황에 맞게 안전하고 원활하게 서비스(정보)를 제공할 수 있는 시스템
MMSI|해상이동업무 식별부호|MMSI (Maritime Mobile Service Identity), 선박국, 해안국 및 집단호출을 식별하기 위하여 사용되는 부호로서, 9개의 숫자로 구성되어 있음. MMSI는 주로 디지털선택호출(DSC), 선박자동식별 장치(AIS), 비상위치지시용 무선표지설비(EPIRB)에서 선박 식별부호로 사용
MMSI (maritime Mobile Service Identification No.|해상이동통신 식별번호|NULL
MODU Code|이동식 해양굴착구조물 기준|MODU Code (Mobile Offshore Drilling Units Code), 이동식 해양굴착구조물에 대한 안전 기준. 이동식 해양굴착구조물이란 액체, 탄화수소, 유황 또는 소금 등과 같은 해저 대륙 밑의 천연자원을 탐사하거나 채굴작업에 종사하는 선박을 의미함
MODULATOR - DEMODULATOR|컴퓨터간 통신을 위한 장치|NULL
MOLECULAR BEAM EPITAXY|분자선 에피탁시|NULL
MOMENT TO CHANGE onE CENTIMETER TRIM|1 CM 트림당 변화시킬 수 있는 모멘트|NULL
MONOLITHIC MICROWAVE IC|모노리식 마이크로파 집적회로|NULL
MOOING TRIAL / MAIN TURBINE|안벽시험/주터어빈|NULL
MOS FET|금속 산화막 반도체 전계효과|NULL
MOTOR|입력과 역률 ( 전동기 )|NULL
MOTOR|전동기 Y- △기동방식|NULL
MOTOR|전동기의 원리|NULL
MOTOR|출력 ( 전동기 )|NULL
MOTOR|효율 ( 전동기 )|NULL
MOTOR CONTROL CENTER|모타제어반절연저항시험|NULL
MOTOR PROTECTION|전동기 보호방식|NULL
MOULDED DEPTH|형깊이|NULL
MP|해양오염물질|MP (Marine Pollutant), 해양 유출 시 또는 수생 환경에 위해를 줄 수 있는 물질, 재료 또는 제품. 수생 생물에게 급성(acute) 또는 만성(chronic) 독성이 있는 경우 해양오염 물질로 분류됨.
MP (Maintenance Prevention|보전예방(保全豫防|NULL
MPI (Magnetic Particle Inspection|자분탐상 검사|NULL
MRCC|해상구조조정본부|MRCC (Marine Rescue Coordination Centre), 해상에서의 선박 사고 및 그에 따른 인명 사고 발생 시 구조본부로서 역할을 함. 해양사고가 발생할 경우, 구조 및 구난활동에 수반되는 장비 지원 및 계획을 수립하는 지휘소임
MRN|해사사용자 식별자|MRN (Maritime Resource Name), e-Navigation 체계 운영을 위해 전 세계적으로 해사 자원을 유일하게 식별할 수 있는 명명 체계
MRP (Material Requirement Planning|자재 소요계획|NULL
MRV|온실가스 배출량 산정·보고·검증|MRV(Measurement, Reporting and Verification 또는 Monitoring, Reporting and Verification), 신뢰성 있는 방식으로 온실가스 배출량과 감축량을 계산하기 위해 유엔기후변화협약에서 정한 온실가스 배출량 산정 원칙
MS|해사 서비스|MS (Maritime Service) e-Nav를 통해 육상에서 선박으로 제공해야 하는 해사 서비스 목록
MSBD(Main Switchboard|주배전반(主配電盤|NULL
MSC(Maritime Safety Committee|해사안전 위원회(IMO|NULL
MSDS|물질안전보건자료|MSDS (Material Safety Data Sheet), 화학물질에 대한 기본정보, 유해 위험성, 화학적 특성, 응급조치요령, 취급 주의사항 등 운송 및 취급과 관련된 상세한 설명이 기재된 정보자료
MSI|해사안전정보|MSI (Maritime Safety Information), 선박에 송신되는 항해 및 기상경보, 기상예보 및 기타 긴급안전관계 통신
MSR|해사 서비스 관리 및 인증체계|MSR (Maritime Service Registry), MCP 구성요소로서, MCP에 서비스를 등록, 제공, 검색이 가능하게 하는 시스템
MSW|해상싱글윈도우|해상싱글윈도우(Maritime Single Window)는 항만 입출항 신고, 보안신고서 통지, 민간 부문과 공공기관 간의 기타 관련 정보와 같은 해상 및 항만관리 절차를 포함하는 원스톱 서비스 환경으로, 일부 국가의 경우는 국가싱글윈도우 (NSW) 또는 무역싱글윈도우(TSW), 통관싱글윈도우(CSW)의 역할을 하고 있음. 우리나라는 PORT-MIS 시스템을 사용 중임
MTC(Maritime Transport Committee|해사위원회(OECD|NULL
MTCC|해사기술협력센터|MTCC (Maritime Technology Cooperation Centre), 해사기술 협력센터는 EU의 지원으로 국제해사기구(IMO)가 전 세계를 대상으로 실행하고 있는 사업으로 태평양 지역 외 아프리카, 아시아, 카리브해, 남미에 설립되어 있음. 동 센터는 기후변화 대응을 위해 태평양 지역의 저탄소 해양교통을 지원하기 위해 설립됨.
MULTIPLEX|다중화|NULL
MUTUAL IMPEDANCE|상호 임피던스|NULL
MUTUAL INDUCTION|상호 유도|NULL
MVZ|주수직구역|MVZ (Main Vertical Zone), 여객선에서 적용되는 개념으로, 선체, 선루 및 갑판실이 A급 방화 구획의 격벽으로 구분되는 구역. 해당 구역의 평균 길이 및 너비가 40m를 초과하지 않아야 함
Mach Number|마하수|물체의 속도와 음속과의 비
Machinability|절삭성|NULL
Machine Down Time|기계중단기간|NULL
Machine Scheduling Plan|기계일정계획|NULL
Machine Shop|기계 공장|NULL
Machine Utilization Table|기계 이용표|NULL
Machinery Installation|기계 설치|NULL
Machinery Lay-Up|기계 장기 휴지(休止|NULL
Machinery Space|기관 구역(機關區域|NULL
Machining Allowance|기계가공 여유(餘裕|NULL
Macro Bifouling|대형 생물오손|따개비, 관갯 지렁이 등과 같이 인간의 눈에 가시적으로 분명한 다세포 생물로서 크기가 큰 생물로 인한 선체 오손을 의미함
Magazine|화약고|탄약 등의 화약류를 넣어두는 상자 또는 창고
Magnet Crane|전자(電磁) 크레인|NULL
Magneti Crane|자석기중기|전자석의 흡인력을 이용하여 철판 등을 달아올리는 기중기
Magnetic Blow|자기쏠림|직류용접에서 전류로 인한 자기력 때문에 불꽃이 모재와의 최단거리에서 튀지 않고 밖으로 벗어나는 현상
Magnetic Bubble Memory|자기 버블 기억장치|NULL
Magnetic Compass|자기(磁氣) 콤파스|NULL
Magnetic Compass|자기컴퍼스|지자기의 수평자장을 이용하여 선박의 진로와 목표방향을 구하는 계기
Magnetic Compass Pilot|자기컴퍼스자동조타장치|침로유지의 기준으로 자기컴퍼스를 이용하여 여기서 오는 변환신호를 받아 자동으로 조타하는 장치
Magnetic Direction Indicator|자기 방향 지시기|NULL
Magnetic Ink Character|자기 잉크 문자 판독장치|NULL
Magnetic Permeability|투자율|NULL
Magnetic Sensor|자기센서|해저의 자성물체를 감지하는 계기
Magnetic Strainer|자석기름거르개|기름에 섞인 철분찌꺼기를 용기 내에 장치된 강력한 영구자석으로 흡착하는 거르개
Magnetic Variation|자기변동|지구의 남북극과 자극이 일치하지 않기 때문에 생기는 진북과 자극 간의 차
Magneto ( Machine )|자석발전기|계자석으로 영구자석을 사용한 소형의 발전기
Magneto Hydrodynamics|전자 유체 역학 발전|NULL
Magnetometric Sensing Vessel|자기탐사선|해저에 있는 잔존기뢰 등의 위험물을 탐사하는 선박
Maiden Voyage|처녀 항해(處女航海|NULL
Maiden Voyage|처녀항해|배가 만들어진 후 처음으로 하는 항해
Maier Form|마이어선형|선수부가 V자형으로 생기고 앞으로 경사진 선형
Main Air Compressor|주공기압축기|주기(디젤기관) 시동용 공기압축기
Main Anchor|주앵커|선체와 연결된 주체인의 끝에 달린 앵커
Main Ballast Tank|주밸러스트탱크|잠수함의 잠수와 부상 등 부력조절에 사용되는 밸러스트탱크
Main Circuit Breaker|주개폐기|NULL
Main Control Console|주제어반(主制御盤|NULL
Main Deck|주갑판|선체의 갑판 중 구조적 부담이 가장 큰 갑판
Main Diesel Engine|주디젤기관|선박의 프로펠러를 돌려주는 디젤기관
Main Dimensions|주요 치수|NULL
Main Distribution Frame|주배선반|NULL
Main Fleet|주력함대|주력함으로 편성된 함대
Main Frame|정늑골재|단저구조에서 용골부터 갑판까지 외판에 따라 붙여진 횡보강재
Main Gas Turbine|주기가스터빈|선박의 추진축을 돌려주는 원동력이 되는 가스터빈
Main Generator|주발전기|배의 주 전원을 공급하는 발전기
Main Gun|주포|함정에 있는 것 중 구경이 제일 큰 포
Main Hull|주선체|배의 몸체를 이루는 구조
Main Plate|주판(主板|NULL
Main Reduction Gear|주감속장치|주기의 회전수를 프로펠러의 최적회전수에 맞도록 감속시켜주는 기어장치
Main Switch|주개폐기|선내의 주가 되는 전원을 차단 공급하는 스위치
Main Turbine|주터빈|주기로 사용하는 터빈
Maintainability|정비 용이성|NULL
Maintenance Hatch|정비용 해치|NULL
Maintenance Scheme|정비 계획(整備計劃|NULL
Maintenance and Repair Team|정비 수리팀|NULL
Maintenance and Supply|정비및 보급|NULL
Make-up Pipe|현장맞춤관|제작도면에 의존하지 않고 현장에서 본을 떠서 가공 설치하는 관
Maker Drawing|제조업자 도면|NULL
Maker`s Certificate|제조자발행증명서|제조회사가 자체규격에 따라 제품을 검사 확인한 후 발행하는 증명서
Makeup Water|보충수(補充水|NULL
Malleable Cast Iron|가단주철|백주철을 열처리하여 내부에 함유된 탄소를 제거하여 가단성(Malleability)을 부여한 주철(Cast Iron)을 일컬음
Man-Hour Cumulative Schedule|누적 시수계획|NULL
Management Information|경영 정보 시스템|NULL
Management Training Program|관리자 훈련계획|NULL
Manager Board|물막이|선수나 호저파이프에서 갑판으로 쳐들어오는 해수를 바로 현측으로 흘리기 위해 호저파이프 둘레 갑판상에 붙인 테두리
Mandrel|맨드렐|절삭공구를 꽂아 구멍을 깎을 때 사용되는 봉
Maneuvering Test|조종성(操縱性) 시험|NULL
Manhole Cover|맨 호올 카바|NULL
Manhole Cover|맨홀뚜껑|맨홀을 밀폐시키는 덮개로 패킹과 볼트로 잠겨짐
Manifest|목록|적하 목록과 선박에 의해 운송되는 물품과 관련하여 선하 증권 및 기타 운송서류의 자료를 요약한 문서
Manifest|적하목록|배에 실린 화물의 명세를 기록한 서류
Manipulator|매니퓰레이터|원격제어에 사용되는 팔로 수중작업 등에 이용됨
Manpower Planning|인력 계획(人力計劃|NULL
Manpower Utilization|인력 운용|NULL
Manual Alarm System|수동경보장치|화재나 침수 등 위급한 상황을 수동으로 울려주는 장치
Manufacture Drawing|제작도면(製作圖面|NULL
Manufacturing Automation|제조 자동화 프로토콜|NULL
Manufacturing Lead Time|제작소요기간|NULL
Mapping|매핑|어떤 규칙에 따라 배열된 데이터의 집합체를 말함
MarAd (U.S. Maritime Administration|미국 해사청|NULL
Margin Plate|마아진 판|NULL
Margin Plate|연판|빌지부근에서 내저판의 양단을 외판에 고정시켜 주는 판
Marine Boiler|선박용보일러|선박에 사용되는 보일러로 육상보일러에 비해 중량과 용적의 제한을 받아 특수하게 제작됨
Marine Casualty / Marine Incident|해양사고 / 해양사건|‘해양사고(Marine Casualty)’는 어떤 사건의 결과로서 인명 사고 및 실종, 선박의 좌초 및 중대 손상 등을 포함한 선박과 인명의 안전을 심각하게 위협하는 상황을 지칭함. ‘해양사건(Marine Incident)’는 선박, 선박 승무원 또는 기타의 자의 인명과 환경안전을 저해하거나 저해할 수 있는 선박의 운용과 직접 관련된 어떠한 결과 또는 사고의 결과로서 해양사고를 제외한 것을 지칭함
Marine Disaster Inquiry Agency|해난심판소|해난사고의 원인을 규명하고 심판하는 곳
Marine Engineer|조기기사|조선소에서 기관의장을 담당하는 기사
Marine Environment|해양 환경|NULL
Marine Fire Fighting System|선박소방설비|선박에서 화재에 대비하기 위하여 설치하는 소방설비의 총칭
Marine Growth Prevention System (MGPS)|해양생물 성장방지시스템|내부 해수 냉각시스템 및 해수 흡입구에서 생물오손 축적의 방지를 위해 사용되는 방오 시스템을 의미하며 주입 시스템 및 전기분해의 양극을 사용하는 것을 포함함
Marine Seismic Profiling System|해저지층탐사장치|해저에 음파 등을 발사하여 지층을 조사하는 장치
Marine Turbine|선박용터빈|선박에 사용되는 터빈
Maritime Authority|해운관청(海運官廳|NULL
Maritime Autonomous Surface Ships (MASS)|자율운항선박|사람의 간섭 없이 독립적으로 운용되는 선박으로써 고도로 자동화되었거나 원격으로 운항시스템의 통제가 가능한 선박을 말함. 사물인터넷(IoT), 정보통신기술(ICT), 데이터 분석, 육상 통제 시스템과 같은 최신 기술을 사용하고, 선박 경계당직(lookout), 장비 점검, 엔진 조종, 화물 선적 등 선박 운항과 관련된 업무의 일부 또는 전부를 자율적으로 처리 가능함. 자율운항선박은 선박 안전성 향상, 해상 운송 효율성 제고, 선원들의 작업환경 개선, 해운·조선 등 해상 산업의 경쟁력 강화 등으로 긍정적인 평가를 받고 있음.
Maritime Cloud|해사 클라우드|Maritime Cloud, 선박-육상 간 안전하고 원활한 정보(서비스)제공 플랫폼(MIR, MSR, MMS로 구성)
Maritime Labour Convention 2006|2006년 해사노동협약|2006년 해사노동협약(MLC)은 1920년부터 국제노동기구 (International Labour Organization; ILO)에서 채택한 선원 직업소개, 최저연령, 근로시간 등 39개 협약과 29개의 권고를 단일의 협약으로 통합하여 2006년 2월 채택되고, 2013년 8월 20일 발효된 국제협약임. 우리나라는 국내 선원법에 수용하여 이를 이행하고 있으며, 국제협약 및 선원법 내용에 따라 선원의 근로 및 생활기준과 관련되는 16가지 항목에 대한 인증검사제도를 시행 < 출처: ICS 홈페이지 > 구분 내용 서문 배경, 목적 조항 일반의무, 기본 원칙, 주요 내용 제1장 선원을 위한 최저 근무요건 (Minimum Requirements for Seafarers to Work on a Ship) 제2장 근로조건(Conditions of Employment) 제3장 거주설비, 오락 시설, 식량 및 조달 (Accommodation, Recreational Facilities, Food and Catering) 제4장 건강 보호, 의료관리, 복지 및 사회보장 보호 (Health Protection, Medical Care, Welfare and Social Security Protection) 제5장 준수 및 집행 (Compliance and Enforcement)
Maritime Security|해상보안|원활한 해상 무역을 위해서 선박과 선원, 항만은 해상보안에 대한 위협으로부터 보호받아야 함. IMO는 관계자들이 자체적으로 보안 시스템을 갖추고, 정부에 협조하여 글로벌 해상 무역을 보호하도록 지원하고 있으며 규정과 지침서를 발간하고, 회원국들의 역량 개발을 위해 해상보안 신탁자금을 운용함
Maritime lien|선박우선특권|선박우선특권이란 해상법상 독특한 제도로서 선박에 관하여 발생한 일정한 법정채권의 담보를 위하여 채권자가 선박ㆍ그 속구, 그 채권이 생긴 항해의 운임, 그 선박과 운임에 부수한 채권에 대하여 다른 채권자보다 자기 채권을 우선하여 변제를 받을 수 있는 해상법상의 특수한 담보물 권리를 말함. 선박우선특권이 있는 채권의 예는 다음과 같음. 채권자의 공동이익을 위한 소송비용, 항해에 관하여 선박에 과한 제 세금, 도선료ㆍ예선료, 최후 입항 후의 선박과 그 속구의 보존비ㆍ검사비 선원과 그 밖의 선박 사용인의 고용계약으로 인한 채권 해난구조로 인한 선박에 대한 구조료 채권과 공동해손의 분담에 대한 채권 선박의 충돌과 그 밖의 항해사고로 인한 손해, 항해 시설ㆍ항만시설 및 항로에 대한 손해와 선원이나 여객의 생명ㆍ신체에 대한 손해의 배상채권 선박 또는 운임의 손실로 인하여 선박소유자에 지급할 손해배상 공동해손으로 인한 선박 또는 운임의 손실에 대하여 선박소유자에 지급할 상금 해난구조로 인하여 선박소유자에 지급할 구조료
Marking|마킹|부재의 가공과 조립에 필요한 형상과 기준선 및 기타 정보들을 부재에 직접 기입하는 일
Marking Inspection|마킹 검사|NULL
Marking of Fishing Gear|어구 마킹|우리나라 정책으로 시행되는 ‘어구실명제’ 제도와 같은 의미로서, 어구(Fishing Gear) 표면에 어구와 사용자에 관한 정보를 새김(Marking)으로써 효율적인 관리를 도모하는 방법임.
Marline|마알린|NULL
Marrying Wedge|쐐기불록|겹쳐진 받침목의 높이조정을 위하여 받침목 사이에 끼우는 한 쌍의 쐐기판
Masking Tape|도장오손방지테이프|NULL
Mass Density|질량밀도|물질의 단위체적당 질량
Mast Table|마스트테이블|마스트에 데릭붐을 연결하기 위해 마스트 밑에 붙여진 브래킷 모양 쇠붙이
Master Compass|주컴퍼스|자이로컴퍼스와 동일
Master Schedule|대일정(大日程) 계획|NULL
Master Station|주전파국|쌍곡선항법에서 정확한 수정발진기 등을 이용하여 특정주기의 신호를 송신하는 전파국
Matching|매칭|NULL
Material Deficiency Report|자재결함 보고서|NULL
Material Handling|자재취급운반|NULL
Material List|자재 목록|NULL
Material Preparation|자재 준비(資材準備|NULL
Material Procurement|자재 구매|NULL
Material Specification|자재 사양서(仕樣書|NULL
Material Stowage and Issuing Plan|자재저장／불출계획|NULL
Mating Surface|결합면(結合面|NULL
Matting Runner|통로용매트|발소리를 죽이고 미끄럼을 막기 위해 까는 통로깔개
Maximum Continuous Rating : MCR|최대연속정격출력|선박에 설치된 주기를 연속적으로 안전하게 발생시킬 수 있는 최대출력
Maximum Speed|최대속력|주기의 최대과부하출력으로 배가 낼 수 있는 가장 빠른 속력
Maximum Transfer in Stopping|정지시최대가로이동거리|전진중인 배가 비상역추진을 해서 정지할 때까지 배의 무게중심이 가로로 움직인 거리
Maximum Transverse Section|최대횡단면적|선체횡단면의 수선 아래면적 가운데 가장 큰 값
Maximum Usable Frequency|최고 사용 주파수|NULL
Maximum Voltage|최고전압|정상적 가동상태에서 나타나는 최고전압
Maximum Waterplane|최대수선면|수선면적이 최대가 되는 흘수에 해당되는 수선면
Maximum Working Pressure|최대사용압력|압력용기나 유체기구가 연속적으로 안전하게 사용할 수 있는 최대압력
Maxwell Bridge|맥스웰 브리지|NULL
Maxwell's Electromagnetic|맥스웰의 전자방정식|NULL
Mean Draft|평균 흘수(平均吃水|NULL
Mean Increase in Power in Waves|파중평균동력증가|파도와 바람이 있는 해상을 정수중에서와 동일한 속력으로 항주하기 위하여 필요한 동력의 평균증가량
Mean Increase in Rate of Revolutions in Waves|파중평균회전수증가|파도와 바람이 있는 해상을 정수중에서와 동일한 속력으로 항주하기 위하여 증가시켜야 하는 회전수 변화율의 평균값
Mean Pitch|평균피치|유효피치와 같음
Mean Speed|평균속력|항주한 거리를 시간으로나눈 값
Mean Time Between Failure|평균 고장 간격 시간|NULL
Mean Time Between Failure|평균고장간격시간|NULL
Mean Time To Failure|평균 고장 시간|NULL
Mean Time To Repair|평균 수리 시간|NULL
Mean Time between Error|평균 오류시간|NULL
Mean Time to Failure|고장평균시간|NULL
Mean Up Time|평균 동작 시간|NULL
Measured Mile Course|속력시험항로|배의 속력시험을 위한 두 표주(Mile Post) 사이의 항로
Measured Mile Trial|표주간속력시험|배의 속력측정을 위해서 세워둔 해안 표주 사이를 달리는 시험
Measures to prevent unlawful practices|불법행위 방지대책|현재 법률위원회에서 허위선박등록 관련 불법행위를 방지하기 위한 대책이 논의 중이며, 관련 정보교환, 공동 대응, 회원국의 적절한 민·형사상 조치 권장, 실무대응 그룹 설립, 각국 정부의 선박등록소 정보 제출, GISIS 모듈 활용 등의 방안이 논의 중
Measuring Procedure|계측 순서(計測順序|NULL
Meat Carrier|육류운반선|냉장설비를 갖춘 식육운반선
Mechanical Efficiency|기계효율(機械效率|NULL
Mechanical Hazard|기계적 위험|NULL
Mechanical Properties|기계적 성질(性質|NULL
Medical Electronics , Micro|의용 전자공학|NULL
Medium Area Network|중규모 지역 통신망|NULL
Medium Frequency wave|중파|NULL
Megger Test|절연저항 시험|NULL
Melting Point|융점(融點|NULL
Melting Rate|용융속도|용접작업 중에 용가재(용착금속)가 녹아 들어가는 속도
Memorandum of Understanding (MoU)|양해각서|이미 합의된 사항 또는 조약 본문에 사용된 용어의 개념을 명확히 하기 위해 당사자 간 외교교섭의 결과로 상호 양해된 사항을 확인·기록하는 경우에 사용 예) WTO DDA 국제신탁기금 출연에 관한 한-WTO 양해각서(2005)
Merchant Ship|상선|영리를 목적으로 종사하는 배의 총칭
Merchant Ship|상선(商船|NULL
Mercury Boiler|수은보일러|물 대신 수은을 넣고 가열하여 수은증기를 발생시키는 보일러
Messenger Chain|작동체인|동력전달에 사용되는 무한체인
Metacenter|메타센터|배가 작은 각도의 횡경사를 이르켰을 때 옮겨진 부신을 지나는 수직선과 선체중심선이 만나는 점(M)
Metacentric Height|메타센터 높이|배의 중심에서 메타센터 까지의 수직높이(GM)
Metal Arc Welding|금속 아크용접|용착되는 금속봉과 모재로 된 두 극간의 아크열로 용접하는 용접법
Metal Clad|전선형태|NULL
Metal Clad Circuit Breaker|차단기|NULL
Metal Insulated|미스 IC|NULL
Metal Nitride Oxide|금속 질화 산화막 반도체|NULL
Metal Oxide Semiconductor|금속 산화막 반도체|NULL
Metal Semiconductor|금속반도체 효과 트랜지스터|NULL
Meteorological Observation Ship|해양기상관측선|바다에서 해양기상을 관측하는 장비를 갖춘 선박
Method IC|IC 방식|거주 구역 내의 통로, 계단 및 탈출로에 연기탐지를 위한 고정식 화재탐지 및 화재경보장치를 설치하는 보호 방식. 거주구역, 업무구역 및 제어장소의 모든 내부구획격벽이 불연성(“B”급 또는 “C”급)으로 구성되어야 하며, 따라서 어느 한 구획의 화재가 다른 구역으로 쉽게 전파되지 않는 특성이 있음. 일반적으로 거의 모든 화물선이 채택하는 방식임
Method IIC|IIC 방식|화재위험이 크지 않은 구역을 제외한 모든 거주 구역, 조리실 및 기타 업무구역을 보호하기 위하여 자동스프링클러장치, 화재탐지 및 화재경보장치를 설치하는 보호 방식. 추가하여 거주 구역 내의 계단, 통로 및 탈출 경로에도 연기탐지를 위한 화재탐지장치를 설치해야 하나, 다만 내부 구획 격벽에는 규정된 사항이 없음
Method IIIC|IIIC 방식|화재위험이 크지 않은 구역을 제외한 모든 거주구역, 조리실, 기타 업무구역, 계단, 통로 및 탈출로에 화재탐지 및 화재경보장치를 설치하는 보호 방식. 내부 구획 격벽에 대해서는 규정하는 사항이 없으나, 어떤 경우에도 거주 구역 또는 “A”급 또는 “B”급 구획으로 구분된 구역의 면적이 50㎡를 초과하지 않아야 함
Michell Thrust Bearing|미첼식 스러스트 베어링|전동축 상에 붙은 컬러에 걸리는 추력을 지지하기 위하여 다수의 부채꼴 접동편(Thrust Pad)이 붙고 컬러와 접동편 사이에는 쐐기모양으로 유막이 생겨 완전한 유체마탈상태로 작동되는 베어링
Micro Bifouling|미세 생물오손|세균 및 규조류 그리고 그들이 생산하는 점액 물질을 포함한 현미경적 크기의 생물로 인한 선체 오손을 의미함. 미세생물오손으로만 구성된 생물오손은 일반적으로 슬라임 층으로 봄
Micro-Plastics|미세플라스틱|미세플라스틱은 의도적으로 제조되었거나 기존 제품이 조각나서 미세화된 크기 5mm 이하의 합성 고분자화합물로 정의됨(GESAMP, 2015). 미세플라스틱은 생성되는 기원에 따라 1차 미세플라스틱 (primary microplastic)과 2차 미세플라스틱 (secondary microplastic)으로 구분됨
Microcomputer Development|마이크로 컴퓨터 개발|NULL
Micrometer|마이크로미터|나사봉의 전후진에 의해 미세조정이 가능한 정밀치구측정기
Micrometer (㎛|길이단위 (1/1000 mm|NULL
Microscopic Examination|현미경시험|현미경으로 금속조직을 확대 관찰하는 시험
Microstructure|미세 구조(微細構造|NULL
Microstructure|현미경조직|현미경을 통해서만 관찰되는 미세조직
Middle Body|중앙부선체|선체의 가운데토막
Middle Management|중간 관리자|NULL
Middlength Beam|중앙부폭|계획만재흘수선에서의 중앙부 단면의 폭
Midship|선체중앙|선수수선과 선미수선의 중앙점
Midship|선체중앙부|선체길이의 중앙부분
Midship|중앙횡단(中央橫斷)면|NULL
Midship Coefficient|중앙횡단면계수|NULL
Midship Engine|중앙기관|배의 길이중앙부에 위치한 기관
Midship Frame|중앙부늑골|선체 중앙부에 위치한 늑골
Midship House|중앙부갑판실|선체 중앙부에 위치한 갑판실
Midship Section|중앙횡단면도|NULL
Midship Section Coefficient|중앙 횡단면계수|NULL
Midship Section Coefficient|중앙횡단면계수|선체중앙횡단면의 수선 아래 면적을 그 단면을 둘러쌓은 직사각형의 면적으로 나눈 값
Midship Section Drawing|중앙횡단면도|선체중앙부를 횡절단하여 여기 나타나는 주요부재의 배치와 치수를 나타낸 도면
Mil|밀(1/1000 inch|NULL
Milepost|표주|해상시운전시에 속력시험에 사용하기 위하여 해안에 설치한 표시기둥
Milling Cutter|밀링커터|원반형 회전절삭공구를 사용하여 공작물의 표면을 가공하는 공작기계
Mineral Oil|광유|원유에서 제조된 연료유 또는 윤활유
Mineralizer|무기물 투여기|NULL
Minimum Freeboard|최소건현|법적으로 허용되는 최소 한도의 건현
Minimum Revolution Test|최저회전수 시험|NULL
Minimum Revolution Test|최저회전수시험|디젤기관에 대하여 안전하게 돌릴 수 있는 최저회전수를 확인하는 시험
Minor Assembly|소조립(小組立|NULL
Miscellaneous Machinery|기타 기계장비|NULL
Mixed Cargo|혼합화물|정기선과 같이 종류와 기착지가 다양한 화물들을 한 배에 혼적한 화물
Mixing Chamber|혼합실|가스 토치에서 연소가스와 산소를 혼합해 주는 공간
Mixing Chamber|혼합실(混合室|NULL
Mobile Scaffolds|이동식 작업대|NULL
Mock-Up|현도(실물크기 모형|NULL
Model Test|모형시험(模型試驗|NULL
Moderate-Size Shipyard|중형 조선소|NULL
Modular Construction|모듀울방식 건조|NULL
Moisture Resistant Insulating Material|내습성 절연재료|습기에 강한 절연재료
Molases Tanker|당밀운반선|당밀을 비포장상태로 운반하는 선박
Mold Loft|현도장(現圖場|NULL
Molded Depth|형깊이|선체중앙의 용골 윗면에서 건현갑판 현측 아래면 까지의 수직거리
Molded Dimension|형치수|선체에서 외판과 갑판 등의 두께를 뺀 알몸치수
Molder|주형공|주형을 만드는 기술자
Molecular Beam Epitaxy|분자선 에피탁시|NULL
Molten Metal|용융금속|가열되어 녹은 상태의 금속
Molten Pool|용융 풀|용접중 아크열에 의해서 용융된 부분이 웅덩이와 같이 되어 있는 곳
Moment of Force|힘의 모멘트|어떠한 힘의 크기에 어떤 점에서 그 작용점 까지의 거리를 곱한 값
Monitor Productivity Improvement|생산성 향상의 감시|NULL
Monkey Island|콤파스 데크|NULL
Monolithic Microwave IC|모노리식 마이크로파 집적회로|NULL
Monolithic Ship|단일재구조선|통나무 처럼 같이 단일재로 만들어진 배
Mooring|계류|운항 하는 배를 일시적으로 묶어두는 것
Mooring Arr't|계선장치|NULL
Mooring Buoy|계류 부이|항내에 계류용으로 띄워두는 부이
Mooring Pipe|계류 파이프|계류 와이어가 지나도록 뚤린 불워크에 붙여준 파이프
Mooring Trial|계류시운전|NULL
Mooring Winch|계류 윈치|횡축의 드럼에 계류 와이어를 감거나 풀어주는 윈치
Mooring Winch|계선 윈치|NULL
Morse Code|모스부호|장 단의 부호를 서로 조합하여 글자와 수자를 나타내도록 고안된 국제통용신호체계
Mortgage of ship|선박저당권|선박은 동산(動産)이지만 그 성질이 부동산(不動産)에 유사하고, 선박등기부에 따라 공시할 수 있으므로 상법은 등기된 선박에 대하여 저당권을 설정할 수 있도록 하고 있음. 선박저당권은 선박우선특권과 함께 해상기업금융을 위한 대표적인 제도이며, 선박저당권은 당사자가 임의로 설정할 수 있고 공시에 따라 거래의 안전이 도모되는 장점이 있으나, 해상위험에 의하여 선박이 없어질 수 있고 선박우선특권에 의하여 담보가치가 감소할 수 있는 단점이 있음. 선박저당권의 목적물은 등기된 선박에 한함. 등기된 선박은 저당권의 목적으로만 할 수 있고 질권의 목적으로 하지 못함. 선박저당권은 그 속구에 미치며, 속구는 반드시 속구목록에 기재된 것에 한하지 않고, 선박에 대한 종물인가의 여부를 불문하며, 저당권을 설정할 때에 존재하는 것뿐만 아니라 저당권을 실행할 때에 존재하는 것도 포함됨. 같은 선박에 여러 개의 선박저당권이 존재하는 경우에 그 순위는 저당권의 일반원칙에 따라 등기의 순서에 의하여 결정됨. 선박저당권과 선박우선특권이 경합하는 경우에는 선박우선특권이 우선함.
Motion Study|동작연구(動作硏究|NULL
Motion of Electrode|운봉법(용접 運棒法|NULL
Motivation|동기부여(動機賦與|NULL
Motivation for Worker|작업자 동기부여|NULL
Motor|입력과 역률 ( 전동기 )|NULL
Motor|전동기|전기적에너지를 기계적에너지로 전환시키는 회전기계
Motor|전동기 Y- △기동방식|NULL
Motor|전동기의 원리|NULL
Motor|출력 ( 전동기 )|NULL
Motor|효율 ( 전동기 )|NULL
Motor Fan|전동송풍기|전동기로 구동되는 송풍기
Motor Siren|전동사이렌|전동기로 소리를 내는 장치
Motor protection|전동기 보호방식|NULL
Motorboat|모터보트|내연기관을 추진동력으로 장착한 소형단정의 총칭
Moulded Dimension|형촌법(型寸法|NULL
Moulded Line|형선(型線|NULL
Moulding Machine|주형기계|주형을 만드는데 쓰이는 기계
Mount the Boring Bar|보링용 Bar설치|NULL
Mounting Angle|취부각도(取付角度|NULL
Mouth Piece|송화구|전성관 또는 전화의 송화기구
Movable Ramp|이동식(移動式) 렘프|NULL
Movable Shelter|이동식 셀타|NULL
Mrine Growth Preventing Equipment|해양생물부착방지장치|해수흡입구나 해수관에 해양생물이 부착하는 것을 막는 장치
Mud Box|머드 박스|NULL
Mud Box|뻘거르개상자|빌지 흡입관 끝에 붙이는 필터가 붙은 상자
Multi-chanel Echo Sounder|다소자 음향측심기|항만과 항로의 측심을 위해 여러 방향의 음파송수신기를 배치하는 음향측심기
Multi-core Cable|다심(多芯) 케이블|NULL
Multi-core Tube|다심 튜우브|NULL
Multi-layer Weld|다층용접|한 용접선에 용접비드를 여러번 겹치게하는 용접
Multi-purpose Cargo Ship|다목적화물선|여러 종류의 화물을 실을 수 있는 화물선
Multiple Diesel Enhine|다중 디젤기관|감속장치를 통해서 한 개의 추진축을 2대 이상의 디젤엔진으로 돌리는 방식
Multiple Operater Welding Machine|복식용접기|한 대의 용접기로 여러 사람이 동시에 용접할 수 있는 직류용접기
Multiple Resistance Welding|다점저항용접|동시에 여러 점을 용접하는 저항용접방식
Multiple Screw Ship|다축선(다추진기선)|두개이상의 추진축과 추진기를 갖춘 배
Multiple-electrode Spot Welding Machine|다전극 점용접기|많은 전극이 동시에 작동되는 점용접기
Multiplex|다중화|NULL
Multiplex Safty Glass|다층안전유리|두장이상의 유리판을 접착하여 겹쳐진 안전유리
Multipurpose Cargo Ship|다목적 화물선|NULL
Mushroom Anchor|버섯모양 앵커|버섯모양으로 생긴 앵커
Mushroom Ventilator|버섯형 통풍기|NULL
Mushroom Ventilator|버섯형통풍통|배의 거주구역이나 창고 등에 사용되는 버섯모양의 자연통풍통
Muster List|비상 배치표|NULL
Mutual Impedance|상호 임피던스|NULL
Mutual Induction|상호 유도|NULL
NARROW GAP WELD'G|협개선용접|NULL
NAS(National Aerospace Standard|미국 항공우주 규격|NULL
NATIONAL ASSOCIATION OF CORROSION|국제 방식 기술자 협회|NULL
NATIONAL ASSOCIATION OF CORROSION ENGINEERS|국제 부식기사 협회|NULL
NATIONAL ELECTRICAL MANUFACTURERS|국제 전기 제작 협회|NULL
NATIONAL INFORMATION SYSTEM|국가 정보 시스템|NULL
NATIONAL SCIENCE TEACHERS ASSOCIATION|전미과학교사협회|NULL
NATIONALLY RECOGNIZED TESTING|국가인정시험소|NULL
NAUTICAL MILE|해상 마일 (약 1.852 Km)|NULL
NAVIGATION CONSOLE|항해 CONSOLE|NULL
NBDP|협대역 직접인쇄 전신|NBDP (Narrow Band Direct-Printing), 국제무선자문위원회의 관련 권고에 따르는 자동화된 전신 기술
NBR (Nitril Butadiene Rubber|합성고무의 일종|NULL
NC (Numerical Control|수치 제어(數値制御|NULL
NC Machine|수치제어 기계|NULL
NCR(Non-Conformity Report|불일치 보고서|NULL
NCR(Normal Continuous Rating|정상 연속출력|NULL
NDE : Non-destructive Evaluation|엔디이|비파괴시험 참조
NDT : Non-destructive Test|엔디티|비파괴시험 참조
NDT(Nondestructive Test|비파괴(非破壞) 검사(檢査|NULL
NEGATIVE-GLOW LAMP|네온램프|NULL
NEGATIVEPHASE RELAY|역상 계전기|NULL
NEGATIVEPHASESEQUENCE COMPONENT|역상분|NULL
NEODYMIUM PENTAPHOSPHATE|네노디움 (5 인화 )|NULL
NEON TRANSFORMER|네온 변압기|NULL
NEON TUBE|네온관|NULL
NET TONNAGE|순톤수|NULL
NETWORK CONTROL UNIT|망 제어 장치|NULL
NEUTRAL|중성선|NULL
NEWLY INDUSTRIALIZING ECONOMICS|놀라운 경제발전을 이룩한 대만, 홍콩,싱가폴, 한국등 아시아 국가|NULL
NF (Norme Framaise|프랑스 표준규격|NULL
NFB(No Fuse Breaker|배선용 차단기|NULL
NIPPON KAIJI KYOKAI|일본해사협회|NULL
NIR|신규점검제도|NIR(New Inspection Regime), 개별 선박의 안전관리등급을 3단계(High·Standard·Low Risk)로 나누고 등급에 따라 점검 주기를 차별화하는 방식으로 Paris Mou 및 아·태 지역 항만국 통제 협력체(Tokyo-MOU)에서 도입한 제도
NITROGEN|化 : 질소, 원자번호7|NULL
NITROGEN OXIDE|질화물|NULL
NK (Nippon Kaiji Kyokai|일본 선급(船級|NULL
NM ( Nautical Mile|해리(1해리=1852m|NULL
NMD ( Norwegian Maritime Directorate|노르웨이 해운국|NULL
NMFT|비차별원칙|NMFT(No More Favorable Treatment), 국제해사기구협약은 국적 등과 관계없이 모든 선박에 대한 동일한 적용 원칙을 채택하고 있어 이를 NMFT 원칙이라 함. 국가별로 온실가스 감축의 책임이 달라지는 유엔기후변화협약의 CBDR+RC 원칙과 상충
NMTP|국가해상운송정책|NMTP (National Maritime Transport Policies), 국가해상운송정책은 IMO 차원에서 시행되는 정책으로 전 세계적 해사안전과 해양환경 보호를 목적으로 회원국의 해상운송 정책을 안내하는 목적으로 개발되었음
NNSS (Navy Navigation Satellite System|항행위성수신장치|NULL
NO COMMERCIAL VALUE|환 가치 없음(무환)|NULL
NO FUSE BREAKER|배선용 차단기|NULL
NOLOAD LOSS|무부하손|NULL
NOLOAD SATURATION VOLTAGE|무부하 포화전압|NULL
NOMINAL RATING|공칭 정격|NULL
NOMINAL TRANSFORMATION RATIO|공칭 변압비|NULL
NON CORFORMITY NOTE|외부심사지적사항|NULL
NON DESTRUCTIVE EXAMINATION|비파괴 시험|NULL
NON DESTRUCTIVE TEST|비파괴검사|NULL
NON RETURN TO ZERO|비 복귀기록|NULL
NON RETURN TO ZERO INVERTED|비 제로 복귀 반전|NULL
NON WATER TIGHT|비수밀|NULL
NON-CONFORMITY REPORT|불일치 보고서|NULL
NON-DESTRUCTIVE TEST|비파괴검사|NULL
NONCONFORMITY REPORT|부적합보고서|NULL
NONPROLIFERATION TREATY|비핵확산 조약|NULL
NONSALIENT MACHINE|비돌극기|NULL
NORMAL CONTINUOUS RATING|정상연속 출력|NULL
NORTH AMERICAN FREE TRADE AGREEMENT|북미 자유무역협정|NULL
NOWPAP|북·서태평양 보전실천계획|NOWPAP (Northwest Pacific Action Plan), 유엔 환경 계획(UNEP)이 연안 및 해양자원의 지속 가능한 이용개발 및 관리를 위하여 추진해온 지역협력프로그램으로 1994년 9월 서울에서 제1차 정부 간 회의를 통해 활동계획(Action Plan)을 채택하여 정식으로 출범함. 관할 해역은 북위 33 ~ 52° 와 동경 121 ~ 143° 사이의 회원국 (한·중·일·러 4개국) 해양 및 연안 지역임
NOx|질소산화물|NOx(Nitrogen Oxides), 엔진의 연소에서 공기 중 질소로부터 고온에서 발생하는 물질(Thermal NOx)로서 주로 NO 및 NO2 형태로 배출됨 I 2000.1.1. 17.0 45.0 x n -0.2 9.8 II 2011.1.1. 14.4 44.0 x n -0.23 7.7 III 2016.1.1. 3.4 9.0 x n -0.2 2.0 글로벌 질소산화물 규제이며, 국내는 Tier II 수준으로 규제 중(신조선만 적용)
NPSH(Net Positive Suction Head|유효 흡입양정|NULL
NS (Norske Standard|노르웨이 표준규격|NULL
NSC (Norwegian Shipping Control Act|노르웨이 해운선박법|NULL
NSRP (National Shipbuilding Research Program|미국국책 조선(造船)연구 프로그램|NULL
NSW|국가싱글윈도우|국가싱글윈도우(National Single Window)는 국가가 해상, 항만, 무역과 같은 다른 부문에 걸쳐 국가 당국에 대한 정보의 수집, 배포, 교환을 위해 구축한 단일 서비스 환경을 말함
NT (Net Tonnage|순톤수|NULL
NUC (Not-Under Command) Light|운전부자유등(燈|NULL
NUCLEAR MAGNETIC RESONANCE|핵 자기 공명|NULL
NUMERICAL CONTROL|수치제어에 의한 자동화 정비에 쓰이는 말|NULL
NWT Door (Nonwatertight Door|비수밀문(非水密門|NULL
Naked Hull|나선체|선체 표면에 부가물이 붙지 않은 선체
Nameplate|명판|NULL
Narrowgap Welding|내로갭 용접|후판의 맞대기용접에서 V형 또는 U형의 좁은 틈(홈)을 메꾸어나아가는 아크용접
Nast Housing|마스트밑방|마스트 밑을 감싸고 있는 방
National Action Plan (NAP)|국가별 행동계획|선박 온실가스 감축 관련 IMO 규제를 원활하게 이행하기 위한 제도 개발, 에너지효율 향상을 위한 수단, 각 국가의 연구 및 활동 등을 포함한 국가별 선박 온실가스 감축 계획서임
National Association of|국제 방식 기술자 협회|NULL
National Electrical|국제 전기 제작 협회|NULL
National Information System|국가 정보 시스템|NULL
Nationally Recognized|국가인정시험소|NULL
Natural Convector|자연대류방열기|증기 등의 열매체가 통과하는 가열관을 상자로 둘러싸서 더운 공기가 대류로 순환되도록 한 난방장치
Natural Exhaust|자연배출(自然排出|NULL
Nautical Almanac|항해력|천문항법용으로 편찬된 역서
Nautical Astronomy|항해천문학|항해에 응용되는 천문학
Nautical Instrument|항해 기기(航海機器|NULL
Naval Architecture|조선공학|선박을 설계하고 건조하고 유지관리하는 데 관련되는 학문과 기술
Naval Architecture|조선공학(造船工學|NULL
Naval Dockyard|해군공창|해군함정을 건조하거나 수리하는 해군소속의 조선소
Navigation Bridge Deck|항해 선교갑판|NULL
Navigation Bridge Deck|항해선교갑판|배의 항해를 조종하는 선교의 갑판
Navigation Bridge Visibility|항해선교 가시도|NULL
Navigation Equipment|항해기기|NULL
Navigation Light|항해등(航海燈|NULL
Near miss / Near accident|아차사고 / 준사고|‘아차사고’란 작업 현장에 작업자의 부주의나 현장 설비 결함 등으로 사고가 일어날 뻔하였으나 직접적인 사고로는 이어지지 않은 상황을 지칭하며, ‘준사고’란 선박의 구조, 설비 또는 운용과 관련하여 시정 또는 개선되지 않으며 선박과 사람의 안전 및 해양환경 등에 위해를 끼칠 수 있는 상황을 뜻함
Near-coastal Voyages|연안항해|당사국에 의하여 정의된 그 당사국의 근접 수역의 항해를 지칭
Needle Valve|니이들 밸브|NULL
Negative Buoyancy Tank|음부력탱크|잠수함이 급히 잠수할 때 물을 채우는 탱크
Negative Stability|음복원력|배의 중심이 메타센터보다 높은 위치에있을 때 배를 바로 세우지 못하고 더 기울게 하는 힘
Negative-glow lamp|네온램프|NULL
Negativephase Relay|역상 계전기|NULL
Negativephasesequence|역상분|NULL
Negligence|과실|어떠한 사실을 인식할 수 있었음에도 부주의로 인식하지 못한 것임. 민법에서는 위법한 행위의 효과에 관하여 고의와 과실을 구별하지 않는 것이 원칙이므로 과실이 고의를 포함하는 것으로 해석되는 경우가 적지 않음. 과실은 부주의의 정도에 따라 중과실(현저히 심한 부주의), 경과실(다소 주의를 결하는 것)로 나누어지는데 민법 · 상법 등에서 과실이라 하면 경과실을 말하고, 중과실을 의미하면 특히 「중대한 과실」이라 함 불법행위의 성립요건으로서의 과실은 이른바 추상적 과실만이 문제가 되는 것이고 이러한 과실은 사회평균인으로서의 주의의무를 위반한 경우를 가리키는 것이지만, 그러나 여기에서 ‘사회평균인’이라고 하는 것은 추상적인 일반인을 말하는 것이 아니라 그때그때의 구체적인 사례에서 일반인을 말하는 것임(대법원 2001. 1. 19. 선고 2000다12532) 한편 ‘인식 있는 과실’이란 결과의 발생을 예견하였으나 그 결과의 발생을 바라거나 인용하지 않은 과실을 말함. 예를 들면, 자동차 운전자가 사람이 많이 통행하는 좁은 길을 운행하면서 혹시 사람을 칠지도 모른다고 생각하면서도 자기의 솜씨를 믿고 사고가 나지 않으리라 생각하여 달리다가 사고를 낸 경우와 같음
Neodymium Pentaphosphate|네노디움 (5 인화 )|NULL
Neon Transformer|네온 변압기|NULL
Neon tube|네온관|NULL
Nesting|네스팅|주어진 판재에 작은 각종 부재들을 여백이 적도록 배치하는 작업
Net Hauler|양망기|어선에서 유망이나 자망을 끌어올리는 기계
Net Layer|방잠망부설선|잠수함 침입을 막는 그물을 부설하는 선박
Net Sling|하역망|사각형의 보자기그물
Net Steel Weight|순강재중량|선체구조에 실제로 쓰여진 강재의 중량
Net Time|정미시간(正味時間|NULL
Network Control Unit|망 제어 장치|NULL
Neutral|중성선|NULL
New Outputs|신규 작업과제|각 IMO 회의(위원회 & 전문위원회)에서 논의될 정식의제를 선정하기 위해 회원국들로부터 신규 작업과제(New Outputs) 제안을 받으며, 추후 IMO 차원에서 필요성 또는 가치 여부 등을 검토하여 정식의제로 해당 회의체에 상정 여부를 결정함
New module in GISIS on Registries|선박등록소에 관한 GISIS 모듈|IMO 사무국이 운영하는 해사정보관리 데이터베이스(DB) 시스템인 IMO 해운정보시스템(GISIS)에 선박 등록 및 등록소 관리를 위한 모듈 개발을 진행함. IMO에 의한 데이터베이스 구축은 모든 기국에 대한 정보를 한 곳에서 이용할 수 있는 원스톱 정보센터가 됨 IMO 사무국은 IMO 웹 계정에 등록된 사용자가 볼 수 있는 GISIS의 기존 연락처 모듈 내에서 이 새로운 데이터베이스를 개발할 것을 제안함. 동 모듈에는 국가목록 및 현재 선박 등록이 허가된 등록소의 목록 및 연락처가 포함될 것이며, 연락처 세부사항에는 등록명, 주소 및 국가, 전화/팩스 번호, 담당자 이메일, 웹사이트 등이 포함될 것임 < 출처: IMO GISIS 홈페이지 >
Niche areas|취약 구역|수로학적 응력 다르거나, 방오 코팅 시스템의 마모나 손상, 또는 방오도료가 부적절하게 도포되어 있어 생물오손이 더 잘 발생하는 선박의 구역을 의미함. 취약 구역의 예시로 해수 흡입구, 선수 추진기, 프로펠러 샤프트 등이 있음
Night Shift|교대근무시 야간근무|NULL
Nipple Joint|니플이음|연결하는 두 관에 암나사를 파고 사이에 짧은 관모양의 이음쇠뭉치를 끼워 연결하는 이음매로 연결관 양 끝은 숫나사가 파져있음
Nl/minute|표준상태의 Ltr/min.|NULL
No Fuse Breaker|배선용 차단기|NULL
No-Load Running|무부하(無負荷) 운전|NULL
No-Load Test|무부하 시험|NULL
Noload Loss|무부하손|NULL
Noload Saturation Voltage|무부하 포화전압|NULL
Nominal Diameter|호칭지름|관 또는 밸브의 경을 표시할 때 두께에 따라 달라지는 외경을 고려하여 대표적으로 정하여 통칭하는 지름(실제지름과는 정확히 일치되지 않음)
Nominal Diameter (N.D|호칭경，공칭직경|NULL
Nominal Horse Power|공칭마력|NULL
Nominal Pitch|호칭피치|앞면피치와 동일
Nominal Pressure|호칭압력|조건에 따라 달라지는 사용압력 가운데 대표로 통칭되는 압력
Nominal Size|호칭 치수(呼稱値數|NULL
Nominal Transformation Ratio|공칭 변압비|NULL
Nominal rating|공칭 정격|NULL
Nomogram|계산도표/노모그램|NULL
Non Gas-shielded Arc Welding|논 가스쉴드 아크용접|외부에서 아크분위기를 보호하는 가스를 공급하지 않고 진행하는 용접
Non Return to Zero|비 복귀기록|NULL
Non Return to Zero Inverted|비 제로 복귀 반전|NULL
Non-Conformity / Findings / Observations|부적합사항 / 발견사항 / 관찰사항|회원국감사(IMSAS)를 통해 시정조치가 필요한 사항을 그 중대성에 따라 부적합사항(Non-Conformity), 발견사항(Findings) 그리고 관찰사항(Observations)으로 구분함
Non-Convention Ship|협약 비적용 선박|일반적으로 IMO 국제협약 및 코드는 서두에 협약의 적용 범위를 정의하는데, 이 범주에 해당하지 않아 국제 협약상의 규정을 적용받지 아니하는 선박을 “Non-Convention Ship”이라 칭함. 협약 자체가 적용될 수 없는 상태를 ‘비(非)적용’이라 표현하고 아직 협약이 적용되지 않지만 추후 적용될 가능성이 있는 상태는 ‘미(未)적용’이라 표현함
Non-Metallic Material|비금속 물질|NULL
Non-Return Valve|역지(逆止)밸브|NULL
Non-Sparking Tool|방폭공구(防爆工具|NULL
Non-Statutory Spare Parts|법정외 예비품|NULL
Non-absorbent Material|비흡습재료|수분을 흡수하지 않는 재료
Non-consumable Electrode|비용극|융점이 높아 아크열에도 소모되지 않는 전극(텅스텐 등)
Non-exhaustive List of obligations|의무사항 목록|IMO 총회 결의서 Res. A. 1105(29)에 따라 IMO 협약이행(III) 코드 하에 의무적으로 준수해야 할 IMO 협약(Instruments) 목록
Non-ferrous Metal|비철금속|철 이외의 금속이나 합금 등의 총칭
Non-freezing Mixture|부동혼합액|두 가지 이상의 물질을 혼합하여 낮은 온도에서도 얼지 않게 한 액체
Non-opening Side Scuttle Fixed Light|고정 원현창|여닫을 수 없는 원형 현창
Non-powered Vessel|무동력선|추진동력기관이 없는 배
Noncombustible Material|불연성(不燃性) 재료|NULL
Nonconducting Material|부도체(不導體|NULL
Nonferrous Metal|비철금속(非鐵金屬|NULL
Nonmagnetic Material|비자성체(非磁性體|NULL
Nonrotating Rope|비회전 로우프|NULL
Nonsalient Machine|비돌극기|NULL
Nonslip|미끌림 방지|NULL
Norch Coefficient|노치계수|동일한 재료에 노치를 준 것과 없는 것의 피로한도를 비교한 비율
Normal Condition|정상 상태(正常常態|NULL
Normal Distribution|정상 분포|NULL
Normal Duration|정상 소요시간|NULL
Normal Working Hours|정상근로시간|NULL
Normalizing|노멀라이징|A3 변태점 보다 40~60℃ 높은 온도로 가열한 후 서서히 대기 중에서 냉각시키는 열처리 방식
Notch Bend Test|노치굽힘시험|노치가 있는 시험편의 굽힘강도를 조사하는 시험
Notch Brittleness|놋치 취성|흠이 없을 때는 충분한 연성을 나타내는 재료라도 연신부에 흠(놋치)이 있을 때 부분적으로 취약해져 파괴되기 쉬운데 이러한 취약성을 말함
Notch Effect|노치효과|노치가 구조부재의 피로한도에 미치는 영향
Notch Sensitivity|노치감도|노치모양과 재료의 피로강도와의 관계를 나타내는 계수
Note Verbale|구술서|다른 국가와 토의한 기록 또는 문제점을 제시하기 위해 상대국에 제출하는 외교문서의 일종임, 상대국에 질의, 의뢰, 통고 등 다양한 경우에 사용됨
Noxious Substance|유해물질(有害物質|NULL
Nozzle Ring|노즐 링|NULL
Nozzle-control Governing|노즐조절|증기의 처음 상태를 노즐로 변화시켜 터빈의 출력을 조절하는 방법
Nuclear Fuel|핵연료|우라늄 235 및 푸르토늄239 등을 포함하는 물질로서 중성자를 흡수하여 분열하면서 높은 에너지를 방출하는 연료
Nuclear Magnetic Resonance|핵 자기 공명|NULL
Nuclear Ship|원자력선|원자력기관을 주기관으로 하는 선박
Nuclear Submarine|원자력잠수함|원자로에서 얻은 에너지를 추진동력으로 이용하는 잠수함
Num Buoy|타원형부표|마름모꼴 부표
Number One Oiler|조기장|기관부의 보통선원 중 가장 높은 직책
Number of Coats|도장 횟수|NULL
Number of Maximum Continuous Revolution|최대연속회전수|최대 연속 출력기관의 회전수
Number of Stroke|행정수|왕복동체의 단위시간 당 왕복 횟수
Numerical Control Marking|수치제어마킹|수치정보에 따라 제어되는 구동장치에 의한 마킹방식
Numerical Mould Method|수치현도법|옵셋과 배튼을 사용하여 그리는 대신에 전산기에서 수치정보에 따라 곡선을 정의하여 선체선도(Lines)를 완성하는 현도방식
Numerical Pennant|숫자기|국제신호기 중 숫자를 나타내는 깃발
O.G (Operation Guidance)|운항지침|복원성 손실 현상이 발생 가능한 속도, 방향, 파고 등의 조건을 피할 수 있도록 선내에 비치하는 선박 안전 운항지침
O.L (Operation Limitation)|운항 제한|복원성 손실 현상으로부터 안전한 해상 또는 구역만 운항할 수 있도록 제한
OA ( Office Automation|사무 자동화|NULL
OBO(Ore-Bulk-Oil Carrier|광살유(鑛撒油)겸용선|NULL
OCCASIONAL SURVEY|임시 검사|NULL
OCCUPATIONAL SAFETY HEALTH ADMINISTRATION|미국 안전공단 (컨테이너 하역과 관련)|NULL
OCIMF(Oil Companies' International Maritime Forum|석유회사 국제해사 평의회|NULL
OCR (Overcurrent Relay|과전류 계전기|NULL
OD(Outside Diameter|외경(外徑|NULL
ODA|공적개발원조|ODA (Official Development Assistance), 공적개발원조란 정부를 비롯한 공공기관이 개발도상국의 경제발전과 사회복지 증진을 목표로 제공하는 원조를 의미하며, 개발도상국 정부 및 지역, 또는 국제기구에 제공되는 자금이나 기술협력을 포함하는 개념임
ODME (Oil Discharge Monitoring Equipment|기름배출 감시장치|NULL
OECD (Organization for Economic Cooperation and Development|경재협력 개발기구|NULL
OECD DAC|개발원조위원회|OECD DAC (Organisation for Economic Co-operation and Development's Development Assistance Committee), 개발 원조 위원회는 개발도상국에 대한 공적 개발 원조(ODA)에 대하여 논의하는 기구로, 경제 협력 개발 기구의 산하로서 1960년에 설립됨
OEM (Original Equipment Manufacturer|주문자 상표방식|NULL
OFE ( Owner Furnished Equipment|선주공급 장비|NULL
OFFICE AUTOMATION|사무 자동화|NULL
OFFICE FOR PRICE ADMINISTRATION|미국 가격행정청|NULL
OFFSHORE PROJECT|해양 사업|NULL
OFFSHORE PROJECT|해양사업|NULL
OGM|LRIT 운영관리주체|OGM (LRIT Operation Governance Body), IDE, IDE 재해복구 사이트, IMO 사무국의 대표로 구성되며, 전반적인 LRIT 시스템을 관리하며, 시스템의 비상 상황 등이 발생했을 경우 필요한 시스템의 보호 및 복구 조치를 결정함
OIL CIRCUIT BREAKER|유입 차단기|NULL
OIL COMPANIES INTERNATIONAL MARINE FORUM|기름 회사 국제 해상 포럼(법정)|NULL
OIL TIGHT|유밀|NULL
OILING BARE|방청|NULL
OILING OILING|방청|NULL
ON HAND QUANTITY|보유 재고수량|NULL
ON LOAD TAP CHANGER|부하시 탭 전환장치|NULL
ON LOAD VOLTAGE REGULATOR|부하시 전압조정기|NULL
ON THE JOB TRAINING (OFF THE JOB TRAINING)|작업을 통한 훈련 (사외 위탁교육)|NULL
OPEN CIRCUIT VOLTAGE|변압기, 용접기의 무부하 전압|NULL
OPERATING REGISTER|발진 레지스터|NULL
OPERATING SYSTEM|컴퓨터의 기본작동을 제어하는 최상위 운영 시스템|NULL
OPERATING TEST|작동 시험|NULL
OPS|육상전력공급장치|OPS (On-shore Power Supply), 육상 부두에서 선박에 전기를 공급해 주는 장치로, 선박에서 발생하는 대기오염을 방지하기 위하여 점차 그 수요가 늘어나고 있음. AMP (alternative maritime power), Cold ironing, Shore-side electricity and on-shore power supply, High or low voltage shore connection 등의 다양한 용어가 사용되는데, 모두 육상전력공급 장치를 의미함
OPTICAL BISTABLE DEVICE|광 2 안정 소자|NULL
OPTICAL CHARACTER RECOGNITION|광학식 문자인식|NULL
OPTICAL FIBER TUBE|광 섬유관|NULL
OPTICAL MARK READER|광학식 마크 판독장치|NULL
OPTICAL REDIATION|광방사|NULL
OPTICAL TRANSFER FUNCTION|광학적 전달함수|NULL
OPTIMUM WORKING FREQUENCY|최적 주파수 사용|NULL
OPTOELECTRONICS INTEGRATED CIRCUIT|광전자 집적 회로|NULL
ORE. BULK OIL CARRIER|광석,BULK, 기름등을 복합 운송 할 수 있는 COMBINED CARRIER의 일종|NULL
ORGANIC PHOTOCONDUCTIVE CELL|유기 광도전체|NULL
ORGANIZATION FOR ECONOMIC COOPERATION AND DEVELOPMENT|경제 협력 개발기구|NULL
ORGANOMETALLIC COMPOUND CVD|유기 금속 CVD 법|NULL
ORIGINAL EQUIPMENT MANUFACTURING|주문자 상표 부착 생산자|NULL
ORIGINAL EQUIPMENT MANUFACTURING(ER)|공급원(자) 기업명의 판매|NULL
OSPAR Convention|OSPAR 협약|OSPAR Convention (The Convention for the Protection of the Marine Environment of the North-East Atlantic), 북동 대서양의 해양 환경보호를 위한 협약 또는 OSPAR 협약으로 불리며, 대서양 북동지역을 보호하기 위해 미, 영, 프, 독, 벨, 등 15개국이 참여한 정부 간 행정 협정임. 해양 폐기물, 방사능 및 위험물 투기 금지, 생물 다양성 보존 등에 관한 규칙을 제정
OUT PUT TRANSFORMER|출력 변성기|NULL
OUTER DIAMETER|외경|NULL
OUTFITTING|의장|NULL
OUTPUT TRANSFORMERLESS|무변성 출력|NULL
OUTPUT TRUNK|출력 트렁크|NULL
OVER CURRENT|과전류|NULL
OVER CURRENT BREAKER|과전류 차단기|NULL
OVER CURRENT GROUND RELAY|과전류 접지 계전기|NULL
OVER CURRENT RELAY|과전류 계전기|NULL
OVER LOAD|과부하|NULL
OVER LOAD RELAY|과부하 계전기|NULL
OVER VOLTAGE RELAY|과전압 계전기|NULL
OVERHEAD POSITION|위보기 자세|NULL
OVERHEAD POSITION WELDING|상향자세 용접|NULL
OVERLOAD WEIGHTING|과부하측정장치|NULL
OVERLOAD WEIGHTING DEVICE|과부하측정장치|NULL
OXYGEN|산소, 원자번호 8|NULL
Oakum|오컴|목갑판의 틈새를 메꾸는 나무껍질로 된 섬유다발
Oar|노|사람이 배를 젓는데 쓰는 나무막대기
Oar Lifeboat|노구명정|노로 추진하는 구명정
Obliged Vessel|의무선|해상충돌방지 법규에 따라 침로와 속력 등을 변경하여 피항할 의무가 있는 선박
Oblique section|경사 단면(傾斜斷面|NULL
Observance of the due date|완료일 준수|NULL
Observation|관찰사항|항만국통제 검사에서 현재는 결함이 아니나 별도의 조치가 취해지지 않으면 가까운 장래에 결함(Deficiency)으로 발전될 가능성을 내포하는 사안을 지칭함. 또는, 선원 근로관계 법령 및 해사 노동협약(MLC)의 요건대로 시행하고 있으나 비효율적이거나 불합리하다고 판단되는 사안을 칭함
Observation Error|관측 오차(觀測誤差|NULL
Ocan Current|해류|해수가 일정한 방향으로 흐르는 것
Occasional Inspection|임시 검사(臨時檢査|NULL
Occupancy requirement|최소장비 가동율|NULL
Ocean Going Sea|원양구역|해역의 자연조건과 육지와의 거리 등으로 구분되는 해역 가운데 가장 사나운 자연조건의 해역
Ocean Weather Ship|정점관측선|해양상의 정해진 점 부근에 정박하며 주위의 기상관측에 종사하는 선박
Odd Number / Even Number|홀수/짝수|NULL
Off-load release capability|무부하 이탈능력|통상적인 구명정의 이탈능력으로, 구명정이 진수되어 물에 뜨거나, 또는 구명정 진수용 훅에 하중이 걸리지 않을 때 구명정이 이탈될 수 있는 능력
Office Automation|사무 자동화|NULL
Officer|해기사|국내법 또는 규정에 따라 그렇게 지정되거나 법령에 따라 지정되지 않으면 단체협약 또는 관습에 의하여 지정된 선장 이외 선원의 일원을 말함
Official Sea Trial|공시운전(公試運轉|NULL
Official Trial|공식시운전|배가 완성되면 행하는 공식 시운전
Offsets|선체치수(船體値數)표|NULL
Offshore Landing Station|해상부두|화물을 싣고 내릴 수 있는 해상중계기지
Oil Absorption Mat|기름흡착 매트|해면의 유분을 흡착하는 매트
Oil Brake|유압브레이크|유압으로 작동시키는 제동장치
Oil Burner|오일버너|기름 등을 연소시키는 장치
Oil Circuit Breaker|유입 차단기|NULL
Oil Coaming|기름누설방지테두리|NULL
Oil Content Meter|유분농도계|수중의 유분농도를 측정하는 계기
Oil Dispersant Sprinkling Device|유처리제살포장치|기름의 화학처리제를 기름퍼진 해면에 살포하는 장치
Oil Fence|오일펜스|수면에 뜬 기름의 확산을 막기 위해 수면에 설치하는 부유식 울타리
Oil Filling Connection|오일필링커넥션|선외로부터 선내탱크에 기름을 받아 넣는 쇠붙이
Oil Filling Pipe|주유관|탱크에 기름을 채울 때 사용하는 관
Oil Lubricated Stern Tube Bearing|기름윤활식 선미베어링|기름으로 윤활하는 선미베어링
Oil Mist Detector|유증기 검출기|NULL
Oil Paint|유성페인트|건조성이 좋은 기름에 안료를 배합하여 만든 페인트
Oil Recovery Equipment|기름 회수기|해상에 유출된 기름을 회수하는 장치
Oil Seal|오일 시일|NULL
Oil Sump|오일섬프|기름을 저장하는 장소나 용기의 총칭
Oil Switch|오일스위치|고전압회로의 차단하는 개폐기구가 기름에 잠기도록 된 차단기
Oil Tanker|유조선|석유 또는 석유제품을 선적하여 운송할 목적으로 건조되어 사용되는 선박을 말함
Oil/Bulk Carrier|벌크유조선|벌크화물과 원유를 운송하는 겸용선
Oiler|조기수|기관부의 업무를 수행하는 선임기관부 선원
Oiltight Bulkhead|유밀 격벽(油密隔壁|NULL
Oiltight Bulkhead|유밀격벅|기름이 새지 않게 만든 격벽
Oiltight Test|유밀시험|특정구역에서 기름이 새지 않는 것을 확인하는 시험
Oily Sludge Burning Auxiliary Boiler|폐유연소보조보일러|폐유를 연소시켜 증기를 발생시키는 보조보일러
Oily Water Separator|유수(油水) 분리기|NULL
On Load Tap Changer|부하시 탭 전환장치|NULL
On Load Voltage Regulator|부하시 전압조정기|NULL
On-Board|선상(船上)，선내|NULL
On-Board Outfitting|선내 의장(船內艤裝|NULL
On-Board Services|선상 공무지원|NULL
On-Board Test Procedure|선내시험 절차서|NULL
On-block Outfitting|블록의장(艤裝|NULL
On-ceiling Outfitting|상부(천장부위) 의장|NULL
On-floor outfitting|지상의장(地上艤裝|NULL
On-load release capability|부하 이탈능력|훅에 하중이 걸려 있는 상태에서도 구명정을 이탈시킬 수 있는 능력. 수압 인터록 장치가 설치되어야 함. 이 인터록 장치에는 고장 시 또는 구명정이 물에 뜨지 않은 경우에도 비상 이탈이 가능하도록 오버라이드 할 수 있는 수단이 제공되어야 함
On-unit Outfitting|유니트 의장|NULL
Onboard Test|선내시험|선내에서 기기류의 운전 및 작동상태를 시험하는 것
Onboard Test|선내시험(船內試驗|NULL
One-Sided Welding|일면 용접(一面熔接|NULL
Open Boat|무갑판선|연속갑판이 없는 배
Open Circuit Voltage|개회로 전압|회로가 끊어져 전류가 흐르지 않는 양 단자 사이의 전압
Open Floor|조립 늑판(組立肋板|NULL
Open Grating|격자모양 발판|NULL
Open Hawser|오픈로저|두 개의 닻이 서로 엉키지 않은 묘박상태
Open Roadstead|자유정박지|방파제 등으로 둘러 싸이지 않은 정박지
Open Roadstead|트인정박지|자유정박지와 동일
Open Space(Blue Sky) Fitting|개방상태 설치|NULL
Open Type Bearing|개방베어링|안 쪽 링과 바깥 쪽 링이 분해되게 만든 베어링
Operating Manual|작동 설명서|NULL
Operating Oil Pump|작동유펌프|기기의 제어와 조작에 연결된 유압회로에 작동유를 공급하는 펌프
Operating Oil Tank|작동유탱크|작동유를 저장하는 탱크
Operating Register|발진 레지스터|NULL
Operation Measure|운항 조치|5가지 복원성 손실 모드 관련 상기 3단계에서도 통과하지 못한 선박들이 준수해야 하는 조치 방법으로 물리적인 현상을 직접 수치 시뮬레이션 혹은 실험을 통한 검토를 기준으로 이하의 운항지침 (O.G.)과 운항 제한(O.L.) 2가지로 구성하여 동적 복원성 관련하여 운항 시 주의를 주는 방법
Operation Process Chart|작업 공정도표|NULL
Operational Precaution|작동시 주의사항|NULL
Optical Bistable Device|광 2 안정 소자|NULL
Optical Character|광학식 문자인식|NULL
Optical Fiber Cable|광(光) 케이블|NULL
Optical Fiber Tube|광 섬유관|NULL
Optical Laser|광 레이져|NULL
Optical Log|옵티컬로그|해면의 부유물이나 수중부유물의 움직임 등을 광학적으로 관찰하여 촉도를 측정하는 장치
Optical Mark Reader|광학식 마크 판독장치|NULL
Optical Sensor|광 센서|NULL
Optical Transfer Function|광학적 전달함수|NULL
Optical rediation|광방사|NULL
Optimization|최적화(最適化|NULL
Optimum Design|최적 설계(最適設計|NULL
Optimum Working Frequency|최적 주파수 사용|NULL
Optoelectronics Integrated|광전자 집적 회로|NULL
Ordinary Frame|일반 늑골(一般肋骨|NULL
Ordinary Temperature|상온(常溫|NULL
Ore Carrier|광석 운반선|NULL
Organic Photoconductive|유기 광도전체|NULL
Organometallic Compound|유기 금속 CVD 법|NULL
Orifice|오리피스|NULL
Original Equipment|주문자 상표 부착 생산자|NULL
Oscilloscope|오실로스코프|NULL
Otter Board|오터보드|트롤어망의 입구가 예인 중에 벌어져 있게 하기 위해서 버텨 주는 판
Otter Trawler|오터트롤러|오터트롤어업에 종사하는 어선
Out Put Transformer|출력 변성기|NULL
Outboard|선외측(船外側으로|NULL
Outboard Discharge Pipe|선외배출관|빌지 냉각수 등을 배 밖으로 빼내는 관
Outboard Motor|선외기관|소형보트의 선미에 탈착 가능한 엔진과 함께 붙은 추진기
Outboard Profile|선체측면도|선체를 측면에서 바라본 것을 나타낸 도면
Outdoor Piping|옥외배관(屋外 配管|NULL
Outer Hull|바깥선각|이중선체구조에서 바깥쪽의 선각
Outfit|배의)의장|NULL
Outfit Planning|의장작업 계획|NULL
Outfitting|의장|NULL
Outfitting|의장 작업(艤裝作業|NULL
Outfitting Quay|의장 안벽|NULL
Outfitting Scheduling System|의장 일정계획체계|NULL
Outfitting Zone|의장 구획(艤裝區劃|NULL
Outligger|아웃리거|카누나 소형보트의 안정을 위하여 현측 수상면에 부유체나 통나무를 연결시키는 재목
Output|출력|원동기가 단위시간에 내는 동력
Output Transformerless|무변성 출력|NULL
Output Trunk|출력 트렁크|NULL
Outreach|아웃리이치|NULL
Outside Assembly Site|옥외 조립장|NULL
Outside Cabin|외측선실|선측을 따라 배치되는 선실
Outside Staging|바깥발판|선박의 외판공사를 위해 현측에 설치하는 작업발판
Outstanding Item|미해결(未解決) 사항|NULL
Over Current|과전류|NULL
Over Current Ground Relay|과전류 접지 계전기|NULL
Over Current Relay|과전류 계전기|NULL
Over Load|과부하|NULL
Over Load Relay|과부하 계전기|NULL
Over Speed Limit|초과속도한계|규정된 속도를 초과하여 운전할 수 있는 한계
Over Voltage Relay|과전압 계전기|NULL
Over current breaker|과전류 차단기|NULL
Overall Efficiency|종합 효율(綜合效率|NULL
Overall Evaluation|종합 평가(綜合評價|NULL
Overall Propulsive Efficiency|종합 추진 효율|NULL
Overboard Discharge|선외배출(船外排出|NULL
Overcurrent Protection Device|과전류 보호장치|NULL
Overflow|넘치다|NULL
Overflow Pipe|넘칠관|탱크 내부에 유체가 넘쳐나오도록 붙인 상부의 관
Overflow Pipe|넘침관(管|NULL
Overflow System|넘침장치|진흙탱크의 윗층 물을 넘쳐나오게 하는 장치
Overhaul|분해 점검(分解點檢|NULL
Overhaul Inspection|개방검사|기계 또는 선체 등을 개방 분해하여 자세히 실시하는 검사
Overhaul Inspection|분해검사(分解檢査|NULL
Overhead (Position) Welding|위보기 용접|NULL
Overhead Cost|간접비(間接費|NULL
Overhead Factors|간접비(間接費) 요소|NULL
Overhead Travelling Crane|천장주행 크레인|NULL
Overheating|과열(過熱|NULL
Overlap|오우브 랩|NULL
Overload|과부하|정해진 부하 이상으로 걸리는 부하
Overload Operation|과부하(過負荷) 운전|NULL
Overload Output|과부하 출력|NULL
Overload Trip|과부하 트립|NULL
Overloading|과적|만재흘수 이상으로 적재한 상태
Overrboard Discharge Pipe|현외배출관|선외배출관 동일
Oversize|과대촌법(過大寸法|NULL
Overspeed Protection|과속도 보호|NULL
Overtime|잔업(殘業|NULL
Overweight|중량초과(重量超過|NULL
Owner's Approval Comment|도면승인시의 선주(船主) 코멘트|NULL
Owner's Inspector|선주검사관|NULL
Owner’s right to limit liability|선주 책임제한권|선박소유자에게 선박 운항의 주체로서 책임에 대하여 총체적 책임을 제한할 수 있는 권리를 부여하고 있음. 이렇듯 선박소유자가 선박의 이용 또는 운항과 관련하여 부담하는 채무나 의무에 대하여 자기의 책임을 일괄하여 일정한 한도로 제한할 수 있도록 하는 해상법상의 제도가 선주책임 제한제도임. 선주책임 제한권은 선박 운항의 위험성이나 특수한 기술적 성격과 관련하여 자국 해운업의 보호 및 장려하여야 한다는 취지에서 선주책임 제한권이 국제조약 및 국내법으로 도입되어 있음  제도는 해상법에 역사적으로 깊이 근거를 두고 있는 제도이고 또 각국이 자국의 선박을 보호하여야 한다는 태도 때문에 폐지의 가능성은 없다고 할 수 있으며, 다만 피해자의 보호를 위해서는 보험제도와의 효과적인 병행이 필요할 것임
Oxidation|산화(酸化|NULL
Oxidizing Flame|산화염|산소-아세틸렌 불꽃에서 산소의 혼합비가 많아진 불꽃
Oxy-Arc Cutting|산소 아크절단|모재와 전극 사이에 발생하는 아크열로 모재를 가열하고 여기에 산소를 분사하여 절단하는 방법
Oxy-acetylene Welding|산소 아세틸렌 용접|산소와 아세틸렌을 사용하여 아세틸렌의 연소열을 이용하는 용접
Oxy-arc Cutting|산소아크절단|강관으로 된 전극과 금속 사이에 아크를 발생시켜 아크열에 의한 강관의 연소열과 산소분사로 금속을 절단하는 방법
Oxy-hydrogen Welding|산소 수소용접|산소와 수소를 사용하여 수소의 연소열을 이용하는 용접
Oxydizing Flame|산화불꽃|가스 토치에서 나오는 불꽃으로 중성보다 산소의 양이 많음
Oxygen Gouging|산소홈파기|특수한 모양의 토치로 모재를 예열하고 산소를 분출시켜 절단하는 방법
Oxygen Purity|산소 순도(酸素純度|NULL
Oxyhydrogen Welding|산수소용접|수소가스의 연소열을 이용하여 용접하는 방법
Oxyoropane Cutting|산소프로판절단|산소와 프로판의 혼합기체로 모재를 가열 산화시키고 여기에 산소를 불어넣어 절단하는 방법
P & I Club (Protection and Indemnity Club|선주책임 상호보험 조합|NULL
P & ID (Piping and Instrumentation Diagram|배관및 계장도면|NULL
P&I insurance (Protection & Indemnity insurance)|선주상호보험|해상운송에서 선주들이 서로의 손해를 상호 간 보호하기 위한 보험임. 통상의 해상보험에서 담보하지 않은 인명이나 여객에 관한 선주의 손해, 선원의 과실에 의해서 발생한 선체 또는 적화물의 손해 등을 보상해 주는 보험으로 간략히 P&I 보험이라고도 함. 인명이나 여객에 관한 선주들의 손해 등을 일반 보험회사들이 보상하려 하지 않고 보상하더라도 보험 가입 시 높은 보험료를 요구하므로, 선박 소유자들이 공제조합인 P&I club을 설립하고 만든 일종의 상호보험임. 영국을 위주로 발달하였으며 국제적으로 영국의 런던과 뉴캐슬 등 17개의 대형 P&I 클럽이 구성되어 있으며, 우리나라에서는 1999년 선주상호보험조합법이 제정 및 공포되어 1999년 8월 5일부터 시행되었음. 한국선주상호보험조합, 한국해운조합 등에서 업무를 수행하고 있음
P-V (Pressure-Vacuum) Valve|압력/진공 밸브|NULL
P/B (Power Brushing|동력공구 사용 전처리|NULL
P/C (Product Carrier|정제유 운반선|NULL
P/N (Part Number|부품 번호(部品番號|NULL
PA (Public Adress|선내 지령장치|NULL
PACKAGE BLASTING MACHINE|SET로 된 브라스팅기기|NULL
PANTING STRINGER|선수 / 선미 파도 대비 중재|NULL
PARAMETRIC ROLL|파라메트릭롤|복원성 취약 모드 중 하나이며, 추파의 진동수가 선체 횡요 진동수의 2배가 되는 경우, 시간에 따른 복원력의 변화가 외력처럼 작용하여 불안정을 유발하는 현상으로, 향파(마주 오는 파도) 항해 중의 컨테이너선, 로로 선 및 여객선이 취약성을 가짐
PART NUMBER|부품번호(MSC:MATERIAL SPECIFICATION CODE와 동의어)|NULL
PART(S) PER MILLION|100만분의 1(미소함유량의 단위)|NULL
PART(S) PER MINUTE|분당 회전수(측정 단위)|NULL
PBS (Push Button Switch|누름 단추스위치|NULL
PCB ( Printed Circuit Board|인쇄 회로기판|NULL
PCC(Pure Car Carrier|자동차 전용운반선|NULL
PCG (Productivity Control Group|생산성 관리단위|NULL
PCS|항만 커뮤니티 시스템|항만커뮤니티시스템(Port Community System)은 IPCSA(International Port Community Systems Association)에 의해 중립·개방형 전자플랫폼으로, PCS는 수출, 수입, 환적, 통합 위험화물, 해상통계 보고 등 항만 커뮤니티 내 긴밀하게 통합된 시스템을 제공하도록 설계된 기능을 갖춘 모듈식 시스템으로 싱글윈도우의 게이트웨이 역할을 하기도 함
PD (Power Distribution) Panel|동력배전반|NULL
PDCA|데밍사이클|PDCA (Plan-Do-Check-Act), 사업 활동에 있어 결과의 피드백을 통해 이를 수정해 나감으로써 생산 및 품질 등을 관리하는 방법임. 에드워드 데밍(Edward Deming)에 의해 고안되어 통상 데밍 사이클라고 칭함
PDCA (Plan-Do-Check-Act) Approach|계획/실시/점검/조치의 순환방식|NULL
PE : Pre Erection|프리 이렉션|선탑재 참조
PEAK INVERSE VOLTAGE|피크 역전압|NULL
PEEP HOLE [P.H]|화염관찰구멍|NULL
PENETRATION|관통|NULL
PERFORMANCE(BANK)GUARA|이행보증|NULL
PERFORMANCE(BANK)GUARANTEE|이행보증|NULL
PERIODICALLY UNATTENDED MACHINERY SPACE|DNV(노르웨이 선급) 무인화등급|NULL
PERT (Program Evaluation and Review Technique|공정관리 기법|NULL
PETROCHEMICAL FACILITY PROJECT|화공설비사업|NULL
PFOS|과불화옥탄술폰산|폼 소화장치의 소화제로 사용할 수 있나, 인체와 환경에 대한 잠재적 위험성이 커, 잔류성 유기 오염 물질에 관한 스톡홀름 협약에서 규제 필요한 물질로 등재됨. SOLAS Reg. II-2/10.4.1.3에서 할론과 함께 고정식 소화장치의 소화제로서 사용이 금지되어 있으며, 우리나라에서도 ‘소화제의 형식승인 및 제품검사의 기술기준’에서 소화제로 사용되지 않아야 할 것을 규정하고 있음
PFSO|항만보안책임자|Port of Facility security officer, 항만시설 보안계획서의 작성 및 승인신청, 항만시설의 보안 점검, 항만시설 보안장비의 유지 및 관리, 항만시설 종사자에 대한 보안교육 등 해당 항만시설의 보안과 관련된 전반적인 업무를 담당하는 사람으로 우리나라 국내법에는 국제항해선박 및 항만시설의 보안에 관한 법률 제23조(항만시설보안책임자)에 명시되어있음
PHASE DIFFERENCE|위상차|NULL
PHASE MODULATION|위상 변조|NULL
PHASE SHIFT KEYING|위상 편이 방식|NULL
PHOTO-ELETRIC DEVICE|광전장치|NULL
PHOTOCONDUCTIVE EFFECT|광도전 효과|NULL
PHOTOELECTFIC EFFECT|광전효과|NULL
PHOTOEMIS-SIVE EFFECT|광전자 방출효과|NULL
PHOTOVOLTAIC CELL|광전지|NULL
PHOTOVOLTAIC EFFECT|광기전 효과|NULL
PI (Performance Index)|성과지표|국제해사기구(IMO)는 총회에서 채택된 7개 전략 방향(Strategic Direction 1~7)과 관련, 향후 이에 관한 개선사항을 식별하고 정량적인 이행 정도를 평가하기 위해 40개의 성과지표(PI)를 선정
PI (pressure Indicator|압력 지시기|NULL
PIC ( Press. Indicating Controller|압력지시 제어기|NULL
PICO FARAD|용량 단위|NULL
PIEZO EFFECT|피에조 효과|NULL
PILOT HOUSE|조타실|NULL
PIPE ISOMETRIC DRAWING|배관설치도|NULL
PIPING AND INSTRUMENT DIAGRAM|배관 계장 계통도|NULL
PITCH|피치|NULL
PLANED MACHINERY SURVEY|예방 정비 계획 검사|NULL
PLANT DESIGN CONTROL SYSTEM|일정관리|NULL
PLANT DESIGN GENERAL SYSTEM|문서관리|NULL
PLANT PRODUCTION INFORMATION SYSTEM|작업관리|NULL
PLATE|판|NULL
PLATFORM|프렛폼|NULL
PLC (Programmable Logic Controller|프로그램가능 (可能) 논리제어기|NULL
PM (Preventive Maintenance|예방보전|NULL
PM (Productive Maintenance|생산보전(生産保全|NULL
PML (Pallet Material List|파레트 자재목록표|NULL
PMS (Power Management System|발전기 외적(外的) 제어 시스템|NULL
PND (Production Need Date|생산 소요일|NULL
PO(Purchase Order|자재 주문서|NULL
POINT FINAL INSPECTION|최종도장검사|NULL
POLAR CODE|극지 해역을 운항하는 선박에 대한 국제 코드|선박 운항의 안전성을 높이고, 멀리 떨어져 있으며 외부 영향에 취약하고 잠재적으로 혹독한 위험이 있는 극지 지역에서 인간과 자연환경에 대한 영향을 경감시키기 위해 현행 IMO 협약을 보완할 목적으로 제정한 기준으로 국제항해 여객선 및 동 여객선 이외의 총톤수 500톤 이상 국제항해 선박을 적용대상으로 함. 2015년 5월 채택, 2017년 1월 발효됨.
POLLUTER PAYS PRINCIPLE|공해 방지 설비에 대한 비용. 오염자 부담 원칙|NULL
POR (Purchase Order Request|자재주문 요구서|NULL
POROSITY|기공(작은 구멍)|NULL
PORTSIDE STARBOARDSIDE. AFT. FORE|좌현. 우현. 선미. 선수|NULL
POST|포스트|NULL
POST WELD HEAT|응력제거 후열처리|NULL
POST WELD HEAT TREATMENT|응력제거 후열처리|NULL
POST WELD HEAT TREATMENT|후열처리|NULL
POTABLE WATER TANK|식수 탱크|NULL
POTENTIAL TRANSFORMER|계기용 변압기|NULL
POWER ACTUATED PRESSURE RELIEF VALVE|동력 구동 압력 이완 밸브|NULL
POWER BRUSHING|동력공구를 사용해서 소제를(철판) 실시하는것|NULL
POWER FACTOR|역률|NULL
POWER GENERATOR|발전기|NULL
POWER OF ATTORNEY|위임장|NULL
PPB(Parts per Billion|십억분의 일(1/10억|NULL
PPM(Parts per Million|백만분의 일(1/100만|NULL
PQR LIST OF AUTOMATIC|PROCEDURE QUALIFICATION RECORD 적용No.|NULL
PQR LIST OF MANUAL|PROCEDURE QUALIFICATION RECORD 적용No.|NULL
PRACTICAL SPREADING RATE|사용 적정량|NULL
PRECISION MEASURING EQUIPMENT|정밀측정장치|NULL
PRESSURE HEAD|수두|손상 시 흘수선과 침수된 구획 또는 설비 간의 높이로써, 압력 시험을 실시하는 기준이 됨
PRESSURE SWITCH|압력 스위치|NULL
PREVATE ACTION REQUIREMENT|예방조치요구서|NULL
PRF)|항만수용시설|해양오염 방지에 관한 IMO 국제협약 및 이에 따른 자국의 해양오염방지법 내 항만수용시설 관련 규정에 근거하여 선박 및 해양시설에서 발생하는 폐기물(기름, 유해 액체 물질, 폐기물) 등을 저장할 수 있는 항만시설을 지칭함
PRINTED CIRCUIT BOARD|프린트 배선 회로용 기판|NULL
PRISMATIC COEFFICIENT|주형계수|NULL
PRIVATE AUTOMATIC BRANCH EXCHANGE|구내 자동 교환기|NULL
PROBABILISTIC STABILITY|확률론적 복원성|SOLAS에서 요구되는 손상 복원성 평가 방법으로, 모든 구획을 구분하여 발생할 수 있는 모든 손상조건을 검토 후, 확률적인 수치 계산을 통하여 복원성을 평가하는 방법
PROCEDURE QUALIFICATION REQUIRE|시공인정 기록서|NULL
PROCEDURE QUALIFICATION TEST RECORD|용접법승인 시험 기록서|NULL
PROCESS FLOW DIAGRAM|제조공정계통도|NULL
PROCESSES AND PRODUCTION METHODS|공정 및 생산 방식|NULL
PRODUCT CARRIER|석유제품운송선|NULL
PRODUCT LIABILITY|제조품 책임|NULL
PRODUCTION NEED DATE|생산소요요구일|NULL
PROFESSIONAL CADAM|EWS에서 운용되는 CADAM 시스템|NULL
PROGRESSIVE FLOODING|점진적 침수|어떤 구획의 침수상태가 다른 구획으로 퍼지는 상태를 의미하며, SOLAS에서는 A-CLASS 격벽 및 배관을 통한 점진적 침수를 단계별로 검토하도록 규정되었으며, 점진적 침수 단계 및 점진적 침수가 끝나는 최종 단계는 각각 다른 복원성 요구 조건을 규정
PROJECT|공사|NULL
PROJECT|프로젝트|NULL
PROJECT ENGINEER|프로젝트엔지니어|NULL
PROJECT MANAGEMENT|프로젝트관리|NULL
PROJECTOR AVAILABLE BALANCE|계획 재고수량|NULL
PROPELLER SHAFT SURVEY|프로펠라 축 검사|NULL
PROTECTION AND INDEMNITY CLUB|선주 책임상호보험조합|NULL
PROTECTIVE RATIO|보호비|NULL
PROTECTIVE RELAY|보호 계전기|NULL
PS (Postscript|추신(追伸|NULL
PS(Pressure Switch|압력 스위치|NULL
PS-LTE|재난안전통신망|PS-LTE (Public Safety-Long Term Evolution) LTE 기술을 활용한 국가 재난 안전 무선통신망
PSC|항만국통제|PSC(Port State Control), 외국 선박에 의한 해양사고 및 해양오염을 예방하기 위해 우리나라 항만에 입항한 외국 선박이 안전 관련 국제협약을 준수하고 있는지를 확인하는 선박 점검 활동 선박을 점검하여 국제안전기준에 미달하는 결함이 있는 선박은 결함 사항을 바로잡도록 조치하고, 만약 인명안전 및 해양오염에 영향을 미칠 수 있는 중대한 결함 사항이 있을 경우는 선박에 출항 정지 명령을 하여 결함 사항이 시정될 때까지 선박의 운항을 재개하지 못하도록 함. 항만국 통제는 아태지역, 유럽 지역 등 전 세계 지역별 협력체를 구성하여 국제안전기준을 준수하지 않는 기준 미달 선박의 지역 내 입항을 제재 < 출처: 울산항만공사 공식블로그 >
PSC (Port State Control|항만국(港灣國) 통제|NULL
PSC White List PSC Gray List PSC Black List|항만국통제 화이트리스트|항만국통제 기준 이행 여부에 따라 기항하는 선박의 선적국을 화이트리스트, 그레이리스트, 블랙리스트로 구분함. 블랙리스트 국가는 항만국통제 기준을 가장 많이 위반한 국가임. 2015년, 우리나라는 Paris MoU 평가에 의거 화이트리스트에서 그레이리스트로 단계가 하락된 이력이 있음.
PSCO|항만국통제관|PSCO(Port State Control Officer), 항만국통제(PSC) 검사를 수행할 수 있는 권한을 부여받은 항만 당국의 점검관으로 전 세계적으로 통상 항만 당국의 공무원이 수행하고 있음. 우리나라의 경우 지방해양수산청에서 PSC 업무를 담당함
PSI ( Pounds per Square Inch|압력단위 ( 1psi =1/14.22kg/cm2|NULL
PSMA|항만국 조치협정|PSMA (Port State Measures Agreement), PSMA는 불법, 비보고, 비규제 어업(IUU 어업) 의심 선박에 대한 입항 전·후 검사를 통해 IUU 어업 선박의 입항, 항만서비스의 사용 등을 제한하는 조치에 관한 협정임
PSPC|보호도장 성능 기준|Performance Standard for Protective Coating (PSPC) 선체 부식을 방지하여 유지보수를 용이하게 하고 선박을 양호한 상태로 유지하기 위한 선박 건조 시 보호 도장 성능 기준. 도장 횟수, 두께, 모서리 처리, 도장검사 요건 등을 규정
PSSA|특별민감해역|PSSA (Particularly Sensitive Sea Area), 국제해사기구(IMO)에서 지정한 생태학적으로 그리고 사회 경제 및 과학적으로 중요하고 민감하다고 판단되는 해역을 지칭함. 총회 결의서 Resolution A.982(24)를 통해 PSSA 식별과 지정에 관한 지침을 제정한 바 있음
PSW|항만싱글윈도우|항만싱글윈도우(Port Single Window)는 선박에 대해 현지에서 요구하는 수준의 정보를 당국(통상 하나의 항만국)에 제공하는 싱글윈도우 환경
PT (Press. Transmitter|압력 발신기|NULL
PT : Penetration (Liquid)Test|침투(액)탐상시험|구조물 표면의 미세결함을 찾기 위하여 침투력이 강한 유색(형광) 침투액을 도포한 후 닦아내면 잔류 침투액이 결함부에서만 표출되는 성질을 이용하여 결함의 유무를 판별하는 검사방법
PT : Penetration Test|피티|침투액탐상시험 참조
PT(Liquid Penetrant Test|침투 탐상시험|NULL
PT(Penetrant Test|액체침투탐상검사|NULL
PTO (Power-Take-Off|추진기관 동력분리 장치(動力分離裝置|NULL
PULSATING CURRENT|맥동 전류|NULL
PULSE AMPLITUDE MODULATION|펄스 진폭 변조|NULL
PULSE CODE MODULATION|펄스 부호 변조|NULL
PULSE DURATION MODULATION|펄스 지속 변조|NULL
PULSE FREQUENCY MODULATION|펄스 주파수 변조|NULL
PULSE NUMBER MODULATION|펄스수 변조|NULL
PULSE PHASE MODULATION|펄스 위상 변조|NULL
PULSE TIME MODULATION|펄스 시간 변조|NULL
PULSE WIDTH MODULATION|펄스 폭 변조|NULL
PUMP ROOM|펌프실|NULL
PUNCH CARD SYSTEM|천공 카드 시스템|NULL
PURCHASE ODER|자재주문서|NULL
PURCHASE ORDER|자재구매요구서|NULL
PURCHASE ORDER|주문(발주)|NULL
PURCHASE ORDER QUANTITY|주문 수량|NULL
PURCHASE ORDER REQUISITION|자재구매요구서|NULL
PURCHASE ORDER SPECIFICATION|자재 발주 사양서|NULL
PURCHASE REQUEST|구매 요구|NULL
PURCHASE REQUISION QUANTITY|구매 요구수량|NULL
PURCHASE SPECIFICATION|계약 사양서|NULL
PURCHASING POWER PARITY|구매력의 평가|NULL
PURE CAR CARRIER|자동차운송전용선|NULL
PURE LOSS OF STABILITY|순수 복원성 상실|복원성 취약 모드 중 하나이며, 선체가 파정(WAVE CREST)에 올라 선 순간 정역학적으로 복원정 길이가 축소되는 현상으로 추/항파(배 길이 방향 파도) 항해 중의 고속선, 모든 대형 선박에 취약성을 가짐
PURLIN|서까래도리|NULL
PWBS (Product Work Breakdown Structure|제품중심 작업 구분체계|NULL
PWT(Potable Water Tank|음용수 탱크|NULL
Packing Ring|패킹링|고리모양으로 된 패킹
Packing Stick|패킹경화|패킹이 어떤 원인으로 굳어져 압축에 의한 밀착성이 상실되는 것
Pad|겹판|NULL
Padding|살돋움|용접할 때 용융금속의 층을 두껍게 붙여주는 것
Paddle Steamer|외륜선|물레방아 모양의 외륜추진기를 양현이나 선미측에 장비한 선박
Padlock|자물쇄|NULL
Paint Dipping|침적도장(沈滴塗裝|NULL
Paint Scraper|페인트긁개|페인트칠을 긁어 내는 도구
Painter|페인터|선박을 안벽에 접안 또는 베끼리 매어둘 때, 또는 구명정 고정 등을 위하여 사용되는 밧줄
Panama Canal Signal Light|파나마운하신호등|파나마운하규정에 따라 선박이 야간에 운하를 지날 때 양현에 켜야하는 등기구
Panama Canal Tonnage|파나마운하톤수|파나마운하 통행료의 기준이 되는 파나마운하 규정에 따르는 톤수
Panama Chock|파나마촉|파나마운하 통행규칙에 맞게 달린 촉
Panamax B/C|파나막스(7만톤 B/C|NULL
Panel Fitting|패널공사|내장판을 붙이는 공사
Panel Line|평(平) 블록 라인|NULL
Panel Vibration|패널진동|평판이나 패널구조의 진동
Panel Work|패널작업|전기패널에 기구를 연결하는 작업
Panting|팬팅|배가 거친 바다 위를 항진할 때 물결이 선수부에 부딛쳐서 주는 국부충결
Panting Action|팬팅작용|팬팅으로 인한 충격작용
Panting Arrangement|팬팅구조|팬팅에 대하여 특별히 보강된 선수부 구조
Panting Stringer|팬팅종통재(縱通材|NULL
Pantry|식기/식품 대기실|NULL
Parachute Signal|낙하산붙이 신호|화약으로 공중발사하면 낙하산이 펴지며 매달린 불꽃이 천천히 떨어지며 빛을 보내는 신호기
Parallel Middle Body|선체중앙평행부|선체중앙부에서 단면이 일정한 부분
Parallel Middlebody|선체중앙 평행부|NULL
Parallel Running|병렬운전(竝列運轉|NULL
Paravane|파라베인|수중에 설치된 기뢰를 소거하는 데 사용되는 기구
Pareto Analysis|파레토 분석|심층 평가를 위하여 가장 큰 관심 대상을 확인하고 순위를 결정 하고자 역사적 정보를 이용하는 선별심사(screening) 기법
Paris Agreement|파리협정|교토의정서가 종료되는 2020년 이후의 기후변화 대응 체제를 설립한 협정으로 감축 의무를 부담하던 국가가 40여 개에 불과했던 교토의정서에서 모든 유엔기후변화협약 당사국이 감축 의무를 부담하며, 감축 목표를 온실가스 배출량이 아닌 지구 평균 온도 상승을 목표(산업화 이전과 비교하여 지구 평균 온도가 2℃ 이상 상승하지 않아야 하며, 1.5℃ 이상 상승하지 않도록 노력)로 함
Parkerizing|파커라이징|방청을 위하여 철강표면에 인산염 피막처리를 하는 것
Part A|A편(강제규정)|코드의 Part A는 선원이 갖추어야 할 최소능력에 대한 요건을 강제사항으로 규정함. 이는 표 형식으로 구체적으로 나타냄
Part Assembly|소조립|NULL
Part B|B편(권고지침)|코드의 Part B는 당사국과 당사자들이 협약을 이행, 적용 또는 시행하도록 돕는 권고적 성격의 지침임
Partial Joint Penetration : PJP|부분용입|이음부의 전체를 덮지 못한 불충분한 부분적인 용입
Partial Penetration|부분용입 용접|NULL
Participants|참석자|IMO 회의에 회원국을 대표하여 참석하는 대표단 리스트를 정보 문서 형식으로 매회의 공개함. 참석자의 직급은 아래와 같이 구분 영문 국문 1 Head of Delegation 수석대표 2 Representatives 대표 3 Alternates 교체대표 4 Advisers 자문가 5 Observer 옵저버
Partition Wall|칸막이 벽|NULL
Party|당사국|특정 협약을 체결, 가입 및 비준한 국가. 그리고, 국제간의 분쟁, 교역 등의 사건 및 조약에 직접 관계가 있거나 관계한 국가를 의미함
Pascal (1pascal =1Newton/sq. m|파스칼 (압력단위) (1 kPa=0.0102kg/cm2|NULL
Pass Sequence|패스순서|용접비드를 넣는 순서
Passageway|통로(通路|NULL
Passenger Liner|정기여객선|일정한 항로를 정기적으로 운항하는 여객선
Passenger Ship|객선|여객을 운송하는 배
Passenger Ship|여객선(旅客船|NULL
Passenger Ship Safety Certificate|여객안전증서|SOLAS에 가맹한 국가간 항해여객선에 발급되는 증서로 여객선이 안전규정에 합격되었음을 증명하는 것임
Passenger in transit|통과 승객|선박 또는 다른 운송수단에 의하여 외국으로 여행을 계속할 목적으로 외국으로부터 선박으로 도착한 승객
Passenger-cargo Ship|화객선|화물과 여객을 같이 실어 나르는 배
Passivation|반도체 칩 표면에 보호막을 씌움|NULL
Past Experiance|과거 경험(過去經驗|NULL
Patrol Boat|순시선|연안이나 항만경비를 위해서 순시하는 배
Patterner|목형공|목형을 만드는 기능원
Payback Period Method|자본회수 기간법|NULL
Peak Frame|피크늑골|선수미 피크탱크 안에 배치된 늑골
Peak Inverse Voltage|피크 역전압|NULL
Peak Tank|피크탱크|선수격벽 앞쪽과 선미격벽 뒤쪽에 설치된 탱크
Pearl Boat|진주채취선|진주조개를 채취할 목적으로 만든 배
Peel Off|박리(剝離|NULL
Peening|피닝|강관이나 주물 등의 날카로운 모를 따고 거친 표면을 다듬는 작업
Peening Hammer|피닝해머|피닝에 사용되는 해머
Pending|미결(未決)，보류|NULL
Pending|미결정의|NULL
Pendulum Impact Testing Machine|진자식충격시험기|진자식해머로 시험편을 쳐서 절단시키고 그 소실 에너지를 측정하는 시험기
Penetration|페네트레이션|용입 참조
Penetration Piece|관통(貫通) 피이스|NULL
Percussion Welding|방전 충격용접|축적한 전기적 에너지를 용접부에 공급하여 순간적 방전에 의한 용접부의 가열을 유도하고 동시에 또는 직후에 충격적 압력을 가하여 부재를 접합하는 용접
Perforated Plate|구멍난 부재판|NULL
Performance Test|성능 시험(性能試驗|NULL
Period of Pitching|피칭주기|피칭운동 주기
Period of Validity|유효기간(有效期間|NULL
Periodic Maintenance|정기 정비(定期整備|NULL
Periodical Survey|정기 검사(定期檢査|NULL
Peripheral Devices|주변 장치|NULL
Permanent Ballast|고정(固定) 발라스트|NULL
Permanent Means of Access (PMA)|상설접근설비|선박의 화물창의 높이가 높아 근접·정밀한 검사가 어려운 상황에서 문제점을 해소하기 위하여 접근할 수 있도록 계단, 발판, 사다리 등을 영구적으로 설치하여 근접검사가 쉽게 하는 검사용 설비를 지칭함
Permeability|침수율|침수구획에서 물이 차지한 용적과 나머지 용적의 비
Permiability|투수율|침수율과 같음
Permissible Delay|허용(許容) 인도지연|NULL
Permissible Length|허용길이|배의 어떤 부분에서 허용되는 수밀구획의 최대길이
Perpendicular|수 직(垂直|NULL
Personal Allowance|생리 여유(生理餘裕|NULL
Personnel Safety|인명 안전|NULL
Pertinent factors|관련 요소|NULL
Petty Officer|하사관|해군의 하사관
Phase Difference|위상차|NULL
Phase Modulation|위상 변조|NULL
Phase Shift Keying|위상 편이 방식|NULL
Photo Marking|광학마킹|축척된 필름을 확대시켜 투영하여 강판에 인화되게하는 마킹방식
Photo Marking|사진 마아킹|NULL
Photo Sensor|광전(光電) 센서|NULL
Photoconductive effect|광도전 효과|NULL
Photoelectfic effect|광전효과|NULL
Photoemis-sive effect|광전자 방출효과|NULL
Photovoltaic cell|광전지|NULL
Photovoltaic effect|광기전 효과|NULL
Physical location|데이터 저장위치|전자증서의 물리적 저장소(위치)를 말함. 선박의 하드 드라이버와 같은 저장장치 또는 원격데이터 소스(서버)를 의미함. 전자증서에 포함된 개인 정보에 접근할 수 있어야 하나, 발급기관의 개인정보 보호법에 접촉되지 않는 범위를 의미함
Pick-up Sensor|픽업 센서|NULL
Pico Farad|용량 단위|NULL
Pier Mooring|안벽계류|배를 안벽에 계류하는 것
Piezo Effect|피에조 효과|NULL
Piling Barge|파일링선|해저에 파일을 박는 장치를 갖춘 선박
Pillar and Girder Construction Prufile|필러거더구조도|①필러와 거더부분을 선체중심선에 따라 종방향으로 그린 단면도  ②빔을 받쳐주는 기둥으로 선창이나 갑판과 갑판 사이 또는 기관실 공간 등에 설치됨
Pilot Ladder|파이로트 레다|NULL
Pin Connection Device|핀연결장치|압선(Pusher)과 바지를 핀으로 연결하는 장치
Pin Jig Setting|핀지그 조정|NULL
Pinhole|핀 호올|NULL
Pinion|피니언|지름의 차가 큰 톱니바퀴의 맞물림에서 작은 쪽 바퀴의 호칭
Pinion Shaft|피니언축|피나언 기어가 달린 축
Pintle|핀틀|NULL
Pintle Cover|핀틀 카바|NULL
Pipe Band|파이프밴드|파이프를 고정하는 데 쓰는 속박밴드
Pipe Bender|관곡기|관을 굽히는데 사용되는 기계
Pipe Pulling Out Device|파이프인발장치|해저에 박아놓은 케이싱파이프를 뽑아내는 장치
Pipe Pushing-down Device|케이싱파이프삽입장치|케이싱파이프를 수직으로 해저에 박아주는 장치
Pipe Scaffolding|파이프발판|금속제 파이프를 세워서 만든 발판
Pipe Schedule (Pipe Sch.|파이프 호칭두께|NULL
Pipe Shop|파이프공장|파이프를 가공 조립하는 공장
Pipe Supporting Gear|파이프지지장치|케이싱파이프를 압입하거나 뽑아낼 때 지지해 주는 장치
Pipe Tensioner|파이프텐셔너|부설관이 수중에서 자중과 외력에 의하여 굽어 지는 것을 막기 위하여 적당한 장력을 주는 장치
Pipe Thread|파이프나사|주로 가스관의 연결에 사용되는 지름에 비하여 피치가 조밀한 나사
Pipe Wrench|파이프렌치|파이프를 잡아 손으로 돌릴 때 사용하는 공구
Piping Diagram|배관 계통도|NULL
Piping Diagram|배관계통도|선내의 배관을 계통(사용 용도)에 따라 나타낸 도면
Piping Work|배관공사|도면에 따라 관장치를 제작 설치하는 작업
Piping and Instrument|배관 계장 계통도|NULL
Piracy|해적|민간 선박(항공기 포함)의 선원이나 승객이 다른 선박에 대하여 사적 목적으로 행하는 불법적 폭력, 억류 또는 약탈행위이며 공해상 또는 국가 관할권이 속하지 않는 곳에서 발생한 것. 해적선으로 활동하는데 협조한 행위, 그리고 상기 행위를 의도적으로 방조한 모든 행위를 말함
Piston|피스톤|왕복동기관이나 펌프의 실린더 안에서 왕복운동을 하는 원반 또는 원통형 부품
Piston Cooling Oil Pump|피스톤냉각유펌프|피스톤에 냉각유를 보내주는 펌프
Piston Cooling Water Pump|피스톤냉각수펌프|디젤기관의 피스톤에 냉각수를 보내주는 펌프
Piston Displacement|피스톤행정체적|피스톤의 단면적과 행정을 곱한 용적
Piston Horn|피스톤혼|전동기로 피스톤을 고속왕복시켜 소리를 내는 장치
Piston Pump|피스턴 펌프|NULL
Piston Ring|피스톤링|실린더 내벽과 피스톤 사이의 기밀을 유지하기 위해 피스톤의 둘레에 끼워주는 탄력고리
Piston Ring Tensioning Tool|피스톤링착탈공구|피스톤 링을 빼거나 끼울 때 사용하는 공구
Piston Rod|피스톤롯|피스턴과 크로스헤드를 연결하는 봉
Piston Seizing|피스톤용착|윤활유 부족이나 불순물로 인해 피스톤과 실린더가 움직이지 않고 달라 붙은 상태
Piston Spring|피스톤스프링|피스톤 링을 실린더 내벽에 밀착시켜 주기 위해 링과 피스톤 사이에 끼우는 스프링
Piston Valve|피스톤밸브|실린더 밸브 시트에 적합한 모양의 원통형 밸브
Pit|핏트|용접 도중에 용융금속과 기체공간이 표면으로 튀는 현상 때문에 용접부위의 표면에 나타난 작은 구멍
Pitch|피치|NULL
Pitch Circle|피치원|서로 맞물린 톱니바퀴의 중심간 거리를 이빨수의 비율로 나눈 점을 지나고 톱니바퀴의 중심을 중심으로 하는 원
Pitch Gauge|피치게이지|나사의 피치를 측정하는 기구
Pitch Template|피치형판|프로펠러의 주형를 만들 때 사용하는 형판
Pitching|피칭|선체의 가로수평축 둘레의 회전운동
Pitchometer|피치계|프로펠러 날개의 피치를 실측하기 위한 기구
Pitting|점식|국부적인 부식에 의하여 표면에 파인 구멍
Pitting Corrosion|점식(點蝕|NULL
Pivot Bearing|피벗베어링|회전축의 축심을 뾰족한 원추형의 쇠붙이로 받쳐 주는 베어링
Plain Trolley|평트롤리|레일 위를 바로나 거꾸로나 달려 이동할 수 있는 바퀴달린 차
Plan Approval|도면 승인(圖面承認|NULL
Plan Bracket|평면브래킷|두 부재의 연결부에 부착되는 보강용 삼각평판
Plan Sailing|평면항법|지구 표면을 평면으로 보고 배의 위치를 계산하는 항법
Plan Scarf|평면스카프|두 부재의 연결부를 비스듬히 깎아 맞추어 접합시키는 이음
Plan View|평면(平面)보기|NULL
Planimeter|면적계|도형의 둘레를 따라 돌려서 그 면적을 계산하는 기계
Planing Machine|평삭기계|고정된 절삭날 밑으로 공작물이 테이블에 고정되어 테이블이 왕복하면서 공작불의 표면을 절삭하는 공작기계
Planned Maintenance system|계획 정비제도|NULL
Planning and Scheduling|계획및 세부일정계획 수립|NULL
Planomiller|평삭밀러|대형 공작물을 테이블에 고정하여 왕복운동을 하게 하면서 절삭칼날로 공작물의 상면과 측면을 절삭하는 기계
Plant Barge|플랜트바지|플랜트를 답재 장착한 바지
Plant Design Control|일정관리|NULL
Plant Design General System|문서관리|NULL
Plant Production|작업관리|NULL
Plasma Arc Cutting|플라스마 아크절단|NULL
Plasma Arc Process|플래즈머 아크 공법|전극과 모재사이에 플래즈머 아크를 발생시켜 이때의 열로 모재를 접합하거나 절단하는 방법
Plastic Deformation|소성변형|소성에 의해서 하중이 제거된 뒤에도 그대로 남아 있는 변형
Plate Keel|평판용골|선저의 중심선에 붙은 두꺼운 종통 외판재
Plate Stem|판선수재|강판을 굽혀서 만든 선수재
Plate Straightning Roller|판펴기롤러|판의 변형을 교정하여 바르게 펴주는 롤러장치
Platen|정 반|NULL
Platform|프렛폼|NULL
Platform Deck (P/F Dk|중간갑판(中間甲板|NULL
Plating|도금|금속표면에 다른금속을 얇게 입히는 것
Pleasure Boat|유람선|유람용으로 쓰이는 배
Plenary|본회의|사전상 의미로써 본회의 또는 전체회의를 지칭함. IMO 회의에서는 본 회의장에서 개최되는 회의를 의미하며, 본 회의장 외의 장소에서 개최되는 작업반(Working Group) 회의에서는 ‘Plenary’ 명칭을 사용하지 않음
Plimsoll's Line|만재 흘수선|NULL
Plotter|플로터|어떤 물리량의 변동을 곡선으로 그려주는 장치
Plowing|머리박기|뱃머리가 파도를 뚫고 전진하는 것
Pltform Deck|플랫폼갑판|상갑판 아래의 갑판 중 강도계산에 들지 않고 다만 화물적재의 선반역할을 하는 갑판
Plug Thread|플러그나사|살돋움나사와 같음
Plug Weld|플러그 용접|겹쳐 놓은 두 부재를 접합하기 위하여 한쪽 부재에 뚫어 놓은 구멍을 용접으로 채우는 방법
Plug Welding|플러그 용접|NULL
Plumb Line|추선|추를 매달아 연직선을 재는 줄
Plumbing Fixture|배관취부품|NULL
Plummer Block Bearing|중간축 베어링|NULL
Plunger|플런저|피스톤과 비슷한 긴 원통형 부품
Plunger Pump|플런저펌프|실린더 내에서 플런저가 왕복하는 구조의 펌프
Plus Thread|살돋움나사|볼트의 나사가 원살보다 튀어 올라와 있는 나사
Pnel Breaker|패널브레이커|배전반 등에 붙은 회로차단기
Pneumatic Motor|공기압(空氣壓) 모터|NULL
Pneumatic Plant|압축공기설비|압축공기를 만드는 설비
Pneumatic Tube Fire Alarm System|공기관식 화재경보장치|방화구역 천장에 작은 공기관을 설치하고 화재로 인한 공기팽창을 감지하여 경보를 내는 장치
Pnumatic Riveter|공기 리베터|압축공기를 이용하여 리벳의 머리모양을 형성해 주는 데 쓰이는 공구(공기 해머의 일종)
Poke Welding|손누름점용접|손잡이로 누르면서 하는 점용접
Poker-Type Gauge|포우커 게이지|NULL
Polarity|극성(極性|NULL
Polluter Pays Principle (PPP)|오염자부담원칙|"""환경을 오염한 자에게 그 비용을 부담시킨다는 원칙으로 3P 또는 PPP로 줄여서 부르기도 함. 그 배경은 1972년 경제협력개발기구 (OECD)에서 채택한 """"환경정책의 국제 경제적 측면에 관한 지도원칙""""으로 권고된 오염자 지불 원칙에 따른 것으로, 환경오염 물질을 배출한 자가 오염으로 인해 발생하는 피해 비용 모두 지불하게 하는 것임"""
Polyethylene Coating|폴리에틸렌 코팅|NULL
Polyurethane|폴리우레탄|NULL
Pontoon Bridge|부교|상자형 부유물의 상면에 마루를 깔아놓은 보도 또는 다리
Pontoon Type Hatch Cover|폰툰해치커버|일정한 크기의 상자형 덮개로 배의 데릭이나 크레인의 도움으로 여닫도록 되어있음
Pool fire|액체 표면 화재|저장 탱크 또는 대기상에 노출된 개방 탱크 등에서 발생하는 가연성, 인화성 액체의 화재
Poop|선미루|선미부 상갑판 위에 설치된 선루
Poop Deck|선미루(船尾樓) 갑판|NULL
Poop Deck|선미루갑판|선미루 위에 덮인 갑판
Poppet Pressure|포핏압력|진수중 포핏에 걸리는 압력으로 선수포핏의 압력은 선미부양이 시작될 때 최대가 됨
Poppet 【|항해】침목(枕木)(진수(進水)할때배밑을받치는|NULL
Porosity|기공(氣孔|NULL
Porosity|포로시티|다공성 참조
Porpoising|포포이징|활주형고속정에 발생하는 주기적인 종동요
Port|좌현|배를 타고 선수를 향할 때 왼 쪽의 뱃전(현)
Port Facility Security Officer (PFSO)|항만시설 보안책임자|총괄보안 책임자, 선박 보안책임자와 교신하며, 항만시설 보안 계획을 개발하고 시행 및 유지, 보수하는 책임자임
Port Facility Security Plan (PFSP)|항만시설 보안계획서|보안의 위협으로부터 항만시설 내의 항만 설비, 선박, 인명, 화물 등을 보호하기 위해 조치 사항을 개발하고 적용하는 계획서임
Port Hand Buoy|좌현부표|하천이나 해협에서 수로를 알려주는 부표로서 배가 부표를 왼쪽에 두고 따라 가도록 표시됨
Port State|항만국|항만국이란 기본적으로 항만을 지닌 국가를 의미하며, 항만국은 다양한 국제협약 하에 특정 권리와 의무를 지님. 또한, 선박·항만이 어떤 권리를 행사하는 데 관련 국제협약에 따라 항만국에 추가적인 의무가 부과될 수 있음
Port of Destination|행선항|주어진 항해의 마지막 도착항구
Port of Discharge|양륙항|선적화물을 하역하는 항구
Port of Distress|피난항|선박이 항해 중 위급상황에서 임시로 정박하는 항구 또는 정박지
Port of Entry|통관항|세관이 설치되어 있는 항구
Port of Loading|적재항|화물을 싣는 항구
Port of Registry|선적항|선박 국적증서상에 표시된 등록항구
Port of Registry|선적항(船籍港|NULL
Port-MIS|항만운영정보시스템|Port-MIS (Port-Management Information System) 국내 28개 무역항에 대해 항만운영업무 및 민원업무를 종합적으로 처리하기 위한 시스템 – 홈페이지: https://new.portmis.go.kr/
Portable Dredger|조립식준설선|조립식 소형 펌프준설선
Portable Explosion Meter|휴대용가스탐지기|기름탱크 등 밀폐된 공간의 폭발성 기체농도를 측정하는 휴대용 계기
Portable Fire Extinguisher|휴대식소화기|선박의 통로나 기관실 등에 비치되는 운반 가능한 소형 소화기
Portable Tank|소형(少形)탱크|NULL
Portable Type|휴대식(携帶式|NULL
Portable Type Magnetic Compass|휴대식자기컴퍼스|구명정 등에 비치하는 휴대 가능한 자기컴퍼스
Portal Crane|문형(門形) 크레인|NULL
Position Measuring Device|선위측정장치|선박의 위치측정장치
Post Heating|후열 처리(後熱處理|NULL
Post-Panamax|포스트 파나막스|NULL
Post-Weld Stress Relieving|용접응력 제거|NULL
Post-heating|포스트히팅|후열 참조
Post-heating|후열|용접열의 급속한 냉각으로 인한 금속재질의 악영향을 줄이기 위해 용접 후에 적당한 온도와 시간으로 가열을 지속하는 것
Potable Water Tank|식수(食水) 탱크|NULL
Potential Hazard|잠재적(潛在的) 위험|NULL
Potential Transformer|계기용 변압기|NULL
Potentiometer|전위차계(電位差計|NULL
Pounding|파운딩|배가 항주중에 피칭으로 인하여 선수부 바닥이 해면을 치는 현상
Pour Point|유동점(流動點|NULL
Powder Metallurgy|분말 야금(粉末冶金|NULL
Power Actuated Pressure|동력 구동 압력 이완 밸브|NULL
Power Factor|역률|NULL
Power Factor|역율(力率|NULL
Power House|동력실|동력 또는 증기발생에 필요한 장비 등을 갖춘 곳
Power Panel|동력반(動力盤|NULL
Power Plant|동력장치|동력 또는 증기발생에 필요한 장비 등을 총칭함
Power Pump|동력펌프|동력전달을 위한 압력유체를 얻는 펌프
Pre-Contract Negotiation|계약전(契約前) 협의|NULL
Pre-Erection (P.E|선행탑재(先行搭載|NULL
Pre-Erection Outfitting PE|의장(艤裝|NULL
Pre-Sighting|선행 축심투시|NULL
Pre-Trial Conference|시운전 관련회의|NULL
Pre-bending Pipe|선곡(先曲) 관제작|NULL
Pre-heating|프리히팅|예열 참조
Pre-springing|탄성역변형|부재가 사용될 때 생기는 변형과 반대방향의 변형을 인위적으로 미리 주는 것
Precautions in Use|사용상 주의사항|NULL
Precise Echo Sounder|정밀측심기|음파반사를 이용하여 정밀하게 수심을 측정하는 장치
Precise Ship Posiyion Measuring|정밀선위측정장치|육상에서 떨어진 거리를 전파 등으로 계측하여 선박위치를 정밀하게 측정하는 장치
Precision Measuring Equipment|정밀계측 기기|NULL
Prefabricated Section|선행제작 부재|NULL
Prefabricated Unit|선행제작 유니트|NULL
Preferential Trip|선택적(選擇的) 정지|NULL
Preheating|예 열(豫熱|NULL
Preheating Flame|예열불꽃|가스절단에서 절단을 용이하게 하기 위하여 미리 가열시키는 불꽃
Preliminary Design|초기설계(初期設計|NULL
Preliminary Planning|초기계획(初期計劃|NULL
Preliminary Trial|예행시운전|공식시운전 이전에 실시하는 비공식시운전
Premature Wear|조기 마모(早期磨耗|NULL
Preoutfitting|선행 의장(先行艤裝|NULL
Preservation Design|방식설계(防蝕設計|NULL
Press-to-talk System|프레스투토크방식|누름버튼에 의해 송수신을 바꾸는 상호통화방식
Pressure Controller|압력 조절기|NULL
Pressure Gauge|압력계|압력 측정장치의 총칭
Pressure Head|압력수두|어떤 점에서의 압력의 크기를 수두의 높이로 나타낸 것
Pressure Log|압력로그|피토관의 압력에 의해 배의 속도와 항해거리를 측정하는 장치
Pressure Regulator|압력 조절기|NULL
Pressure Regulator|압력조정기|가스용접이나 절단시에 사용되는 가스의 압력을 일정하게 유지하기 위하여 사용되는 압력조절장치
Pressure Strength|압축강도|재료에 압축하중을 가하여 시험편이 파괴되는 순간에 도달한 최대응력
Pressure Tank|압력 탱크|NULL
Pressure Test|압력시험|압력용기나 관 등 압력을 받는 기계부에 정해진 압력에 견디는지를 압력을 가하여 시험하는 것
Prevate Action Requirement|예방조치요구서|NULL
Prevent Reoccurance|재발 방지(再發防止|NULL
Prevention of Pollution|오염방지(汚染防止|NULL
Prime Mover|원동기(原動機|NULL
Primer|그림벽 등의)애벌칠 재료|NULL
Principal Particulars|주요항목|배의 크기와 성능 등을 나타내는 가장 기본적인 항목들
Principal Stress|주응력|한 점에 작용하는 응력성분 중 전단응력이 없는 면에 작용하는 법선응력
Principal factors|주요 요소(主要要所|NULL
Principle of the exclusivity of the flag State|기국주의|선박의 기국(Flag State) 관할권에 따른다는 견해로서, 특히 공해에서의 선박에 대한 것을 의미함. 국제법에 따라 정해진 특별한 경우를 제외하고 공해에서의 선박은 그 국기(Flag)를 달고 있는 국가의 권력 이외의 권력에는 따르지 않는다는 원칙임
Printed Circuit Board|프린트 배선 회로용 기판|NULL
Priority|우선순위|5년마다 사무국은 표준훈련과정을 검토하여 협약을 잘 반영하고 있는지 확인함. 또한, 개정되는 경우 반영하여 우선순위에 따라 분류 후 기구에 제출함. 우선순위는 총 4개(우선순위 1~4)로 구성됨 우선순위 1 IMO 협약 제·개정에 따라 요구되는 모델코스 우선순위 2 협약 개정 및 기술 변화로 변경이 요구되는 모델코스 우선순위 3 협약 개정 및 기술 변화로 많은 변경이 요구되는 모델코스 우선순위 4 개발 5년 이내로 별도의 변경이 요구되지 않는 모델코스 
Priority Action Item|우선조치 사항|NULL
Prismatic Coefficient|주형계수|선체의 배수용적을 그 흘수의 최대횡단면적과 같은 단면적을 가지며 배의 길이와 같은 길이의주상체 체적으로 나눈 값
Prismatic Coefficient|주형비척계수|주형계수와 동일
Private Automatic Branch|구내 자동 교환기|NULL
Prize|나포선|강제로 잡혀온 배
Problem Areas|문제 분야(問題分野|NULL
Problem-solving Team|문제해결(問題解決)팀|NULL
Procedure Qualification|시공인정 기록서|NULL
Process Analysis|공정 분석(工程分析|NULL
Process Chart|공정 도표(工程圖表|NULL
Process Control|공정 관리(工程管理|NULL
Process Flow|공정 흐름|NULL
Process Lane|프로세스 레인|NULL
Process Planning|공정 계획(工程計劃|NULL
Procurement Information|구매 정보(購賣情報|NULL
Procurement Lead Time|조달기간(調達期間|NULL
Producibility|생산 용이성(容易性|NULL
Product Carrier|석유제품운반선|각종 석유제품을 실어 나르는 배
Product Mixing|혼류(混流) 생산방식|NULL
Production Control|생산 관리(生産管理|NULL
Production Drawing|생산도면|NULL
Production Engineering|생산 기술(生産技術|NULL
Production Flow Analysis|생산흐름 분석|NULL
Production Planning|생산 계획(生産計劃|NULL
Production Technology|생산기술(生産技術|NULL
Productive Time|생산 시간|NULL
Productivity Improvement|생산성 향상|NULL
Productivity Parameter|생산성지표|NULL
Profile Cutting|형강재(型鋼材) 절단|NULL
Progressive Speed Trials|점증(漸增)속력시운전|NULL
Projecrion Weld|돌기용접|모재 접합면에 돌기를 만들고 상대방 모재와 겹쳐 전류를 통한 저항열에 의하여 가압접착시키는 용접방식
Project Completion Report|프로젝트완료 보고서|NULL
Project Underway|진행중인 프로젝트|NULL
Project for the Future|향후 프로젝트|NULL
Projection|투영|물체에 평행투시광선을 빚추어 반대편 평면에 나타나는 영상
Projection Welding|프로젝션 용접|금속부재간의 접합 장소에 돌기부를 형성시켜 여기에 전류와 압력을 가하여 비교적 적은 전류로 접합하는 일종의 저항용접
Projector|투광기|광원에서 발산되는 광선을 평행하도록 모아 멀리까지 가도록 한 조명기구
Projector|환등기|광원을 이용하여 작은 원도나 사진을 큰 스크린에 확대하여 비추는 광학기기
Projector Compass|프로젝터컴퍼스|기준자기컴퍼스의 방위위치를 다른 곳에서도 볼 수 있게 해 주는 광학장치를 지닌 컴퍼스
Prominade Deck|산책갑판|여객의 산책과 운동 등을 위해 마련된 갑판
Proof Mark|검인|배의 기기류와 기타 비품 등을 검사하여 합격된 것을 표시하는 마크
Propeller Blade|프로펠러날개|프로펠러의 추력을 내는 날개모양의 부분
Propeller Blade Root|프로펠러날개뿌리|프로펠러 날개의 허브와 달린 부분
Propeller Blade Section|프로펠러날개단면|프로펠러 날개의 ?주방향 단면
Propeller Blade Thickness|프로펠러날개두께|프로펠러의 각 단면에서 나타나는 최대두께
Propeller Blade Tip|프로펠러날개끝|프로펠러 날개의 맨끝단
Propeller Blade Width|프로펠러날개폭|프로펠러 각 단면을 평면으로 전개했을 때의 폭
Propeller Boss Casting|프로펠라 보스측(側) 주물부|NULL
Propeller Clearance|프로펠러여유공간|프로펠러 날개 끝과 선체간의 여유간격 또는 덕트와의 간격
Propeller Diameter|프로펠러지름|프로펠러 날개 끝이 회전하면서 그리는 원의 지름
Propeller Disc Area|프로펠러전원넓이|프로펠러 원반 넓이와 동일
Propeller Efficiency|프로펠라 효율|NULL
Propeller Experiment in Open Water|프로펠러단독시험|프로펠러를 선체에 달지 않고 프로펠러만 실시하는 모형시험
Propeller Induced Exciting Foece|프로펠러기진력|프로펠러의 회전에 대한 유체의 반작용과 프로팰러 추진력의 변동 등에서 기인하는 기진력
Propeller Leading Edge|프로펠러앞날|배가 전진할 때의 프로펠러 회전방향의 앞쪽 가장자리
Propeller Nut|프로펠러너트|프로펠러를 프로펠러 축에 조여서 고정시켜 주는 너트
Propeller Removing Device|프로펠러방출장치|프로펠러축의 콘부분에 삽입된 프로펠러를 유압잭 등을 이용하여 빼내주는 장치
Propeller Shaft Bearing|프로펠러축 베어링|프로펠러축을 지지하는 베어링으로 선미관과는 별도로 앞쪽에 위치함
Propeller Shaft Withdrawal Device|프로펠러축 발출장치|프로펠러 축을 축관(Stern Tube)에서 뺄 때 사용되는 기구
Propeller Thrust|프로펠러추력|프로펠러 회전에 의해 발생하는 추진력
Propeller Tip Clearance|프로펠러팁클리어런스|프로펠러 여유 공간과 같음
Propeller-hull Vortex Cavitation|프로펠러-선체소용돌이캐비테이션|불연속적으로 선체표면까지 연장되는 프로펠러날개끝 소용돌이 캐비테이션
Propepeller Warning Signal Light|프로펠러주의등|프로펠러의 존재를 알리기 위하여 선미에 매다는 빨간색 등기구
Proportional Action|비례동작(比例動作|NULL
Propulsion|추진|물체를 밀어서 움직이게 하는 것
Propulsion Auxiliary Machinery|추진보기|주기를 구동하는 데 직접 필요한 보조기계
Propulsive Efficiency|추진 효율(推進效率|NULL
Propulsive Efficiency|추진효율|주기관의 유효동력과 추진장치에 전달된 동력의 비
Prospects for the Future|향후 전망(向後展望|NULL
Protection Cover|승선자보호커버|구명정 탑승자를 보호하는 커버
Protection Zinc|보호 아연(保護亞鉛|NULL
Protective Coatings|보호피막|표면의 오손이나 부식을 방지하기위해 입히는 금속 또는 비금속 피막
Protective Cover|보호 카바|NULL
Protective Deck|방어갑판|포탄이나 폭발물의 파괴력을 견디도록 두껍게 설치한 갑판
Protective Ratio|보호비|NULL
Protective Relay|보호 계전기|NULL
Protocol|의정서|기본적인 문서에 대한 개정 또는 보충적인 성격을 띠는 조약에 사용 예) 한·루마니아 경제 과학 기술협력 협정개정 의정서 (2005), 제네바 협약에 대한 추가 및 국제적 무력 충돌의 희생자 보호에 관한 의정서 (1949)
Protocol|의정서(議定書|NULL
Protocol|프로토콜|장치들 상호간의 원활한 데이터 송수신을 위해서 미리 규정해 놓은 장치간의 통신상 규약
Proton Magnetometer|프로톤자력계|지자기를 측정하는 계기
Prototype|원형(原型|NULL
Prototyping|프로토타이핑|개발대상물의 전체나 일부분에 대하여 실제와 같이 동작하는 모델을 미리 구성하는 시스템 개발방식
Provision Crane|프로비젼 크레인|NULL
Provision Store|식량창고|선내 식량 중 냉동품 이외의 식량을 저장하는 창고
Provision(Prov.) Store|식량창고(食糧倉庫|NULL
Provisional Classification Certificate|임시(臨時) 선급증서|NULL
Provisional Classification Certificate|임시선급증서|선급증서가 발급되기 전에 선급에 등록되었음을 증명하는 선급증서
Proximity Switch|근접(近接) 스위치|NULL
Public Space|공공 장소|NULL
Public authorities|공공기관|FAL 협약 부속서에 포함된 표준과 권고된 관행의 어느 형태에 관계되는 당해 국가 법령의 적용과 시행에 대하여 책임을 지는 국가기관이나 국가공무원
Pull the Precut Cable|케이블 포설(선행절단된|NULL
Pulley|풀리|로프나 벨트를 걸어 돌리는 바퀴
Pulsating Current|맥동 전류|NULL
Pulse Amplitude Modulation|펄스 진폭 변조|NULL
Pulse Code Modulation|펄스 부호 변조|NULL
Pulse Duration Modulation|펄스 지속 변조|NULL
Pulse Frequency|펄스 주파수 변조|NULL
Pulse Number Modulation|펄스수 변조|NULL
Pulse Phase Modulation|펄스 위상 변조|NULL
Pulse Time Modulation|펄스 시간 변조|NULL
Pulse Width Modulation|펄스 폭 변조|NULL
Pulsed Arc Welding|펄스 아크용접|불활성가스 아크용접에서 전류를 맥동으로 흐르게 하면서 진행하는 용접
Pump|펌프|유체의 압력을 변화시키는 기계장치
Pump-jet|펌프제트|프로펠러면에 유입되는 유속을 줄여주는 덕트가 달린 추진장치
Punch|펀치|공작물에 충격이나 압력을 가해 구멍을 뚫어주는 공구 또는 장치
Punch Card System|천공 카드 시스템|NULL
Punching Machine|펀칭머신|재료에 펀치를 눌러 구멍을 뚫어주는 기계
Punkah Louver|펀카 루우브르|NULL
Punkah-louvre|펑커루버|통풍덕트 출구에 붙어 풍량을 조정하는 조리개장치
Purchase Specification|계약 사양서|NULL
Purchased Products|구매품(購賣品|NULL
Purifier|청정기(淸淨機|NULL
Purifier Fuel Oil Heater|청정기연료유가열기|청정기에 공급되는 연료유를 가열하는 기기
Purifier Lubricating Oil Heater|청정기윤활유가열기|청정기에 공급되는 윤활유를 가열하는 기기
Purifier Room|기름청정기실|청정기실과 같은 뜻으로 기름청정기가 모여있는 공간
Purser|사무장|선박내 사무직 총책임자
Putty Pump|퍼티펌프|틈새를 퍼티로 메꿀 때 퍼티를 밀어내주는 펌프
Pyrometer|고온 온도계|NULL
QA(Quality Assurance|품질보증(고객중심|NULL
QC(Quality Control|품질관리(기업중심|NULL
QCV (Quick Closing Valve|신속차단 밸브|NULL
QISSP (Quality and Inspection Standards for Ships Painting|선체도장 품질및 검사 기준|NULL
QM(Quality Management|품질경영|NULL
QUADRATURE AMPLITUDE MODULATION|직교 진폭 변조|NULL
QUALIFIED WELDER LIST|유자격용접사명단|NULL
QUALITY ASSURANCE|품질보증|NULL
QUALITY ASSURANCE|품질보증규정|NULL
QUALITY ASSURANCE|품질보증절차서절차로구성되어있음 .|NULL
QUALITY ASSURANCE MANUAL|품질보증규정|NULL
QUALITY ASSURANCE PROCEDURE|품질보증절차서절차로구성되어있|NULL
QUALITY ASSURANCE SYSTEM|품질 보증 시스템|NULL
QUALITY CONTROL|품질관리|NULL
QUALITY MANAGEMENT|품질경영|NULL
QUANTITY|수량|NULL
QUANTITY OF LIGHT|광량|NULL
QUANTUM ELECTRO DYNAMICS|양자 전자기학|NULL
Quadrature Amplitude|직교 진폭 변조|NULL
Qualification Test|자격 시험(資格試驗|NULL
Qualified Products List|인정품목표|NULL
Qualitative risk assessment|정성적 위험성 평가|사건의 발생확률과 사건에 의한 인명, 환경 또는 재산의 피해 정도를 양이 아닌 특성으로 평가하는 기법으로 시스템에 미치는 특정 위험과 위험 응답의 중요성을 결정할 수 있음
Quality Assurance Certificate|품질보증 인증서|NULL
Quality Assurance System|품질 보증 시스템|NULL
Quality Circle|품질관리 분임조|NULL
Quality Control|품질관리(品質管理|NULL
Quality Control and Inspection of|품질관리 및 검사|NULL
Quality Deficiency Report|품질결함 보고서|NULL
Quality Evaluation|품질평가(品質評價|NULL
Quality Standard|품질기준(品質基準|NULL
Quantitative risk assessment (QRA)|정량적 위험성 평가|전체 시스템에서 모든 위험 요소에 의한 위험도를 정량적으로 분석하는 방법. 대상은 인명, 환경 및 재산 등이며, 이 중에서 인명에 대한 정량적 위험도 평가를 가장 중요하게 다룸
Quantity (Q'ty|수량(數量|NULL
Quantity of light|광량|NULL
Quantum Electro Dynamics|양자 전자기학|NULL
Quarantine Light|검역등|검역 중임을 표시하는 등으로 홍등과 백등을 상하로 달아 사용함
Quarantine Port|검역항|국제항로에서 입항선박에 대한 검역을 실시할 수 있는 항구
Quarter Deck|선미갑판|선미부의 상갑판
Quartermaster|조타수|조타장치의 조작과 정비에 종사하는 갑판선원
Quartermaster|조타수(操舵手|NULL
Quay Crane|안벽크레인|하역 등 안벽작업에 사용하기 위해 안벽을 따라 설비된 크레인
Quenched Steel|담금강|담금처리하여 강화된 철강
Quenching|담금질|변태온도나 포화용해온도 이상으로가열된 금속을 정해진 속도로 냉각시켜 원하는 성질의 조직을 얻기 위한 열처리방법
Quotation|견적(見積|NULL
Qusrantine Boat|검역선|전염병 전파를 방지하기 위하여 해상검역활동을 하는데 이용되는 선박
R & D (Research and Development|연구 개발(硏究開發|NULL
RADAR : Radio Detecting and Ranging|레이더|마이크로파를 발산하여 물체에 부딛혀 반사하는 전파를 수신하여 물체를 식별하고 그 방위와 거리를 추정하는 장치
RADIO DIRECTION FINDER|무선 방위 측정기|NULL
RADIO DIRECTION FINDER|무선방향 탐지기|NULL
RADIO FREQUENCY|무선 주파수|NULL
RADIO INFLUENCE FIELD|무선 유도계|NULL
RADIO MAGNETIC INDICATOR|무선 자기 방위 지시장치|NULL
RADIOGRAPH TEST|방사선투과검사|NULL
RADIOGRAPHIC TEST|방사선투과검사|NULL
RB (Round Bar|원형봉|NULL
RCC|구조조정본부|RCC (Rescue Co-ordination Center), MCC로부터 수신한 조난신호를 바탕으로 구체적인 수색구조 작업을 수행하는 본부
RDF (Radio Direction Finder|무선방향 탐지기|NULL
RE-QUALIFICATION TEST|재자격 시험|NULL
REACTIVE CURRENT|무효 전류|NULL
REACTIVE POWER|무효 전력|NULL
REACTOR START MOTOR|리액터 시동 전동기|NULL
REAL ACTIVITY NUMBER|생산단위별 생산일정에 소요자재를 연결시키기 위한 수단|NULL
REAL TIME CONTROL FACILITY|실시간 처리기능|NULL
RECEIVING INSPECTION|입고검사체크리스트|NULL
RECEIVING INSPECTION CHECK LIST|입고검사체크리스트|NULL
RECEIVING QUANTITY|입고 수량|NULL
RECORD OF WELDER|용접사자격인정기록서|NULL
RECORD OF WELDER QUALIFICATION|용접사자격인정기록서|NULL
RECORDER|기록계|NULL
REDUCED LUMEN OUTPUT|감광|NULL
REDUCTION GEAR|감속 기어|NULL
REDUCTION OF AREA|단면 수축율|NULL
REEFER CONTAINER MONITORING SYSTEM|냉동 컨테이너 감시장치|NULL
REFERENCE|참조|NULL
REFUSE DERIVED FUEL|폐기물재생연료|NULL
REGENERATIVE BRAKING|회생 제동|NULL
REGISTER OF ITALIANO|이탈리아 선급협회|NULL
REGISTERED|공인전문기술자|NULL
REGISTERED PROFESSIONAL ENGINEER|공인전문기술자|NULL
RELATIVE HUMIDITY|상대 습도|NULL
RELAY|계전기|NULL
RELIEF VALVE|릴리프 밸브|NULL
RELIEF VALVE|이완변|NULL
RELUCTANCE|자기 저항|NULL
REMOTE TERMINAL UNIT|원격 조정반|NULL
REMPEC|지중해 지역 해양오염 비상대책센터|REMPEC (Regional Marine Pollution Emergency Response Centre for the Mediterranean Sea), 현장관측 자료, 인공위성자료, 수치예측모델을 연계한 지중해 운용 해양 네트워크를 운용하고 있으며, 이에 기반으로 해양오염 대비·대응을 위한 지역협력을 수행함. 1976년, Regional Oil Combatting Centre(ROCC) 명칭으로 설립되었다가 1989년 현재 명칭으로 변경
REORDER LEVEL QUANTITY|재발주점 수량|NULL
REQUEST DELIVERY DATE|인도(입고) 요구 일자|NULL
REQUEST TO SEND|송신 요구|NULL
RESEARCH AND DEVELOPMENT|연구 및 개발|NULL
RESISTANCE BULB|구저항으로 온도에 따라 저항치가 변함|NULL
RESISTOR CONDENSER TRANSISTOR LOGIC|저항 콘덴서 트랜지스터|NULL
RESISTOR TRANSISTOR LOGIC|저항 트랜지스터 논리회로|NULL
REVISION|개정|NULL
REVOLUTION PER MIN|회전속도 슬립 ( 전동기 )|NULL
REVOLUTION PER MINUTE|분당 회전수(측정 단위)|NULL
RINA(Registro Italiano Navale|이탈리아 선급(船級|NULL
RIPPLE CURRENT MOTOR|맥동 전동기|NULL
RIPPLE FACTOR|맥동율|NULL
RO|대행기관|RO(Recognized Organizations), 주관청이 대한민국 선박 및 국적취득조건부나용선 등 대한민국 선박과 동등한 자격의 외국 선박을 대상으로 선박의 검사업무(검사 및 증서발급 등에 관한 업무)를 대행기관이 주관청을 대행하여 시행
RO/RO (Roll-On/Roll-Off) Ship|로로 선(船|NULL
ROI (Return on Invest|투자회수율|NULL
ROOM|방|NULL
ROOT MEAN SQUARE VALUE|실효값|NULL
ROOT MEANS SQUARE|RMS (교류의 정격 출력 계산 방법)|NULL
ROTATING FIELD|회전 자계|NULL
ROTOR|회전자|NULL
ROUND BAR|둥근막대기 , 환봉 .|NULL
ROUND BAR|봉강|NULL
ROUND WELDING|돌림 용접|NULL
ROV (Remotely Operated Vehicle|무인잠수정|NULL
RPB (Remote Start/Stop Push Button|원격시동／정지(停止) 스위치|NULL
RPM (Revolutions per Minute|분당(分當) 회전수|NULL
RPM : Revolution per Minute|분당회전수|회전기계의 분당 회전수
RR|무선통신규칙|RR (Radio Regulation), 국제전기통신협약에 따른 무선통신 규칙
RROOT-MEAN-SQUARE|평균값|NULL
RS (Russia Register of Shipping|러시아 선급(船級|NULL
RT (Radiographic test|방사선 투과검사|NULL
RT : Radiographic Test|방사선투과시험|금속구조물 내부의 결함을 찾기 위하여 방사선(엑스선 또는 감마선)을 투과시켜 촬영하여 그 결과로 검사하는 방법
RT : Radiographic Test|알티|방사선투과시험 참조
RUSSIA REGISTER OF SHIPPING|러시아 선급협회|NULL
Rabbet|래빗|후판과 박판을 접합할 때 한 쪽 표면이 일치하도록 두꺼운 쪽을 따내고 겹쳐 끼워 접합하는 방법
Rachet Wrench|래치트 렌치|NULL
Racing|공전|배의 동요로 프로펠러가 물위에 떠서 갑자기 빨리 도는 현상
Racing|공전(空轉|NULL
Rack|래크|원둘레가 아닌 평면 위의 톱니바퀴
Radar Mast|레이더 마스트|NULL
Radar Mast|레이더마스트|레이더의 스캐너(Scsnner)를 설치하는 특수목적의 마스트
Radial Boat Davit|레이디얼보트대빗|대빗을 회전시켜 보트를 현 바깥쪽으로 내는 형식의 보트대빗
Radial Drilling Machine|레이디얼드릴링머신|원통형 기둥을 타고 오르내리는 드릴링머신이 장치된 공작기계
Radiator|방열기|열을 발산시키는 장치의 총칭
Radiator|방열기(放熱器|NULL
Radio Activity Fire Extinguishing System|방사선화재방지장치|방사능물질에 의해 연기를 탐지하는 화재경보장치
Radio Beacon Station|무선표시국|방향측정이 쉬운 무선표식을 송신하는 무선국
Radio Detection Finder Station|무선방위탐지국|전파의 방향탐지를 주 목적으로 하는 무선국
Radio Direction Finder|무선 방위 측정기|NULL
Radio Frequency|무선 주파수|NULL
Radio Influence Field|무선 유도계|NULL
Radio Log|무선일지|무선국에서 송수신기록과 무선장치의 상황 등을 기록하는 일지
Radio Magnetic Indicator|무선 자기 방위 지시장치|NULL
Radio Room|무선실(無線室|NULL
Radio Wave System|속력계측 전자장비|NULL
Radiograhp|방사선사진|방사선검사에 사용되는 사진
Radiography|방사선 사진법|NULL
Radius End (Rad. End|반경 끝단|NULL
Radius of Action|행동반경|연료보급 없이 주어진 속도로 항해할 수 있는 최장거리
Radius of Curvature|곡율반경(曲率半徑|NULL
Radom|레이돔|레이더 안테나장치를 눈비나 바람으로부터 보호하기 위한 덮개
Rail Gate|레일중간의 문(門|NULL
Rain and Snow Clutter|눈비클러터|레이더 전파가 눈과 비에 반사되어 목표물이 흐려지는 현상
Raised Deck|융기갑판|전선루갑판과 동의어
Raised Quarter Deck|저선미루갑판|저선미루의 갑판
Raked Stem|경사 선수(傾斜船首|NULL
Ram|램|적함에 돌진하기 위해 함정 선수에 뾰죽하게 튀어나오도록 한 부분. 충각
Ram Bow|램선수|전함의 수면하부에 돌출시킨 램을 장착한 선수
Ram Type Steering Gear|램타입 조타장치|NULL
Range of Tide|조석차|밀물과 썰물의 해면높이의 차
Rat Guard|쥐막이|육상의 쥐들이 계류로프를 타고 선내로 오지 못하도록 로프에 끼우는 방패
Rate of Return on Investment|투자이익률 법|NULL
Rated Current|정격 전류(定格電流|NULL
Rated Output|정격출력|제작자가 보증하는 사용한도를 출력으로 표시한 것
Rated Pressure|정격압력(定格壓力|NULL
Ratification|비준|정부 대표가 서명한 조약을 조약체결권자 또는 조약체결권자로부터 비준의 권한을 위임받은 자가 확인함으로써 그 조약에 대한 국가의 기속적 동의를 최종적으로 표시하는 행위를 지칭함. 비준 의사의 표시는 양자조약의 경우는 비준서 교환으로, 다자조약의 경우는 비준서 기탁으로 행해짐
Rating|부원|선장 또는 해기사가 아닌 성원의 일원을 말함
Raw Material|원자재(原資材|NULL
Raychem|레이캠|NULL
Re-Coating Interval|재도장 (시간)간격|NULL
Re-Qualification Test|재자격 시험|NULL
Reach-rod|리치 로드|NULL
Reaction Rudder|반동타|프로펠러 후류의 회전방향과 반대로 꼬이게 만든 타
Reaction Turbine|반동(反動) 터어빈|NULL
Reaction Turbine|반동터빈|증기의 반동과 충동작용에 의해 모터를 회전시키는 방식의 터빈
Reactive Current|무효 전류|NULL
Reactive Power|무효 전력|NULL
Reactor|원자로|원자의 핵분열 연쇄반응을 적당히 제어하여 지속적으로 반응하게 하는 장치
Reactor Start Motor|리액터 시동 전동기|NULL
Real Time Control Facility|실시간 처리기능|NULL
Reamer Bolt|리머볼트|두 끝의 직경이 미세하게 다른 경사면을 갖는 볼트
Reamer Bolt|리이머 볼트|NULL
Receiving Inspection|입고 검사(入庫檢査|NULL
Reception facilities|수용시설|선박으로부터 배출되는 선박평형수 또는 침전물을 수용하는 시설을 말하며, 선박평형수 또는 침전물의 저장, 육상양육 또는 수용시설에서 직접 처리 후 해양으로 배출할 수 있는 시설임.
Reciprocating Engine|왕복동(往復動) 기관|NULL
Recklessly|무모한 행위(무모하게)|무모한 행위는 고의와 과실의 중간영역에 형성되어 있다고 볼 수 있음. 무모한 행위의 법률적 의미에 대해서는 학설상 중과실선, 인식 있는 중과실선, 미필적 고의설 등이 있음 만약, 자신의 결정으로 인해 갑판적 화물에 손해가 발생할 개연성이 있음을 인식하면서도 이를 피하기 위한 조처하지 않고 갑판적을 결정하는 마음 상태가 필요하다고 본다면, ‘인식 있는 중과실’로 이해할 수 있음 이 경우 책임 제한 배제 사유가 되어 운송인은 책임 제한을 할 수 없음
Reclaimer Barge|리클레이머선|흙운반선의 토사를 리클레이머로 양륙하는 선박
Recorder|기록계|NULL
Recoverde Oil Storage Container|회수기름저장컨테이너|해면에서 회수한 유분을 저장하는 컨테이너
Red Lead|광명단|NULL
Red Light|홍등|해상충돌예방을 위하여 사용하는 적색발광 등기구
Red Side Light|좌현등|해상충돌예방법에 따라 배의 좌현에서 앞으로 비추는 적색 등
Reduced Work in High Places|고소작업 감소|NULL
Reduced lumen output|감광|NULL
Reducer|리듀서|관의 지름이 서로 다른 두 개를 연결할 때 사용하는 이음관으로 양끝의 직경이 서로 다르게 됨
Reducing Flame|환원염|가스염에서 외염과 연심 사이의 빛이 강하게 나타나는 부분의 불꽃
Reducing Valve|감압 (減壓)밸브|NULL
Reduction Gear|감속 기어|NULL
Redundancy|여분(餘分|NULL
Reefer Container Monitoring System|냉동(冷凍) 컨테이너 감시 장치|NULL
Reefer Vessel|냉동 운반선|NULL
Referance Ship|참고선|선박 기본설계시의 참고가 되는 기존 선박
Reference (ref.|참조(參照|NULL
Reference Plane|기준면(基準面|NULL
Reference Point|기준점(基準點|NULL
Reference drawing|참고도면(參考圖面|NULL
Reflagging|선적국(船籍國) 변경|NULL
Refractory material|내화재(耐火材|NULL
Refrigerant|냉매(冷媒|NULL
Refrigerated Cargo Carrier|냉동(냉장)운반선|화물의 냉동(냉장)상태를 유지하면서 운송하는 전용선
Refrigerated Cargo Vessel|냉동 화물선|NULL
Refrigerating Container Ship|냉동컨테이너선|냉동컨테이너를 운반할 수 있도록 화물창에 전원설비 등을 갖춘 컨테이너선
Refrigerating oil|냉동유(冷凍油|NULL
Refuse Collection|쓰레기 수집|NULL
Refuse Furnace|쓰레기 소각로|NULL
Regenerative Braking|회생 제동|NULL
Regenerative Cycle|재생사이클|열기관에 공급된 증기 중 일부를 팽창 도중에 추출하여 급수의 가열에 사용함으로써 효율을 높인 사이클
Regional Action Plan on Marine Litter (RAP MALI)|해양 쓰레기 지역실천계획|NOWPAP 회원국들은 해양 쓰레기 저감 및 수거를 위해 노력해옴. 회원국들은 정부 및 지방정부 차원에서 해양 쓰레기 오염 예방, 모니터링 및 수거 활동들을 수행하도록 권장했으며, 이에, 해양 쓰레기 지역실천계획(RAP MALI)을 수립
Regional Fisheries Management Organization (RFMO)|지역수산관리기구|정해진 지역의 수산자원 보존과 지속적인 이용을 위해 설립된 국제기구로서, 2001년 12월 유엔공해 어족보존협정이 채택된 이후 지역 수산관리기구는 단순히 양적으로만 증가했을 뿐만 아니라 어업관리 권한도 실질적으로 크게 강화됨
Register Tonnage|등록톤수|NULL
Registration|등록|선박이 선급단체에서 내항성 등을 인정받아 인증을 획득하는 절차
Registration of ships|선박등록|국제적으로 선박을 소유하게 되면 선박을 등기·등록 또는 등록 또는 등기를 해야 함. 우리나라는 선박 등기와 등록으로 이원화되어 있는 바, 여기서 선박 등기는 선박에 관한 사적인 권리관계를 공시하는 기능을 수행하고, 선박등록은 선박 항행의 전제 요건으로서 해상의 질서를 유지 감독하고 해사 행정의 편의를 위하여 이루어지고 있음. 세계적으로 미국, 영국, 네덜란드 등은 등록 일원주의를 취하고 있고, 독일, 노르웨이, 이탈리아 등은 등기 일원주의를 취하고 있으며, 한국, 프랑스, 일본 등은 등기와 등록을 모두 요구하는 이원주의를 취하고 있음  우리나라 선박법에 따르면 한국 선박의 소유자는 선적항을 관할하는 지방해양수산청장에게 해양수산부령으로 정하는 바에 따라 선박을 취득한 날부터 60일 이내에 그 선박의 등록을 신청하여야 함. 이 경우 「선박등기법」 제2조에 해당하는 선박은 선박의 등기를 한 후에 선박의 등록을 신청하여야 함. 선박등기법 제2조(적용범위)에 따르면 총톤수 20톤 이상의 기선(機船)과 범선(帆船) 및 총톤수 100톤 이상의 부선(艀船)에 대하여 선박등기법이 적용되며, 다만, 선박법 선박계류용·저장용 부선에 대하여는 적용하지 아니함. 선박의 등기는 등기할 선박의 선적항을 관할하는 지방법원, 그 지원 또는 등기소를 관할 등기소로 함. 선박의 등록은 선적항을 관할하는 지방해양수산청장에게 신청하여야 함
Regular Time|정규시간 근무|NULL
Regulation|규정(規定|NULL
Regulator|조절기|운동이나 흐름 등을 조정하거나 평형시키는 장치
Regulatory Scoping Exercise (RSE)|규정 적용 범위 분류작업|MSC는 자율운항선박 도입으로 IMO 협약 중 해상안전, 해양환경, 인적 요인 등에 미칠 수 있는 영향을 파악하여 협약 내 잠재적인 개정이 필요한 부분을 식별하는 작업을 진행 중. 이에 다루고 있는 협약들은 다음과 같으며, RSE는 두 단계 절차를 통해 진행됨 • Safety and maritime security (SOLAS) • Collision regulations (COLREG) • Loading and stability (Load Lines) • Training of seafarers and fishers (STCW, STCW-F) • Search and rescue (SAR) • Tonnage measurement (Tonnage Convention); Safe Containers (CSC) • Special trade passenger ship instruments (STP)  < 1단계 > < 2단계 > 관련 IMO 협약 내 MASS 운용에 필요 또는 방해되는 규정을 식별  식별한 규정에 관한 통일해석 개발 등 MASS 운용을 위한 협약 제·개정
Rehardening Filter|경수화장치겸 여과기|NULL
Reinforced Structure|보강구조|선체구조에서 강도가 약해진 곳이나 국부적으로 큰 하중이 걸리는 부분 등에 강도를 높여준 구조
Reinforcement|보강(補强|NULL
Relative Emergence|상대건현|운동중인 선박의 선수에서 임의의 순간에 계측한 건현
Relative Humidity|상대습도(相對濕度|NULL
Relative Speed|상대속력|물체 A에 고정한 좌표에 의하여 물체 B의 속도를 측정하는 것
Relative Wind Velocity|상대풍속|배에 대한 상대적인 바람의 속도
Relay|계전기|NULL
Release Existing Seam Weld|기존용접부 절개|NULL
Reliability|신뢰성|주어진 기간 및 환경 조건에서 주어진 기능을 수행할 확률. 즉, 시간의 측면에서 본 품질로서 일정 기간 주어진 기능을 원활하게 수행할 수 있는 제품의 능력을 의미함
Reliability|신뢰성，신뢰도|NULL
Relief Valve|도출(逃出) 밸브|NULL
Relief Valve|이완변|NULL
Relief valve|릴리프 밸브|NULL
Reluctance|자기 저항|NULL
Remidial Action|수정조치(修正措置|NULL
Remnant Control|잉여재(剩餘材) 관리|NULL
Remote Control|원격 제어(遠隔制御|NULL
Remote Control System Operation Test|원격조종장치 작동시험|기관실 주기 등의 제어를 기관제어실이나 선교로 전환하여 원격조종이 제대로 되는지를 확인하는 시험
Remote Indication|원격지시(遠隔指示|NULL
Remote Operated Valve|원격조정 밸브|NULL
Remote Operator|원격운항자|자율운항선박의 원격제어시스템으로부터 수신한 정보를 관리하며, 최종적으로 선박 운항에 관한 사항을 지휘 및 통제하는 자로서, 기존의 선장과 선원의 역할을 대신함. 향후 원격운항자의 명확한 정의를 비롯하여 역할과 법적 지위 등에 관하여 IMO 차원에서 논의할 예정임
Remote Terminal Unit|원격 조정반|NULL
Remotely Controlled System|원격제어시스템|원격제어시스템은 선박과 선박 또는 육상과 선박 간에 정보를 공유하거나, 필요한 경우, 직·간접적으로 운항에 참여가 가능한 시스템을 지칭함. 선박은 운항에 대한 세부적인 정보를 주변 선박과 실시간으로 공유함으로써 잠재적 위험 요소를 사전에 식별하여 대비하고, 또한 육상의 전문 인력과 첨단 기술을 활용하여 선박의 안전성과 경제성을 확보할 수 있음
Renewal of Piping|배관 신환(配管新換|NULL
Renovation|개장(改裝|NULL
Reorder Point|재주문점(再注文點|NULL
Repair Dock|수리독|선박의 수리를 목적으로 하는 독
Repair Welding|보수 용접(補修熔接|NULL
Repair of Defect|결함(缺陷)의 수리|NULL
Repatriation of seafarers|선원의 송환|선박소유자는 선원이 거주지 또는 선원 근로 계약의 체결지가 아닌 항구에서 하선하는 경우에는 선박소유자의 비용과 책임으로 선원의 거주지 또는 선원 근로 계약의 체결지 중 선원이 원하는 곳까지 바로 송환하여야 함. 다만, 선원의 요청에 따라 송환에 필요한 비용을 선원에게 지급할 때는 그러하지 아니함. 송환을 위한 선박소유자가 부담할 비용은 송환 중의 교통비, 숙박비, 식비 및 기타비용을 말함. 그러나, 선박소유자는 선원이 정당한 사유 없이 임의로 하선한 경우, 선원이 하선 징계를 받고 하선한 경우 및 기타 단체협약, 취업규칙 또는 선원 근로 계약으로 정하는 사유에 해당하는 경우에는 송환에 든 비용을 선원에게 청구할 수 있음
Repetitive Aspects|반복 측면(反復側面|NULL
Replacement Parts|대체 부품(代替部品|NULL
Representative Concentration Pathway (RCP)|대표농도경로|2010년 개발되어 IPCC AR5(제5차 평가보고서)에 적용되었으며, 인위적 활동이 대기에 미치는 복사량으로 온실가스 농도를 정함. 하나의 대표 복사강제력에 대해 여러 가지 사회-경제 시나리오가 될 수 있다는 의미에서 “대표 (Representative)”, 온실가스 농도 변화는 시간에 따라 달라짐을 강조하기 위하여 “경로 (Pathway)” 라는 용어 사용 RCP2.6 (또는 3PD) 2100년 이전 약간의 감소세를 보이며 복사강제력은 3W/㎡에서 정점 인간 활동에 의한 영향을 지구 스스로가 회복 가능한 경우 421ppm RCP4.5 2100년 까지 돌출경로(정점 후 감소) 없이 4.5W/㎡ 안정적 도달 온실가스 저감 정책이 상당히 실현되는 경우 538ppm RCP6.0 2100년 이후 돌출경로(정점 후 감소) 없이 6.0W/㎡ 안정적 도달 온실가스 저감 정책이 일부 실현되는 경우 670ppm RCP8.5 2100년에 8.5 W/㎡에 도달하기 위해 복사강제력 경로 지속적 증가 현재 추세(저감 활동 없음)로 온실가스가 배출되는 시나리오 936ppm
Request To Send|송신 요구|NULL
Required EEDI|EEDI 허용값|선박의 건조 연도에 따라 해당 선박이 만족해야 하는 EEDI 값으로서, ’99~’09년까지 건조된 선박들의 선종별 EEDI 평균에 감축률을 적용한 기준값임. EEDI 허용 값은 건조 연도에 따라 단계적으로 강화되며, Phase 0(건조 연도 ’13~’14년) 0%, Phase 1(건조 연도 ’15~’19년) 10%, Phase 2(건조 연도 ’20~’24년) 20%, Phase 3(건조 연도 ’25~’30년) 30% 이상 감축하여야 함
Rescue Boat|구조정|해상조난 구조용 소형선박으로 자항능력과 의장품을 갖추고 있음
Rescue Boat|구조정(救助艇|NULL
Rescue Ladder|구조용사다리|화재선에서 탈출하거나 진압을 위하여 접근할 때 사용되는 사다리
Rescue boat|구조정|조난된 사람을 구조하고, 또한 생존정을 인도하는 등, 해상에서 위험에 처해 있는 인명을 구조하기 위한 수단으로 사용하는 단정
Research Vessel|해양 관측선|NULL
Reservation|유보|다자조약 체결 시(서명·비준·가입·승인 또는 수락) 행하는 선언으로, 그 조약 내의 특정조항의 법적 효력을 자국에 대하여 배제, 제한·변경하기 위한 조치를 의미
Residual Stress|잔류응력(殘留應力|NULL
Residuary Resistance|잉여저항|선체의 저항에서 마찰저항으로 정의될 수 있는 부분을 제외한 나머지 저항성분
Resiliant Mount|탄성지지|장비의 진동이 구조물에 전달되는 기진력 요소나 구조물에서 장비로 전달되는 진동을 줄이기 위한 장비지지방식
Resilient Mounting|탄성설치(彈性設置|NULL
Resin Chock|장비seat용 수지|NULL
Resistance Brazing|저항납땜|재료에 전류를 흘려 전기저항열을 발생시켜 이 열로 납땜하는 방법
Resistance Test|저항시험|선체의 저항을 측정하는 (모형)시험
Resistance Welding|저항용접|용접부에 큰 전류를 보내 접촉저항에 의한 발열로 용융상태가 되면 압력을 가하여 접착하는 용접방식의 총칭
Resistor Condenser|저항 콘덴서 트랜지스터|NULL
Resistor Transistor Logic|저항 트랜지스터 논리회로|NULL
Resolution|결의서|국제기구 및 기관이 대내·외적으로 실행하는 어떠한 의사표명의 완성된 문서를 지칭함. 결의서는 성격에 따라 구속력을 가질 수도 있지만, 대부분 권고적 효력을 지님. 단, 다양한 국제기구의 총회 결의서는 국제관습법 성립을 위한 증거가치로 중요한 역할을 함
Resonance|공징|고유진동수와 외력에 의한 강제진동수가 일치할 때 발생하는 심한 진동으로 진폭이 최대가 됨
Resonance Vibration|공진(共振|NULL
Resource Allocation|자원분배(資源分配|NULL
Resource mobilization and partnerships|자원 마련 및 협력|IMO는 회원국의 자발적 기부로 이루어진 기술협력 기금의 의존을 탈피하고 보다 안정적인 기술협력 자금 마련을 위한 활동으로 “Resource mobilization and partnerships” 활동을 수행함
Response|응답|외부의 자극에 대한 계의 반응
Responsibility and Authority|책임과 권한|NULL
Restoring Force|복원력|외력에 의해서 평형에서 벗어난 물체가 스스로 원상태로 돌아가고자하는 힘
Restoring or Righting Moment|복원모먼트|배가 외부모먼트에 의해서 초기평형상태가 깨졋을 때 스스로 초기상태로 돌아가고자 하는 모먼트
Restrected Water|제한수로|항해가 제한되는 수로
Restricted Maneuver Light|조종성능제한선등|충돌예방규정에 의하여 조종성능을 제한하는 작업중인 선박이 다른 선박에 보이도록 표시하는 백색과 홍색의 전주등
Resultant Force|합력|두 개 이상의 작용력을 하나로 합친 힘
Retest|재시험(再試驗|NULL
Return Bend|리턴벤드|180도로 굽힌 파이프이음
Reusable|재사용(再使用) 가능|NULL
Revenue Cutter|세관감시선|밀수단속을 위하여 항만이나 해안에서 감시하는 선박
Reverse|역전|정상에 대하여 반대방향으로 운전(회전)하는 것
Reverse Buoyancy|예비부력|만재흘수선 위쪽의 수밀부분 용적
Reverse Frame|부늑골|이중저구조에서 늑판 밑에 붙여지는 형재
Reverse Power Relay|역전력 계전기|NULL
Reverse Spiral Maneuvering Test|역나선형조종시험|선회각속도가 일정하게 타를 틀어 배의 선회안정성을 조사하는 시험
Reversed Polarity|역극성|직류아크용접에서 모재를 음극으로 하는 접속법
Reverser|리버서|물분사추진장치에서 물의 분사방향을 반대로 돌려 역추진하게하는 장치
Reversibility|가역성|어떤 하나의 체계가 다른 상태로 바뀌었다가 역으로 원상태로 돌아올 수 있는 성질
Reversible Engine|역전기관|역전장치 없이 역전이 가능한 기관
Reversing Clutch|역전클러치|주축의 회전방향은 바뀌지 않고 연동축의 방향만 반대로 바꿔 주는 장치
Reversing Gear|역전장치|회전이나 전진운동의 방향을 반대방향으로 변환시커주는 장치
Reversing Test|역전시험|기관의 역전성능시험
Review Group|검토그룹|과정 개발자에게 제공된 개발 지시사항에 따른 모델코스의 내용을 검토하고, 전문위원회(sub-committee)에 제출되기 전 표준훈련 과정(안)에서 발견된 문제점들을 검토하는 그룹. 검토그룹에는 관심 있는 회원국을 포함하며, STCW 협약 당사국과 NGO(비정부 기구)에 제한되지 않고, 해사 산업계, 해사 훈련기관, 선원대표 및 관련 전문기관을 포함함. 통신작업 형태로 수행됨
Review of Drawing|도면 검토(圖面檢討|NULL
Revised Budget|수정 예산(修正豫算|NULL
Revised IMO GHG Strategy|개정 전략|초기전략은 선박 온실가스 감축을 위한 국제해사기구의 의지와 목표를 담고 있으나 선언적인 결의안일 뿐 구체적인 감축 수단은 합의되지 못함. 초기전략에 포함되지 않은 구체적인 감축 수단과 연도별 온실가스 감축 계획 등을 개정 전략에 포함할 예정이며 개정 전략은 2023년(MEPC 80th)까지 개발하여 채택할 예정
Revolution Counter|적산회전계|축의 회전수를 적산하여 지기하는 계기
Revolution Counter|회전수누적계|회전기계의 축 회전수를 적산하는 계기
Revolution Telegraph|회전수텔레그래프|프로펠러 축 회전수를 지시하는 통신기기
Revolution per min|회전속도 슬립 ( 전동기 )|NULL
Rework|재작업(再作業|NULL
Rheostat|가감 저항기|NULL
Rider Keelson|라이더부용골|대형복제선에서 종강도를 높이기 위해 킬 위에 붙이는 킬슨
Rider Plate|라이더 판|NULL
Rider Plate|라이더판|목선에서대용골 위에 붙여지는 수평 종판재
Rigger|줄매기공|줄매기장치를 만드는 기술자
Rigging Fittings|리깅용 부속품|NULL
Rigging Plan|줄매기장치도|줄매기장치를 했을 때의 모양을 상세하게 나타낸 도면
Rigging Screw|리깅스크루|줄당김나사와 동의어
Right Handed Propeller|우회전프로펠러|배 뒤에서 보았을 때 시계방향으로 도는 프로펠러
Rigid Liferaft|고형구명뗏목|고체형 부유체로 만들어진 구명뗏목
Rimmed Steel|림드강|용강을 잉곳으로 만들 때 용강내의 가스가 기포를 형성하여 잉곳 내부에 남도록 한 강
Ripple Current Motor|맥동 전동기|NULL
Ripple Factor|맥동율|NULL
Rise of Floor|선저 구배(船底勾配|NULL
Risk|위험도|사건의 위험한 정도를 일컬으며 발생 빈도와 발생시 피해 규모의 조합으로 표시. 발생 빈도와 피해 규모를 정량화하기 어려운 경우, 각각 정성적(예 : 고, 중, 저)으로 표현하고 두 요소를 조합하여 위험의 크기를 결정
Risk Assessment|위험성 평가|위험도 해석(risk analysis) 결과에 대해 사회적, 경제적, 환경적 측면의 위험도 허용기준(risk acceptance criteria)에 기초한 판단을 내리는 과정
Risk Management|위험도 관리|위험도를 낮추기 위하여 위험 요소 파악, 위험도 산정, 안전 대책 수립, 잔존 위험도의 평가, 관련 기록의 보관, 관련 조직의 구성 및 감사 활동 등을 포함하는 경영 및 안전관리 활동
Risk-based Approaches (RBA)|위험도 기반 접근법|분석대상의 안전도나 위험도 평가에 있어서 통계적이고 확률적인 기법을 적용하는 접근 방법. 즉, 인명, 재산 및 환경오염 등에 대한 목표 위험도를 설정하고, 이 위험도를 달성하기 위한 설계를 수행하는 기법
River Gunboat|하천포함|하천경비에 전적으로 사용되는 포함
Riveterer|리벳공|리베팅기능을 갖는 기능공
Ro-Ro Passenger ship|로로 여객선|Roll on/Roll off Vessel로 차나 트럭으로 화물을 선박 안으로 바로 실었다 나를 수 있는 여객선을 일반적으로 말하며, 로로 화물구역 또는 1974 SOLAS 협약에 정의된 특별한 종류의 구역이 있는 여객선을 말함
Ro-ro space|로로구역|선박에서 차량, 트레일러, 컨테이너 등과 같은 화물을 통상 수평 방향으로 적재하는 화물구역을 지칭함
Ro/Ro : Roll-on / Roll-off System|롤온/론오프 방식|로로선 참조
Rock Breaking Weight|쇄암용 중추|해저 암석을 부수기 위한 봉모양의 중량물
Rock Cutter|쇄암선|해저의 암석을 부수는 작업을 하는 배
Rock Drilling Barge|착암선|해저 바위에 구멍을 뚫을 수 있는 장비를 갖춘 바지형 선박
Rocket Signal|로켓신호|화약으로 쏘아올린 후 낙하산이 퍼지면서 불꽃이 오래 타면서 공중에 불빛신호를 보내는 신호방법
Rocket Signal|화전|화약으로 쏘아 올려지면 공중에서 폭발하여 붉은 색 연기를 내주는 구명신호탄
Rocking Bar|로킹바|창구덮개를 눌러 고정하기위해 건너지르는 막대
Roll|압연|반대로 회전하는 두 롤러사이에 소재를 끼워 롤러의 압축력에 의하여 소재를 원하는 두께나 모양으로 뽑아내는 소재가공방식
Rolled Steel|압연강(壓延鋼|NULL
Roller|롤러|물체이동이나 회전시의 마찰을 줄이기 위해 운동체 사이에 끼우는 원주형굴름막대
Roller Bend Test|롤러 굽힘시험|일정 간격으로 축이 고정된 두 롤러 위에 얹힌 상태로 행하는 굽힘시험
Roller Launching|롤러진수|경사선대에서 완성된 배의 밑에 롤러를 깔아 수면으로 미끄러트리는 미끄럼진의 한 방식
Roller Path|롤러통로|롤러로 물건을 옮기는 롤러컨베이어
Roller-spot Welding|롤러 점용접|롤러전극을 사용하여 두 부재의 끝을 물려가며 연속으로 붙이는 용접법
Rolling|횡동요(橫動搖|NULL
Root Bend Specimen|루트 굽힘시험편|맞대기이음 용접의 루트쪽에 인장력이 걸리도록 굽히는 시험편
Root Cavitation|뿌리캐비테이션|선박의 프로펠러 뿌리부분에 일어나는 캐비테이션
Root Face|루트면|홈 밑부분에 개선되지 않고 남아있는 곧은 면
Root Gap|루트 간격|NULL
Root Mean Square value|실효값|NULL
Root Pass|초층용접(初層熔摺|NULL
Root Valve|루트 밸브|NULL
Root cause analysis|근본 원인 분석|충분히 확인할 수 있으며 관리로써 제어·조정할 수 있는 사건의 가장 기본적인 원인을 정의하는 분석 기법
Root of Joint|이음의 루트|맞대기나 T이음에서 두 부재간에 벌어진 간격
Root of Weld|용접부의 루트|용접부의 단면에서 용착부의 밑과 부재 밑면 사이의 거리
Rootbend Test|뒷면굽힘시험|용접이음부에서 채취한 시험편을 용접 이면에 인장이 걸리도록 굽히는 형틀굽힘시험
Rope Cutter|로프커터|프로펠러축에 로프 등의 이물질이 감기지 않도록 자르는 장치
Rope Fender|로프방현재|로프를 엮어서 만든 충격흡수형 방현재
Rope Guard|로프 가아드|NULL
Rope Guard|로프가드|프로펠러에 로프가 감기는 사고를 예방하기 위하여 프로펠러와 보스부 사이에 설치하는 덮개
Rope Handling|줄매기|선박의 계류나 하역장치의 줄을 사용상태로 배치하는 작업
Rope Hatch|로프해치|로프를 보관하는 갑판상의 작은 해치
Rose Box|로우즈 박스|NULL
Rose Box|로즈박스|빌지에 찌꺼기 등이 따라들지 못하도록 흡입구에 마련된 구멍뚫린 상자
Rotary Air Pump|회전공기펌프|단순한 로터의 회전력에 의해서 압축공기를 생산하는 용적식 펌프
Rotary Engine|회전식기관|크랭크 축을 고정하고 그 둘레에 배치한 실린더가 회전하는 식의 기관
Rotary Pump|회전식펌프|원심력을 이용하지 않고 밸브가 없는 회전식 펌프로 기름처럼 점성이 있는 유체에 이용됨
Rotary Valve|회전식밸브|원동기나 펌프 등에서 회전에 의하여 작동되는 밸브
Rotary Vane Type Steering Gear|회전베인형 조타기|NULL
Rotary-drum Regenerator|회전드럼열교환기|드럼 속의 증열재가 드럼 회전에 의하여 고온부와 저온부를 접촉하면서 열전달을 행하는 증열식 열교환기의 일종임
Rotating Field|회전 자계|NULL
Rotating Type Warning Signal Light|회전식경계신호등|중심에 광원을 놓고 그 주위의 반사경을 회전시킴으로써 빛의 방출방향을 변하게 하며 경계신호를 발하는 등기구
Rotor|회전자|NULL
Rough-turn Inspection|초벌검사|주조물 내부의 기공등 결함유무를 알아내기 위하여 표면흑피만 벗길 정도로 깍아서 하는 검사
Roughness Resistance|거칠기저항|선체 표면의 거칠기로 생기는 저항
Round Bar|환봉(丸棒|NULL
Round Bar Grating|환강격자|평강의 틀에 환강의 살을 끼운 격자
Round Stern|원형선미|선미갑판 형상이 반원형으로 된 선미
Route|항로|배의 항해하는 노선
Routine Inspection|일상 점검(日常點檢|NULL
Routine Maintenance|일상 보전|NULL
Routing|순서계획(順序計劃|NULL
Rowlock|노걸이|노를저을 때 노를 지지하는 회전점
Rroot-mean-square|평균값|NULL
Rubber Coating|러버(고무) 코팅|NULL
Rubbish Shoot|쓰레기버림통|쓰레기를 밖으로 버리기 위한 버림통
Rudder Adjustment|타각조정|자동조타장치에서 항로의 변화량에 따라 조정하는 장치
Rudder Angle Indicator|타각(舵角)지시기|NULL
Rudder Area|타면적|계획흘수상태에서 타가 물에 잠긴부분의 측면적
Rudder Carrier|키캐리어|키의 무게를 지탱하며 회전을 원활하게 해 주는 쇠붙이
Rudder Carrier|타지지부|키캐리어와 동일
Rudder Coupling(Horizontal)|타커플링(수평형)|메인피스와 타두재를 수평으로 결함시키는 부분의 커플링 또는 스카프
Rudder Coupling(Vertical)|타커플링(수직형)|메인피스와 타두재를 수직으로 결함시키는 부분의 커플링 또는 스카프
Rudder Frame|타뼈대|타판이 붙여지는 타의 뼈대
Rudder Gudgeon|터거젼|타를 지지하기 위하여 선미나 타기둥 뒤로 돌출되어 핀들과 연결된 부분
Rudder Head|타머리|타판이나 타두재 상단에서 선미부 선저를 관통하여 쿼드런트나 틸러와 접촉되는 부재
Rudder Hinge|타돌쩌귀|타를 러더스톡에 지지해주는 돌쩌귀
Rudder Horn|러더혼|타주가 없는 선미재에서 타의 상단을 지지해 주는 부분
Rudder Horn|타주|타를 지지하는 기둥
Rudder Penant Chain|응급타체인|조타기 고장시 응급적으로 타를 수동 또는 전동조종하기 위한 체인
Rudder Quardravt|키쿼드런트|쿼드런트와 동일
Rudder Stock|타두재(舵頭材|NULL
Rudder Stopper|타멈추개|타의 과대한 회전을 막기 위하여 러더스톡과 포스트에 설치하는 회전멈추개
Rudder Tiller|타자루|타두재의 위에 붙어 회전력을 전달하는 자루
Rudder Trunk|러더트렁크|선미의 러더스톡(타축)이 지나가는 수밀공간으로조타기실과 선미만곡부외판 사이에 존재함
Rudder Trunk|타트렁크|러더헤드가 선미부를 관통하는 부분에 해수침입을 막기위해 둘려진 케이싱
Rules of Procedure|의사규칙|의사규칙은 원활한 회의 진행을 위한 약속으로써, IMO는 총회, 이사회 그리고 위원회의 고유한 회의 의사규칙을 가지고 있으며, 전문위원회는 이사회의 의사규칙을 준용함. 필요 시 회원국의 합의에 따라 의사규칙 개정이 가능하며, 의사규칙 통합본은 IMO DOCS 홈페이지 내 ‘Basic Documents’ 문서를 통해 확인 가능함
Rules of Thumb|경험에 의한 상식|NULL
Run About|런어바우트|소형쾌속의 모터보트
Run Away|폭주|원자로의 운전에서 제어할 수 없이 급격히 출력이 상승하는 사고
Run-Out Time|재고 소진(消盡)기간|NULL
Rung|사다리의 단(段|NULL
Running Repair|해상수리|배를 물에 띄운 채로 고치는 소규모의 수리
Running Stock|운용 재고(運用在庫|NULL
Running-In|길들임 운전(運轉|NULL
Running-in Trial|길들이기 조정운전|주기 조립 후 연속가동시운전 이전에 적당시간 길들이기를 위하여 행하는 시운전
Rust-proof Oil|방청유|NULL
S-100|범용 표준 수로 정보|S-100, 서로 다른 기관에서 생산하는 해양 관련 정보를 다양한 응용시스템에서 활용하기 위한 데이터 처리 표준
S-Mode|선박 항해 설비 표준화 모드|S-Mode (Standardized Mode) 선박 항해 장비의 표시 방법, 작동법 등을 표준화하는 방안
SAE (Society of Automotive Engineers|미국자동차 공업협회|NULL
SAFE WORKING LOAD|안전작동 부하|NULL
SAFETY CONSTRUCTION|안전 구조|NULL
SAFETY EQUIPMENT|안전 장비|NULL
SAFETY RADIO|선박 안전 무선설비|NULL
SAFETY RELIEF VALVE|안전 이완 밸브|NULL
SAFETY VALVE|안전변|NULL
SALIENT POLE FIELD|돌극 계자|NULL
SALIENT POLE MACHINE|돌극기|NULL
SAND BLASTING|모래를 사용해서 철판을 세정하는 것|NULL
SAR|수색구조|SAR (Search and Rescue), 조난자를 수색 구조하기 위하여 항공기, 수상 함정, 잠수함, 특수장치 등을 사용하여 실시하는 작업
SART|수색 구조용 트랜스폰더|SART (Search and Rescue Transponder), 선박용 조난 자동 통보 설비로, 선박이 조난되었을 때 레이더에서 발사되는 9GHz 주파수를 수신하면 응답 전파를 발사하여 레이더의 표시 기상에 그 위치가 표시되도록 하는 장치. 구명정이나 구명 뗏목, 또는 해면 위에서 사용할 수 있으며, 전지의 용량은 96시간 대기 상태 후 1ms의 주기로 레이더 전파를 수신하는 경우, 연속하여 8시간 동작할 수 있음. 동일 목적의 설비로서 AIS 주파수(161.975MHz, 162.025MHz)를 사용하여 선박에 설치된 AIS에서 그 위치를 확인할 수 있는 AIS-SART도 있음
SATCOM (Satellite Communication|위성통신(衛星通信|NULL
SAW(Submerged Arc Welding|서브머지드 아크용접 (잠호용접|NULL
SBG (See Berufasgenossenshaft|독일 선박안전사항 검사기관|NULL
SC (Cargo Ship Safety Construction Certificate|안전구조증서|NULL
SC (Steel Casting|주강(鑄鋼|NULL
SCA (Shipbuilders Council of America|미국조선업협회|NULL
SCANNING ELECTRON MICROSCOPE|전자 현미경|NULL
SCHDULE|계획|NULL
SCHEDULE|스케줄|NULL
SCR (Silicon Controlled Rectifier|실리콘제어 정류기|NULL
SCSL(Suez Canal Search Light|스에즈운하 탐조등|NULL
SCV|소규모 상업선박|SCV (Small Commercial Vessels)
SD (Strategic Direction)|전략 방향|국제해사기구(IMO) 설립 목적을 효율적으로 달성하기 위해 국제해사기구(IMO) 차원에서 전략 방향(Strategic Direction)을 설정하고 이를 회원국에 공표함
SDNR (Screw Down Non-Return) Valve|나사식 역지(逆止)밸브|NULL
SE (Cargo Ship Safety Equipment Certificate|안전설비증서|NULL
SEA ACCEPTANCE TRIAL|인도 시운전|NULL
SEA CHEST|해수 흡입 상자|NULL
SEA CHEST|해수 흡입수|NULL
SEA FASTENING|해상고박|NULL
SEA TRIAL|시운전|NULL
SEA WATER|해수|NULL
SEAMLESS BEARING STEEL TUBE|베어링용 무단목 강관|NULL
SEAMLESS STEEL OIL WELL CASING / TUBING AND DRILL PIPE|유정용 무단목 강관|NULL
SEAMLESS STEEL TUBES FOR HIGH PRESSURE GAS CYLINDER|고압가스 용기용 무단 목강관|NULL
SECONDARY ELECTRON CONDUCTION|전자 도전작용 (2 차 )|NULL
SECTION|단면|NULL
SEE-BEUFS GENOSSENSCHAFT|독일 항만청|NULL
SEGREGATED BALLAST TANK|해상오염 유해물질만을 항해중에 전용으로 보관하기 위한 탱크|NULL
SELF INSPECTION|자주검사|NULL
SELF POLISHING COPOLYMER|자체 마모용 도료(외판)|NULL
SELF SUPPORTING CABLE|자기지지형 가공 케이블|NULL
SEMI-DRYER ABSORBER|반건식세정기|NULL
SEMICONDUCTOR ON INSULATOR|절연 기판상의 반도체|NULL
SENSITIVENESS|감도|NULL
SENSITIVITY|감도계수|NULL
SENSITIVITY TIME CONTROL|감도의 시간 조정|NULL
SEPARATELY EXCITED GENERATOR|타려 발전기|NULL
SEPARATELY EXCITED MOTOR|타려 전동기|NULL
SES (Surface Effect Ship|표면효과(表面效果)선|NULL
SES : Ship Earth Station|선박지구국|인공위성국의 중재에 따라 일정한 곳에 있는 지구국과의 통신을 위하여 선박에 개설 이용하는 지구국
SGP( Steel Gas Pipe|배관용 탄소강관|NULL
SHAFT HORSE POWER|축마력|NULL
SHELL TYPE PHASE TRANSFORMER|외철형 변압기|NULL
SHIELDED METAL ARC WELDING|피복아크 용접|NULL
SHIP CONTROL CONSOLE|조타실 제어 콘솔|NULL
SHIP INFORMATION BOOK|함운용 지침서|NULL
SHIPBUILDERS COUNCIL OF AMERICA|1920년에 창립된 미국조선 공업협회|NULL
SHIPPING ORDER|선적 지시서|NULL
SHP (Shaft Horse Power|축마력(軸馬力|NULL
SHUNT GENERATOR|분권 발전기|NULL
SHUNT GENERATOR|분권 발전기 ( 分捲發電機 )|NULL
SHUNT MOTOR|분권 전동기|NULL
SHaPoLi|축출력 제한|EPL과 동일하나 엔진 출력이 아닌 축 출력을 제한하는 개념으로 EPL와 SHaPoLi의 차이는 아래 표 참조 MCR MCR 제한 MCR MCR MCR 제한출력 - - 제한 MCR 제한 MCR Pme MCR의 75% 제한 MCR의 75% 제한 MCR의 75% MCR 86.25% 이상 MCR의 75% MCR 86.25% 미만 제한 MCR의 100/115 EEDI 기준값 개선 개선 기준값 개선 - (ShaPoLi) 조건 없는 출력 제한 방법이며 제한된 출력만큼 EEDI 값의 개선이 가능 - (EPL/EngPoLi) 출력 제한에 조건 있음. 제한된 출력이 엔진 Margin(MCR의 13.75%)보다 커 야 EEDI 값의 개선이 가능 - 최대출력 제한 개념이라는 점은 동일하나 EPL/EngPoLi가 ShaPoLi에 비해 더 보수적인 접근법 으로 상대적으로 EPL을 사용했을 때 EEDI 개선이 어려움
SIBERIA LAND BRIDGE SERVICE|극도에서 시베리아 대륙을 경유. 유럽지역으로 수송하는 해륙 복합수송 형태|NULL
SIGMA Welding|시그마용접|불활성가스 아크용접의 다른 명칭
SILICON CARBIDE|탄화 규소|NULL
SILICON CONTROLLED RECTIFIER|실리콘 제어 정류기|NULL
SILICON CONTROLLED SWITCH|실리콘 제어 스위치|NULL
SILICON INTENSIFIER TARGET TUBE, STATIC|정전유도형 트랜지스터|NULL
SILICON STEEL PLATE|규소강판|NULL
SINE WAVE|정현파|NULL
SINGLE POLE SINGLE THROW|단극 단투 개폐기|NULL
SINGLEPHASE INDUCTION MOTOR|단상 유도 전동기|NULL
SINGLEPHASE TRANSFORMER|단상 변압기|NULL
SIP|전략이행계획|SIP (Strategy Implementation Plan) e-Navigation 구축 및 이행을 위한 실행 계획
SIS (Svensk Standard|스웨덴 공업규격|NULL
SLWL (Summer Load Water Line|하기만재 흘수선|NULL
SMALL COMPUTER SYSTEM INTERFACE|컴퓨터 주변장치 접속장치의 일종|NULL
SMALL WATERPLANE AREA TWIN HULL|소 수면선 쌍동선|NULL
SMAW (Shielded Metal Arc Welding|피복 아크용접|NULL
SMC|고위관리위원회|SMC (Senior Management Committee), 사무총장과 사무국의 각 부서 고위직으로 구성된 위원회임. 기구의 주요 결정과 관련하여 사무국의 견해를 대변하고 원활한 회의 진행을 이끔. 2020년 2월 SMC 구성은 아래 표와 같음 Mr. Kitack Lim Secretary-General Mr. Lawrence Barchue Assistant Secretary-General & Director Department for Member State Audit and Implementation Support Ms. Heike Deggim Director Maritime Safety Division Mr. Hiroyuki Yamada Director Marine Environment Division Mr. Frederick Kenney Director Legal Affairs and External Relations Division Mr. Chris Trelawny Acting Director Technical Cooperation Division Ms. Ariane Gireud Director Conference Division Mr. Arsenio Dominguez Director Administrative Division and Acting Chief of Staff Mr. Sung-Jin Kim Head Internal Oversight and Ethics Office < 출처: IMO 홈페이지 >
SMLS (Seamless) Pipe|이음새없는 관|NULL
SMS|안전관리체계|SMS(Safety Management System), ISM Code 규정에 따라 해운회사에서 시행하는 자체적인 안전경영시스템을 지칭
SNAME (The Society of Naval Architects and Marine Engineers|미국 조선(造船)및 해양 기술자 협회|NULL
SNMA (Swedish National Maritime Administration|스웨덴 해운국|NULL
SOC (Social Overhead Capital|사회간접자본|NULL
SOCIAL OVERHEAD CAPITAL|사회 간접 자본|NULL
SOCIETY OF AUTOMOTIVE ENGINEERS|미국 자동차 공학 협회|NULL
SOCIETY OF NAVAL ARCHITECTS & MARINE ENGINEERS|조선해양기사협회(미국)|NULL
SOIL PIPE|오물 배수관|NULL
SOLAS|국제해상인명안전협약|International Convention for the Safety of Life at Sea (SOLAS)는 선박의 안전과 관련된 각종 설비기준, 구조기준 등의 하드웨어 요건과 선박 운용에 관련된 소프트웨어 요건들을 망라한 협약임. 1912년 타이타닉 사고 이후 1914년 채택되어, 1929년, 1948년, 1960년 개정됨. 1974년에 새로운 개정 절차로 묵시적 승인을 도입한 이후 개정 작업이 간단하고 빠르게 진행됨. 또한 1974 SOLAS 협약에 검사 및 증서발급에 관한 조화제도(HSSC)를 도입하면서 별도의 협약으로 1988 Protocol을 채택함. SOLAS 협약은 협약 운영을 위한 조문(Articles)과 부속서(Annex)에 있는 14개의 장(Chapters)이 본문을 이루고 있음
SOLAS (Safety of Life at Sea) Convention|해상인명안전협약|NULL
SOLID VOLUME RATIO(%)|고형분 비율|NULL
SONAR (Sound Navigation and Ranging|음탐 장치(音探裝置|NULL
SOUND NAVIGATION AND RANGING|음탐 장치|NULL
SOUNDING|탱크의 깊이를 잼|NULL
SOURCE INSPECTION|현지검사|NULL
SP (Strategic Plan)|전략계획|설정된 전략 방향에 부합하는 구체적인 전략계획을 수립하며, 이는 장기적 이행 측면을 고려한 계획임
SPC (Self Polishing Copolymer|자체마모형 도료|NULL
SPECIAL SURVEY|정기 검사|NULL
SPECIFICATION|사양서|NULL
SPECTRUM|스펙트럼 [ 방사의 ]|NULL
SPECULAR REFLECTION|경면 반사|NULL
SPHERE PHOTOMETER,INTEGRATING|구형광속계|NULL
SPM (Single Point Mooring|일점 부이계류|NULL
SPRAYING VISCOSITY|흡착점도|NULL
SPREAD SOLAR POWER GENERATOR|위성 태양 발전|NULL
SPS Agreement|식품위생 및 안전성 확보와 직접 관련된 협정문|WTO Agreement on Sanitary and Phytosanitary Measures, 식품첨가물, 어염물질(중금속 등), 병원성 미생물, 독소 등 4개 분야에 걸쳐 기준치와 규격을 국제적으로 정하고 이를 통과할 경우 식품의 교역을 거부할 수 없다는 내용의 협정으로, SPS 협정에 따라 ‘95년 1월부터 식품의 국제규격 기준이 각국에 강제적으로 적용됨
SPS CODE|특수선박 코드|국제항해를 종사하는 500톤 이상의 특수선박에 적용되는 코드로써, 연구선, 탐사선, 실습선 등 특수한 목적을 위해 건조된 선박의 안전을 확보하기 위해서 설계, 구조 기준 및 안전에 대한 요건이 포함됨
SQC (Statistical Quality Control|통계적 품질관리|NULL
SR (Cargo Ship Safety Radiotelegraphy Certificate|안전무선통신증서|NULL
SSB (Single-Side -Band|단측파대 통신방식|NULL
SSPC (Steel Structure Painting Council|철강구조물도장(塗裝) 협의회|NULL
STABILITY|복원성|배가 한쪽으로 기울어졌을 때 기울어진 반대쪽으로 되돌아오려는 힘으로, 협약에서는 선박이 비손상(Intact) 및 손상(Damage) 상태 에서 충분한 복원성을 확보할 수 있도록 안전한 설계 및 선박의 운용을 요구하고 있으며, 현재 동적 상태(Dynamic, 2세대 복원성) 에서도 안전성을 확보할 수 있도록, 규정을 개발하고 있음
STACKED AVALANCHE INJECTION MOS|사모스|NULL
STAGE OF FLOODING|침수상태|선박이 손상을 입으면, 침수가 시작되고 침수 후 과정을 최종침수상태(Final stage of flooding, Final flooding position), 중간침수상태(Intermediate stage of flooding, Intermediate heel angle) 및 잔존복원성 평가 단계(Range for residual stability, intermittently immersed angle), 총 3가지로 구분하여 해당 침수 상태에서 잠기는 설비에 대하여 각종 요건을 규정
STAINLESS STEEL|스테인레스강 (JIS 규격 기호임)|NULL
STAINLESS STEEL BOILER AND HEAT EXCHANGER TUBES|보일러 열교환기용 스텐레스 강관|NULL
STAINLESS STEEL PIPES|배관용 스텐레스강 강관|NULL
STANDARD DRAWING|표준도|NULL
STANDARD SIGNAL GENERATOR|표준신호 발생기|NULL
STANDARD WIRE GAUGE|표준 와이어 게이지|NULL
STARBOARD|우현|NULL
START TO FINISH|선행작업착수일 + - 본작업종료|NULL
START TO START|선행작업착수일 + - 본작업착수|NULL
STARTING ELECTRODE|시동전극|NULL
STARTING VOLTAGE|시동전압|NULL
STATENS SKEPPSPROVININGSANSTALT (SWIDISH MARITIME RESEARCH CENTERS)|스웨덴 해사기술연구소|NULL
STATIC ELECTRICITY|정전기|NULL
STATIC INDUCTION|정전 유도|NULL
STBD STARBOARD SIDE|우현|NULL
STCW Convention|선원의 훈련, 자격증명 및 당직근무의 기준에|1967.3월 도버해협에서 유조선 토리캐년호(라이베리아 국적)에 의한 대형 오염사고가 발생하자 인적과실에 의한 해난사고의 예방을 위해 선원의 훈련과 자격에 관한 국제적 기준설정 필요성을 인식하고 1978.7월7일 STCW78 협약을 채택함. 그 뒤로 기준협약은 당사국에 많은 재량권 부여로 해기 능력 상의 국가 간 차이가 발생하여 국제적으로 통일된 해기 능력 기준의 확보가 필요하고 자동화 선박의 출현 등으로 전통적인 선내 조직의 변화를 수용할 필요가 있어 1995년 7월 STCW 95 협약으로 개정함
STCW-F Convention|어선원의 훈련, 자격증명 및 당직근무의 기준|국제해사기구(IMO)의 제16차 회기의 총회와 해사안전위원회(MSC) 제62차 회기 및 후속 국제해사기구 제70차 이사회와 제18차 회기의 총회에서 내린 결정에 따라서 어선원의 훈련·자격증명 및 당직근무의 기준에 관한 국제회의가 국제노동사무소의 사무총장과 협의하여 관련 협약을 검토하고 채택하였으며, 이 협약은 전장 24m 이상의 항해 어선들에 승선하는 선원에 대한 자격증명 및 최소 훈련요건을 정하고 있음
STEAM SUPPLY|스팀 공급|NULL
STEEL CASTING|주강|NULL
STEEL FORGING|단강(탄소강)|NULL
STEEL HEAT EXCHANGER TUBES FOR LOW TEMPERATURE SERVICE|저온 열교환기용 강관|NULL
STEEL PIPE FOR ORDINARY PIPING|통상용접용 철파이프|NULL
STEEL PIPE FOR PIPING|배관용 탄소강관|NULL
STEEL PIPES FOR HIGH PRESSURE SERVICE|고압배관용 탄소강관|NULL
STEEL PIPES FOR LOW TEMPERATURE SERVICE|저온배관용 강관|NULL
STEEL STRUCTURE PAINTING COUNCIL|철강구조물 도장 협의회|NULL
STEERING GEAR|조타기|NULL
STEERING GEAR ROOM|타기실|NULL
STIFFENER|보강재|NULL
STOWAGE FACTOR|화물적하계수|NULL
STPA (Steel Tubing Piping Alloy|배관용 합금강관|NULL
STPG( Steel Tubing Piping General|압력배관용 탄소 강관|NULL
STPL (Steel Tubing Piping Low Temp.|저온배관용강관|NULL
STPT (Steel Tubing Piping High Temperature|고온배관용탄소 강관|NULL
STPY (Steel Tubing Piping Yosetsu|배관용아아크용접 탄소강관|NULL
STRATEGIC ADVISORY GROUP on ENVIRONMENT|환경 전략 자문 그룹|NULL
STRATEGIC ARMS REDUCTION TREATY|전략 무기 감축 협정|NULL
STREET LIGHTING|가로조명|NULL
STRESS COROSION CRACKING|응력 부식 균열|NULL
STRESS RELIEVING|응력 제거|NULL
STRESS RELIEVING CRACKING|응력제거 균열|NULL
STRUCTURE ANALYSIS PROGRAM|구조 해석 프로그램|NULL
STRUCTURED QUERY LANGUAGE|국제규약의 DATABASE 질의어|NULL
STRUTUAL LIGHTING; ARCHITECTURAL LIGHTING|건축화 조명|NULL
STS (Steel Tubing Special|고압배관용탄소강관|NULL
STUD WELDING|스터드 용접|NULL
SUA Convention|항해 안전에 대한 불법행위방지 협약|Convention on the Suppression of Unlawful Acts against the Safety of Maritime Navigation (SUA)은 1988년도에 채택 되었으며, 2005년에 개정됨. 선박을 상대로 불법 행위를 저지르는 사람에 대한 방안으로 제정이 되었으며. 선박 강제점령, 선원 폭행, 폭발물 설치 등을 다룸
SUB-CONTRACTOR|협력회사|NULL
SUBMERGED ARC WELDING|잠호 용접|NULL
SUMMER LOADED WATER LINE|만재홀수선|NULL
SUPER CONDUCTING QUANTUM INTERFERENCE|스퀴드|NULL
SUPERVISORY CONTROL|원격감시제어장치|NULL
SUPERVISORY CONTROL & DATA ACQUISITION|지역 급전 시스템|NULL
SUPERVISORY CONTROL AND DATA|원격감시제어장치|NULL
SUPPORT|지지물|NULL
SURF-RIDING & BROACHING|서프라이딩/브로칭|복원성 취약 모드 중 하나이며, 선속과 파속이 동일하여 선체가 파도에 “잡힌” 상태에서 불안정 평형이 이루어지면, 현저하게 복원력이 감소하는 현상으로, 추파(뒤따라는 파도) 항해 중의 소형선/어선이 취약성을 가짐
SURFACE ACOUSTIC WAVE|찬성 표면파|NULL
SURFACE EFFECT SHIP|표면 효과선|NULL
SURGE ABSORBER|서지 흡수기|NULL
SURGE GENERATOR|서지 발생기|NULL
SURGE IMPEDANCE|서지 임피던스|NULL
SURGE VOLTAGE|서지 전압|NULL
SUS (Stainless Steel|스테인레스 강|NULL
SUSPENDED SOLID|부유물질(환경)|NULL
SVR (Solid Volume Ratio|고형분 용적비|NULL
SWASH (Small Water Plane Area Twin Hull|최소수선면 쌍동선|NULL
SWBM (Still Water Bending Moment|정수중 굽힘모멘트|NULL
SWEDISH STANDARD INSTRUCTION|스웨덴 규격 협회|NULL
SWG (Standard Wire Gauge|표준 와이어게이지|NULL
SWITCHBOARD|배전반|NULL
SWITCHBOARD, SWITCHGEAR|배전반|NULL
SWL|안전사용하중|SWL (Safe Working Load), 하역설비 등이 안전하게 화물을 들어 올릴 수 있는 무게로, 설비에 걸리는 하중을 제한함으로써 안전을 도모하고자 함. 최대하중(설비가 파괴되는 하중)을 안전율로 나눈 값으로 계산됨
SWL (Safe Working Load|안전사용하중|NULL
SYMMETRICAL|대칭|NULL
SYNCHRONOUS GENERATOR|동기 발전기|NULL
SYNCHRONOUS IMPEDANCE|동기 임피던스|NULL
SYNCHRONOUS INDUCTION MOTOR|유도 전동기|NULL
SYNCHRONOUS MOTOR|동기 전동기|NULL
SYNCHRONOUS PHASE MODIFIER|동기 조상기|NULL
SYNCHRONOUS REACTANCE|동기 리액턴스|NULL
SYNCHRONOUS SPEED|동기 속도|NULL
Sacrifice Pipe|희생관|열교환기 등의 부식을 막기 위해 배관계통에 설치하는 단관
Safe Load|안전 하중(安全荷重|NULL
Safety Cut-out Device|안전차단 장치|NULL
Safety Device|안전 장치(安全裝置|NULL
Safety Equipment Certificate|안전증서|해상안전에 관한 국제협약(SOLAS)에 근거하여 발행하는 증서
Safety Factors|안전계수|기계나 구조물의 설계 시 사용하는 재료의 응력에 대한 허용기준과 설계응력의 비율
Safety Glass|안전유리|파괴되어도 유리조각이 튀어나오지 않도록 만든 특수유리
Safety Guard|안전 덮개|NULL
Safety Lamp|안전등|가연성이나 폭발성 가스가 존재하는 장소에서 사용해도 안전한 조건을 갖춘 조명등
Safety Link|안전링크|공중전선이 파단하중을 받아도 파단되지 않도록 한 장치
Safety Relief Valve|안전 이완 밸브|NULL
Safety Stay|안전스테이|갑판상의 부재나 구조가 강풍에 쓰러지지 않도록 지지해 주는 버팀줄(와이어 로프)
Safety Stock|안전 재고(安全在庫|NULL
Safety Valve|안전 밸브|NULL
Safety Valve|안전변|NULL
Safety Working Load|안전사용하중|장비나 기계류가 과다한 변형이나 무리한 작동이 일어나지 않을 만큼의 안전을 고려한 하중
Safety centre|안전센터|여객선에서 비상 상황의 관리를 지원하기 위해 설치되는 제어장소로, 각종 안전 시스템의 작동 및 감시가 이용 가능해야 함. 일반적으로 선교에 설치됨
Sagging|새깅|선체 중앙부가 선수미 보다 내려 앉게 휘는 모양으로 응력을 받아 굽어지는 상태
Sagging and Running|도장(塗裝)의 처짐및 흘러내림|NULL
Sailer|갑판원|갑판부의 보통 선원
Sailing|범선항법|돛을 조작해서 배를 항주시키는 방법
Sailing Ship with Auxiliary Machinery|기범선|보조추진기를 갖춘 100~200톤의 범선
Sailing Vessel (Ship)|범선|추진기관 없이(있더라도) 돛만으로 항해할 수 있는 배
Sailing Vessel With Auxiliary Enginr|보조기관붙이범선|추진장치로서 돛을 사용하고 엔진은 보조하는 용도로 구비한 배
Saimon and Trout Factory Ship|연어송어공장선|연어와 송어 어선단을 따라서 잡힌 고기를 해상에서 가공하는 선박
Saimon and Trout Mother Ship|연어송어잡이모선|연어와 송어잡이 어선단의 모선
Sal Log|살로그|선저에 피토관을 붙여 속력과 항주거리를 측정하는 장비
Salient Pole Field|돌극 계자|NULL
Salient Pole Machine|돌극기|NULL
Salinity|염분(鹽分|NULL
Salting Carrier|염장선|소금 운반에 사용되는 선박
Salvage Pump|샐비지펌프|해난구조에 쓰이는 펌프
Sampan Signaling Light|통선등|선박에서 통선을 부를 때 비추는 녹색 등기구
Sampling Line|채취용배관|검사대상유체를 뽑아내기 위하여 특별히 설치한 배관
Samson Post|샘슨포스트|문모양의 데릭포스트로 일명 킹포스트라고도 칭함
Sand|모래|NULL
Sand Ballast|모래밸러스트|모래로 채운 고정밸러스트
Sand Block|모래반목|진수작업 때 빼내기 쉽도록 마른 모리로 채운 철강제 상자 또는 모래주머니와 조합한 목제반목
Sand Carrier|모래운반선|모래를 운반하는 선박
Sand Compaction Barge|샌드콤팩션바지|연악지반을 개량하기 위하여 지름이 크고 압축된 모래파일을 박는 바지
Sand Glass|모래시계|모래가 떨어지는 시간으로 초를 따지는 유리잘룩병
Sand Pump Dredger|모래펌프준설선|펌프로 바닥의 모래를 퍼내는 준설선
Sanitary Pump|위생펌프|위생해수를 공급하는 펌프
Sash Door|새시도어|금속재의 창틀로 상하개폐 또는 밀어서 여는 창문
Saturated Steam|포화 증기(飽和蒸氣|NULL
Saturation Temperature|포화 온도(飽和溫度|NULL
Scaffold Erecting|발판 설치|NULL
Scaffold Plank|발판|NULL
Scaffold Removal|발판 철거(撤去|NULL
Scaffolding Support|발판설치용 써포트|NULL
Scale|스켈|철의 표면에 생긴 산화피막으로 도장을 위한 전처리에서 철저히 제거됨
Scale|앙금|급수중에 포함되는 염류나 보일러 내부에서 석출하여 벽에 붙은 단단한 찌꺼기
Scale|척도(尺度|NULL
Scale Effect|축척효과|척도효과와 동일
Scallop|스캘럽|NULL
Scallop|스캘롭(부채꼴 따냄)|교차되는 부재 또는 용접선의 둘 중 하나를 연속 관통시키기 위하여 다른 하나에 뚫어주는 여러 가지 모양의 구멍(슬롯:Slot이라고도 함)
Scantling Draft|최대(最大)만재흘수선 (선체구조강도상|NULL
Scantling Number Scantling Numeral|치수계수|선급의 구조규칙에 따라 부재치수를 산출할 때 쓰이는 수치
Scantlings|구조(構造)의 치수|NULL
Scarf Joint|스카프이음(경납땜)|두 부재의 접합면이 넓어지도록 비스듬이 절단한 단면을 접합하는 이음
Scarphing Machine|스카프절삭기|스카프 이음부를 비스듬히 깎아주는 절삭기계
Scavenging Air Receiver|소기(掃氣) 리시이버|NULL
Scavenging Stroke|소기행정|4행정 내연기관에서 배기하는 행정
Schedule Impact|공정 영향(工程影響|NULL
Scheduling|일정 계획(日程計劃|NULL
Scheduling and Control|일정계획및 관리|NULL
Schematic Piping Diagram|배관 계통도|NULL
Scientific Management|과학적 관리법|NULL
Scope|적용범위(適用範圍|NULL
Scope of Work|작업 범위|NULL
Scotch Boiler|스카치보일러|원통형 연관식 보일러로 초기의 선박용으로 사용됨
Scout|정찰함|적함선의 행동을 정찰하는 임무를 가지고 재빨리 움직일 수 있는 소형 군함
Scram|비상정지|비상사태에 대비하여 급속히 원자로를 정지시키는 것
Scraper|스크레이퍼|기계표면 가공용 수공구
Scratch|스크래치|NULL
Screw Conveyor|나사식 컨베어|U자형 단면의 긴 용기에 나선형으로 날개붙은 축을 회전시켜 담겨진 알갱이 물체를 한 쪽으로 이동시키는 컨베어
Screw Propeller Ship|나선추진기선|나선프로펠러로 추진하는 선박
Screw Propeller Ship|나선프로펠러|선박용 추진기로 가장 많이 쓰이는 고정식 날개가 달린 프로펠러
Screw Pump|스크루우 펌프|NULL
Screw Type Chain Stopper|나사닻줄멈추개|앵커체인과 링크되어 턴버클로 당겨 고정하는 기기
Screwed Flange|나사 플랜지|관 끝과의 연결을 나사로 한 플랜지
Scrubber Unit|가스 세정기(洗靜機|NULL
Scudding|순주|폭풍을 선미방향에서 받으며 피항하는 황천시의 조선법
Scull|스컬|일인승 경주용보트
Scullery|식기(食器) 씻는곳|NULL
Scupper Pipe|배수관(排水管|NULL
Scuttle Blind|현창안덮개|안쪽에 설치된 현창의 철제덮개
Scuttle Plug|현창바깥덮개|바깥쪽에 설치된 현창의 철제 덮개
Sea Anchor|시앵커|바람이 심할 때 배가 덜 밀리게 하기 위하여 수중 일정깊이를 유지해 주는 해수저항식 앵커
Sea Chest|해수 흡입구(吸入口|NULL
Sea Chest|해수 흡입수|NULL
Sea Chest Cleaning Valve|해수흡입구청소밸브|공기나 증기를 불어 해수흡입구를 청소해주는 밸브
Sea Margin|시마진|배가 해상조건 변화나 선체조건 변화등으로 일어나는 속력저하를 극복하기 위하여 초기에 주는 기관의 출력여유(%)
Sea Screen|물튀김막|현측난간 등의 주위에 둘러치는 범포제의 물막이 막
Sea Suction Valve|해수흡입밸브|해수흡입구에 부착되는 밸브
Sea Trial|해상시운전|배의 모든 성능확인을 위해서 바다의 운항상태에서 실시하는 시운전
Sea Water Lubricated Stern Tube Bearing|해수윤활식선미관베어링|해수로 윤활시켜주는 선미관 베어링
Sea Water Pipe|해수관|해수를 보내는 관
Sea-going ship|원양항해선|전적으로 내해를 운항하거나 차폐 수역 내 또는 항만 규칙이 적용되는 지역 내 수역이나 이에 근접된 수역을 운항하는 선박 이외의 선박을 지칭함
Seabed Exploring Ship|해저자원탐사선|해저자원을 탐사하는 선박
Seabed Running Ship|해저광물채취선|해저의 광물을 채취하는 선박
Seafarers|선원|"""선원이란 선박에서 근로를 제공하기 위하여 고용된 사람을 말하며, 일반적으로 선장ㆍ항해사ㆍ기관장ㆍ기관사ㆍ전자기관사ㆍ통신사 및 부원 등의 직무를 수행하는 사람을 지칭함. 우리나라 선원법은 구체적으로 선원을 선장과 해원(직원 및 부원)으로 구분하며, """"선장""""이란 해원(海員)을 지휘ㆍ감독하며 선박의 운항 관리에 관하여 책임을 지는 선원을 말함. """"해원""""이란 선박에서 근무하는 선장이 아닌 선원을 말함. """"직원""""이란 「선박직원법」 제2조 제3호에 따른 항해사, 기관장, 기관사, 전자기관사, 통신장, 통신사, 운항장 및 운항사와 그 밖에 대통령령으로 정하는 해원을 말함. """"부원""""(部員)이란 직원이 아닌 해원을 말함"""
Seagoing service|승무 경력|증명서 또는 기타 자격의 발급에 관련되는 선내에서의 복무를 말함
Seakeeping|내헌공|해상에서 배의 정상기능을 유지할 수 있는 능력
Seal Weld|누설방지 용접|NULL
Seal Weld|누설방지용접|담겨져있는 유체의 누설을 막기위해 행하는 용접
Sealer|물개잡이배|물개사냥에 쓰이는 배
Sealing Air|밀봉용(密封用) 에아|NULL
Seam Welding|심용접|저항용접의 일종으로 회전하는 전극을 사용하여 모재에 전류를 통하면서 압력을 가하면 저항열과 압력에 의해 두 끝이 접합되면서 연속적으로 진행되는 용접법
Seamen`s Competency Certificate|해기면장|승조원의 직무에 대한 기술과 경험을 인정하는 국가시험 합격자에게 발급되는 면허장
Seaplane Carrier|수상기모함|수상비행기를 수용하는 설비를 갖춘 모함
Searchlight ( Projector)|탐조등|수로조명이나 모스신호를 보내는 등기구
Season Crack|시효균열|상온에서 가공된 물품을 방치했을 때 저절로 발생하는 균열
Seasoning|시효처리|주조품을 상온에서 장시간 방치하면 불균일냉각으로 잠재되었던 응력이 해소되는 현상을 이용한 방치처리
Seating Ring|자리링|추력을 받는 볼베어링에서 축이 변형되더라도 기능이 유지되게 구면으로 만든 고리모양의 베어링자리
Seaworthiness of the Vessel|선박 내항성(耐航性|NULL
Second Deck|제이갑판|상갑판 아래로 두번째의 갑판
Second Engineer|이등기관사|일등기관사를 보좌하면서 맡은 임무를 수행하는 기관사
Second Wirwless Operator|이등통신사|1등통신사를 보좌하면서 맡은 임무를 수행하는 통신사
Secondary Electron|전자 도전작용 (2 차 )|NULL
Secondary Source|이차전원장치|1차전원에서 선내의 부하에 맞게 전압과 주파수 등을 변환하여 공급하는 전원장치
Secretariat|사무국|사무국은 조직·단체에서 인사, 총무 등의 운영사무를 담당하는 부서를 지칭함. 국제해사기구(IMO)에서 사무국은 그 설립 목적에 따른 전문부서와 운영 전반(예산, 회계, 감사 등)을 관장하는 지원부서 등으로 구성 사무국의 수장은 사무총장(Secretary-General)이라 지칭하고 기구의 실질적 책임자를 의미함
Secretary-General|사무총장|사무국의 업무를 총괄하는 직위로서 국제해사기구(IMO) 수장을 의미함. 역대 IMO 사무총장의 명단은 아래와 같음 1대 Ove Nielsen 덴마크 1959~1961 2대 William Graham 영국 1961~1963 3대 Jean Roullier 프랑스 1964~1967 4대 Colin Goad 영국 1968~1973 5대 Chandrika Prasad Srivastava 인도 1974~1989 6대 William A. O'Neil 캐나다 1990~2003 7대 Efthimios E. Mitropoulos 그리스 2004~2011 8대 Koji Sekimizu 일본 2012~2015 9대 Lim Ki-tack 대한민국 2016~
Section (Sec.|단면도(斷面圖|NULL
Section Modulus|단면계수|단면 중립축에 관한 2차 모멘트를 중립축에서 가장 먼곳 까지의 거리로 나눈 값
Section Modulus|단면계수(斷面係數|NULL
Section Steel|형재|형강 동일
Security assurance|보안 인증|전자증서 확인 또는 다른 증서 교환은 발급기관의 승인이 필요하며, 사기 및 보안 침해로부터 데이터를 보호하기 위한 조치임
Sediment Davit|오물인양용 대빗트|NULL
Segregation|분리(分離|NULL
Segrigation|편석|용융금속이 응고될 때 용해점이 낮은 불순물이 응고가 늦은 부분에 모이는 현상
Selective Catalytic Reduction (SCR)|선택적 촉매 환원 시스템|SCR(Selective Catalytic Reduction), 엔진 연소 후 배출되는 질소산화물을 저감하는 기술로 촉매(V2O5/TiO2 기반)와 환원제인 우레아(Urea)를 이용하여 질소산화물을 물과 질소로 바꾸는 기술이며, 크게 T/C(Turbo Charger) 전단에 위치한 HP(High Pressure) SCR과 T/C 후단에 위치한 LP(Low Pressure) SCR 시스템이 있음
Self Closing Valve|자동닫힘 밸브|NULL
Self Elevating Drilling Unit|갑판승강형 굴착선|굴착 시에 승강용 다리를 해저에 내리고 선체를 해면 위로 들어올려 석유 등을 굴착하는 굴착선
Self Ignition Temperature|자연 발화온도|NULL
Self Priming Pump|자체호수(呼水)펌프|NULL
Self Righting Type Life Boat|오뚝이형구명정|킬을 무겁게 만들고 예비부력을 많이 주어 전복되어도 스스로 일어서도록 충분한 복원력을 갖는 구명정
Self Supporting cable|자기지지형 가공 케이블|NULL
Self-Assessment of Flag State Performance|기국자체평가제도|VIMSAS 이전의 검사 제도로서, 개발도상국의 불성실한 국제협약 이행과 관련하여 IMO 차원에서 기술협력 자금을 활용하여 협약이행 기반을 만들어 주기 위한 활동의 일환임
Self-Unloading Cargo Gear|자체 하역설비|NULL
Self-activating Smoke Signal|자동연발신호|구명부이에 붙은 것으로 해면에 투하되면 자동으로 연기를 내는 신호
Semi-Balanced Rudder|반균형(半均衡) 타|NULL
Semi-Tandem|세미탠덤방식|NULL
Semi-after Engine Vessel|준선미기관선|기관을 중앙보다 선미쪽으로 치우쳐 설치한 선박
Semi-after Engined Vessel|유사선미기관선|준선미기관선과 동일
Semi-automatic Welding|반자동용접|용접봉은 와이어상태로 자동공급되는 것을 손으로 잡고 운봉하는 용접방법
Semi-balanced Rudder|반평형타|타의 일부분은 평형타와 같고 나머지는 불평형 모양으로 된 타
Semi-block|중조(中組)단계 블록|NULL
Semi-portable Fire Extinguisher|반이동식소화기|들고 다니기에는 커서 밀차에 실려 움직이는 소화기
Semi-submersible Drilling Rig|반잠수식 시추선|NULL
Semi-submersible Drilling Unit|반잠수형굴착선|해저를 굴착하는 반잠수식 플랫폼
Semiconductor On Insulator|절연 기판상의 반도체|NULL
Senhouse Slip|센하우스 슬립|체인로커에 고정된 고리와 앵커체인을 연결해주는 고리로 위급시 풀도록 되어 있음
Senior Third Engineer|수석삼등기관사|삼등기관사가 2명이상일 때 선임자에게 붙는 호칭
Senior Third Officer|수석삼등항해사|삼등항해사가 2명이상일 때 선임자에게 붙는 호칭
Sensitiveness|감도|NULL
Sensitivity|감도계수|NULL
Sensitivity Time Control|감도의 시간 조정|NULL
Sensitivity analysis|민감도 분석|시스템 내의 한 성분의 변화가 전체 시스템에 어떻게 작용하는가, 혹은 위험도 평가에서 한 측면의 변화가 전체적 결과에 어떻게 영향을 미치는가를 결정하는 평가하는 분석법
Separately Excited|타려 발전기|NULL
Separately Excited Motor|타려 전동기|NULL
Separator|분리기(分離器|NULL
Sequence of Crank|크랭크순위|다실린더 내연기관에서 진동과 변형이 최소가 되는 착화순서에 대응되게 정한 크랭크의 순서
Sequence of Welding|용접 순서(熔接順序|NULL
Sequential Start|순차기동(順次起動|NULL
Series Construction of Ship|시리즈선 건조(建造|NULL
Series Flow Turbine|직열흐름터빈|고압터빈과 저압터빈이 같은 축에 직열로 연결되는 터빈
Series Welding|직열용접|저항용접에서 한 개의 회로를 써서 두 곳 이상에서 동시용접이 가능하게 하는 용접방식
Service Air Reservoir|일반용공기탱크|일반용 압축공기를 저장하는 탱크
Service Bolt|서비스볼트|리벳이나 용접으로 연결될 두 부재를 임시로 고정해주는 볼트
Service Speed|항해속력|만재상태에서 상용출력으로 얻어지는 속력
Set Goal (for|목표 설정(目標設定|NULL
Set-up Time|준비 시간|NULL
Settling Tank|침전탱크|기름속의 고체입자나 물을 깔아 앉히기 위해 담아두는 기름탱크
Sewage Carrier|오물해양폐기선|오물을 소정의 해양까지 운반하여 버리는 선박
Sewage Disposal|오수처리(汚水 處理|NULL
Sewage Treatment Plant|오수 처리장치|NULL
Sewage Treatment unit|분뇨처리장치|선내 분뇨나 오수를 배출하기 전에 처리해주는 장치
Sewage water|오수|선박의 선원들이 사용하는 화장실의 변기로부터 배출되는 배출수를 의미하며 ‘오수’라 지칭함
Sextant|육분의|선체의 고도를 측정하여 선박의 위치를 정확히 구하는 데 쓰이는 항해용 기구
Shackle|샤클|NULL
Shackle|섀클|구멍이나 링을 서로 연결할 때 사용하는 U형의 금속도구로 개폐식 볼트(섀클볼트)가 있음
Shaft|축|회전운동체의 중심축을 형성하는 기계요소
Shaft Angle|축각|축의 중심선과 선체중심선 또는 기저면과 이루는 각
Shaft Bearing|축베어링|회전운동이나 직선운동을 하는 축을 지지하는 베어링
Shaft Bracket|축브래킷|선체 밖으로 돌출된 프로펠러를 선체와 연결하여 지지해 주는 부재
Shaft Bracket|축지지브래킷|축브래킷과 동일
Shaft Brake|축브레이크|동력전달축의 회전을 줄이거나 멈추게 하는 장치
Shaft Cone Part|축콘파트|축 끝에 프로펠러나 커플링 등을 끼우기 위해 테이퍼 가공한 원뿔모양 부분
Shaft Coupling|축커플링|축과 축을 연결시켜주는 커플링
Shaft Cut-off Test|축분리운전시험|축이 두 개이상인 선박에서 임의의 축을 분리 또는 고정한 상태에서 성능을 확인하는 시험
Shaft Eccentricity|축 편심(軸偏心|NULL
Shaft Grounding Device|축부착 접지장치|NULL
Shaft Hanger|샤프트행어|위에서 축을 지지하는 지지대
Shaft Hosepower|축마력|축동력과 같음
Shaft Immersion|축심깊이|수면에서 프로펠러축까지의 수직깊이
Shaft Liner|축라이너|축과 상대운동이 이루어지는 부재 사이의 마모를 줄이기 위해 끼우는 원통형의 금속
Shaft Seal|축봉 장치(軸封裝置|NULL
Shaft Sleeve|축슬리브|해수접촉을 막기 위해 축에 씌우는 덮개
Shaft Tunnel|축로(軸路|NULL
Shaft Withdrawal Plan|선미축 발출방안서|NULL
Shafting|축계|추진기관에서 프로펠러에 이르는 추력전달 축의 총칭
Shafting|축계(軸系|NULL
Shafting Efficiency|축 전달효율|프로펠러에서의 전달동력과 축동력의 비
Shallow Water Effect|얕은물영향|얕은 수심으로 인하여 프로펠러나 타의 효율에 영향을 주어 추진성능이 달라지는 효과
Shallow Water effect|천수영향(淺水 影響|NULL
Shaping Machine|세이핑머신|직선왕복운동을 하는 램에 절삭공구를 끼워 공작물의 표면을 동일 단면형상으로 절삭가공하는 공작기계
Shared Socioeconomic Pathway (SSP)|공통사회·경제 경로|발전하는 사회와 자연 시스템의 실현 가능한 다중 추세를 분석하는 시나리오이며, 인구 / 경제 / 개발 / 기술 / 생활양식 / 환경·자원 / 정책·제도 고려함 SSP 1 지속가능성 자원 집약도와 화석연료 의존도를 줄이면서 개발 목표 달성을 위한 지속적인 노력을 기울여, 지속가능성을 목표로 상대적으로 양호한 진전을 보임. 이는 급속한 기술 개발 과 강력한 경제 성장을 이룬 환경친화적인 세계이며, 저소득 국가도 포함된다. SSP 2 현재추세유지 개발 목표 달성을 위해 일부 진전의 추세가 보이는, 최근 수십 년의 전형적 세계. 화 석 연료 의존도가 서서히 감소하고 있으며 저소득 국가의 개발이 고르지 않게 진행됨 SSP 3 분열화 극심한 빈곤, 적당한 재산, 빠르게 성장하는 인구를 상대로 생활 수준을 유지하기 위 해 고군분투하는 지역이 특징 SSP 4 불평등 상대적으로 작은 매우 불평등한 세상으로, 부유한 전 세계 엘리트가 대부분의 GHG 배출량의 책임이 있는 반면, 기후의 영향에 취약한 더 크고 가난한 그룹은 해로운 배 출량에 거의 기여하지 않음. 완화 노력이 미비하고, 비효율적인 기관과 대규모 빈곤층 의 낮은 수입 때문에 적응이 어렵다. SSP 5 재래식 개발 사회적, 경제적 문제의 해결책으로서 발전을 통해 경제 성장을 지향하는 세계. 빠른 재래식 개발은 화석연료가 지배하는 에너지 체계를 야기하고, 이로 인해 GHG 배출량 과 이를 완화하기 위한 과제 증가
Sharp Freezing|저온동결법|공기중에서 섭씨 -23도 이하로 저온 동결하는 방법
Shear Foece|전단력|물체의 단면에 평행하게 작용하는 힘
Shear Fracture|전단파괴|전단력에 의해서 일어나는 파괴
Shear Stress|전단응력|단위면적당 작용하는 전단력
Shear Vibration|전단진동|전단변형이 나타나는 진동
Shearing Force|전단력(剪斷力|NULL
Shearing Machine|전단기|작두와 같이 전단력을 이용하여 재료를 절단하는 공작기계
Shearing Strength|전단강도(剪斷强度|NULL
Sheathed Deck|피복갑판(被覆甲板|NULL
Sheathing|피복|물체를 주위환경에서 보호하기 위하여 감싸 주는 얇은 판
Sheave|시브|도르레바퀴
Sheer Plan|선체 측면도(側面圖|NULL
Sheer Plan|측면선도|선체중심면과 여기에 평행한 단면들이 선체표면과 교차하여 생기는 곡선들을 모아서 나타낸 선도
Sheer Strake|현측 후판(舷側厚板|NULL
Sheer Strake|현측후판|강력갑판과 접하도록 배치되는 한 줄의 두꺼운 외판
Sheet Bender|판굽히개|박판을 굽히는 공작기계
Sheet Steel|박강판|냉간압연 된 두께 1.6mm이하의 얇은 강판
Sheetmetal Forming|판금성형(板金成形|NULL
Shell Expansion Plan|외판 전개도|NULL
Shell Plating|외판(外板|NULL
Shell type phase|외철형 변압기|NULL
Shelter Deck|차랑갑판|선수에서 선미까지 완전히 덮힌 상갑판 위의 경구조갑판
Shelter Decker|차랑갑판선|배의 최상층 전통갑판에 해치를 설치하여 그 아래갑판과의 사이의 용적이 총톤수 계산에서 제외되도록 한 선박
Shft Rake|축경사|선체기선에 대한 축의 기울기
Shielded-arc Welding|쉴드 아크용접|아크와 용착금속을 보호매질로 대기와 차단하면서 행하는 아크용접
Shielded-arc Welding|피복아크용접|고온으로 인한 용착금속의 산화를 막고 아크분위기를 보호하기 위하여 불활성가스나 탄산가스 등으로 보호되는 아크용접
Shielding Gas|차폐(遮蔽) 가스|NULL
Shift|회항|원래와 다른 곳으로 배를 이동시키는 것
Shifting Board Stanchion|시프팅보드 버팀기둥|화물이동방지판 버팀기둥
Shim Plate|높이조정 판|NULL
Shimble|심블|로프끝을 구부려서 원형의 고리를 만들 때 고리 안에 넣는 원형 또는 하트형의 금속제 고리
Shingle Ballast|자갈밸러스트|선체중심을 낮추기 위하여 배바닥에 채우는 자갈고정짐
Ship Breaker|선박해체업자|노후선이나 폐기된 선박을 구입하여 해체하고 재활용자재 등을 매각하는 사업자
Ship Center Line|선체중심선|배의 중심을 지나는 종단면과 수평면이 만나는 선
Ship Construction Contract|선박 건조계약|NULL
Ship Conversion|선박개조(船舶改造|NULL
Ship Energy Efficiency Management Plan (SEEMP)|선박에너지효율관리계획서|SEEMP(Ship Energy Efficiency Management Plan), 총톤수 400톤 이상의 국제항해 선박에 비치하여야 하는 계획서로 선박의 에너지효율 향상을 위한 계획 수립·시행·감시·평가 및 개선 등에 관한 절차, 방법 등을 기술한 문서
Ship Inspection Certificate|선박검사증서|정밀검사에 합격한 배에 대하여 해당기관이 발급하는 증서
Ship Maneuverability|선박의 조종성|NULL
Ship Repair Yard|수리조선소|NULL
Ship Security Alert System (SSAS)|선박 보안 경보 시스템|선박보안경보 시스템은 선박의 보안을 강화하고 해적이나 테러의 위험을 방지하기 위한 안전 조치임. 자동 경보시스템으로써, 비상시 경보시스템을 활성화 시켜도 본선이나 주위에 시각/청각 신호를 발생하지 않음. 경보는 대부분 선주나 보안관리자가 먼저 수신한 후 기국에 알리며, 항해중인 선박의 가까운 연안국에 알려야 함
Ship Security Officer (SSO)|선박 보안책임자|항만시설 보안책임자, 총괄 보안책임자와 교신하며, 선상에서 보안 계획을 시행하고 유지하는 자로서 보통 선장의 임무임
Ship Security Plan (SSP)|선박 보안 계획|ISPS 코드는 모든 여객선과 총톤수 500톤 이상인 모든 화물선에 선박 보안계획을 이행하도록 요구함. 선박 보안계획은 선박의 보안과 관련된 계획에 제시된 조치 사항들이 선상에서 적용되도록 마련된 계획임. 이는 보안 관련 위험으로부터 인력, 화물, 화물 이송 장치, 창고 등을 보호하기 위함. 이 계획은 ISPS 코드, 산업계, IMO 등에 따라 개발되었으며, 주관청 또는 주관청을 대행하는 인정기관 (RO)의 승인이 필요함.
Ship Steel|조선용강재|선박건조용으로 쓰이도록 규정에 맞추어 생산된 철강재
Ship Steel Plate|조선용강판|선박건조용으로 쓰이도록 규정에 맞추어 생산된 강판
Ship Strength|선체강도|선체가 받는 외력을 지탱하는 강도
Ship Type|선종(船種|NULL
Ship agent|선박 대리점|대리점은 항만에서 선주, 선박용선자(본인)를 대변하는 단체로서, 통상 선박의 입출항 관련 경제적 서비스와 관련된 모든 업무를 수행하고 관련 문서의 제출과 준비를 포함하여 항만과 타 당국과의 업무를 원활히 진행하도록 하는 책임을 부여받음
Ship's spare parts|선박 예비부품|수리 또는 교체하는데 사용되는 성격의 품목으로서 이를 운송하고 있는 선박에 합체하기 위한 부품을 지칭함
Ship's stores|선용품|선박에서 사용하기 위한 물건으로서 소모품, 승객·승무원에게 판매하기 위하여 운송되는 물건, 연료 및 윤활유를 포함하되, 선박의 설비 및 선박의 예비부품을 제외한 것
Ship`s Fitting|선구|배에서 필요한 작업에 소용되는 여러 가지 도구
Ship`s Logbook|선용항해일지|당직 항해사가 기록하는 갑판부 당직일지를 정리하여 선장이 서명한 선박일지
Ship`s Speed Radio Measuring Equipment|전파식선박속도측정장치|전파의 정속성을 이용하여 선박의 속도를 측정하는 장치
Shipbuilder|조선기술자|선박건조업무에 종사하는 사람
Shipbuilding|조선|선박을 건조하는 업무와 이를 위한 기술
Shipbuilding|조선(造船|NULL
Shipment|출하|화물을 선적하여 발송하는 행위
Shipowner|선주(船主|NULL
Shipside Valve|선체부착(附着) 밸브|NULL
Shipwreck|조난선|조난을 당하여 구조가 필요한 선박
Shipwright|선대 목공(船臺木工|NULL
Shipyard|조선소|NULL
Shock Absorber|완충기|충격완화를 위한 충격흡수 기계장치
Shock Pulse Monitoring (SPM|회전기(回轉機)진동， 충격감시장치|NULL
Shoe Piece|슈우 피이스|NULL
Shop Loading Information|공장 부하정보|NULL
Shop Primer|솝 프라이머|NULL
Shop Test|제조공장 시험|NULL
Shop Trial|공장시운전|기계를 조립한 후 출하 전에 공장에서 행하는 시운전
Shore Connection|육상에서 공급받는 연결부|NULL
Shore Connection Box|선외급전상자|배 밖의 전원을 받아 들이는 급전상자
Shore Connection Box|육전(陸電) 접속상|NULL
Shore Power Receiving|육전 수전(陸電受電|NULL
Shore leave|상륙 허가|공공기관이 결정할 경우, 선박이 항구에 정박 중인 동안, 지리적 또는 시간적 제한하에 승무원이 상륙할 수 있도록 하는 허가
Short Bunker|연료소진|항해도중에 연료가 떨어지는 것
Short Circuit Current|단락전류|회로의 두 점 사이가 무시될 정도의 임피던스를 통하여 고의나 사고로 접속되는 경우에 흐르는 전류
Short Floor Frame|단늑판|장단늑판구조방식의 목선에서 짧은 쪽의 늑판
Short International Voyage|단거리국제항해|선박의 항해중 여객과 화물의 안전상의 도움을 받을 수 있는 항구
Short Stay|쇼트스테이|배가 묘박을 마치고 출항준비중일 때 앵커체인을 감아 체인의 각도가 수면과 45도 정도를 유지할 때까지 감아올린 상태
Short-Circuit Test|단락 시험(短絡試驗|NULL
Shorten Construction Period|건조기간 단축(短縮|NULL
Shorten Lead Time|조달기간 단축|NULL
Shot Blasting|쇼트 블라스팅|NULL
Shoulder|어깨|선박의 물가름부분에서 중앙평행부 사이의 천이구역
Shringkage Aloowance|수축여유|주물이 응고될 때 수축되는 것을 고려하여 미리 주는 여유 치수
Shringkage Crack|수축균열|금속이 응고 수축할 때 나타나는 균열현상으로 주물 등에 잘 나타남
Shrinkage Allowance|수축 여유(收縮餘裕|NULL
Shrinkage Fitting|냉간 박음|NULL
Shrinkage Stress|수축응력|용접물을 구속하고 용접할 때에 용접부가 응고 냉각되면서 생기는 수축되고자 하는 힘
Shroud|도풍판(導風板|NULL
Shrouded Propeller|슈라우드프로펠러|덕트프로펠러와 같음
Shunt Generator|분권 발전기|NULL
Shunt Motor|분권 전동기|NULL
Shunt generator|분권 발전기 ( 分捲發電機 )|NULL
Shut-Down|위급정지(엔진이상시|NULL
Shuttle Tanker|셔틀 탱커|NULL
Sid Thruster|사이드스러스터|배의 길이에 90도항향으로 추진하는 장치로 선수나 선미의 수선 하부에 선체를 관통하여 부착됨
Side Bend Specimen|측면굽힘 시험편|용착부의 측면강도를 시험하기 위해 측면으로 굽히는 시험편
Side Frame|선측늑골|배의 선측부에 설치된 늑골
Side Girder|사이드거더|이중구조에서 중심 선거더와 현측거더 사이에 붙여지는 종통재
Side Girder|측거더|중심선거더와 연판 사이에 설치되는 종통판재
Side Girder|측면(側面) 거어더|NULL
Side Hopper Barge|현측개폐호퍼선|탑재한 준설토 등을 버리기 위해서 현측을 여닫을 수 있게 만든 바지선
Side House|측갑판실|선체중심에서 현측으로 떨어진 위치의 갑판실
Side Line Winch|사이드라인윈치|준설작업시 선측방향으로 땡겨주는 로프를 감는 윈치
Side Longitudinal|선측종늑골|종방향으로 선측에 붙여지는 늑골
Side Longitudinal|현측(舷側) 종늑골|NULL
Side Openning|현측개구(舷側開口|NULL
Side Ramp|사이드 램프|NULL
Side Scuttle/ Porthole/ Portlight|환창(丸窓|NULL
Side Shore|선측지주|배가 독에 입거한 후 배의 안정을 위하여 현측에 받쳐 주는 지주
Side Skelson|측내용골|단저구조에서 선체중앙선에 평행하고 늑판에 직교하게 설치되는 형강 또는 판재
Side Sparring|선측내장(船側內張)판|NULL
Side Stooer|사이드스토퍼|주기의 수평방향 이동을 잡아주는 쇠붙이
Side Stringer|선측스트링거|선측외판의 내면에 종방향으로 붙여지는 큰 골재
Side Transverse|선측트랜스버스|종늑골식 구조에서 선측에 가로방향으로 설치되는 큰 골재
Side Water Course|선측빌지홈|이중저측면의 마진판과 선저 만곡부 외판 사이에 형성되어 빌지를 모으는데 이용되는 V자형 홈
Sidebend Test|옆굽힘시험|용착부에 직교되는 방향으로 시료를 채취하여 용착금속의 절단면에 최대 인장력이 걸리는 방향으로 굽혀 절단발생을 확인하는 시험
Sight Glass|사이트글라스|유체의 상태를 관찰하기 위하여 관 등에 끼우는 유리관
Sight Glass|점검용 유리|NULL
Signal Lamp|신호등|신호용으로 사용되는 램프
Signaling Light for Air Horn|기적신호등|기적이 울릴 때 동시에 점등하여 눈에 띄게 하는 경고
Silencer|소음기(消音器|NULL
Silicon Carbide|탄화 규소|NULL
Silicon Controlled Rectifier|실리콘 제어 정류기|NULL
Silicon Controlled Switch|실리콘 제어 스위치|NULL
Silicon Intensifier Target|정전유도형 트랜지스터|NULL
Silicon Steel Plate|규소강판|NULL
Silk Room|실크룸|선내의 특수화물창으로서 고가품 및 우펀물의 격납에 이용되는 특별구획
Silver Brazing Coupling|은납땜 카플링|NULL
Similarity|유사성(類似性|NULL
Simplex Strainer|단식(單式) 스트레나|NULL
Simpson`s Rule|심프슨공식|기선을 등간격으로 분할하고 분할된 곡선부분을 근사적으로 2차곡선 또는 3차곡선 등으로 가정하여 기선과 곡선으로 둘러쌓인 면적을 구하는 근사계산법
Sine Wave|정현파|NULL
Single Acting Engine|단동기관|왕복동 기관에서 한 쪽에서만 연소가스나 증기가 작용하여 일을 행하는 기관
Single Anchor Mooring|단묘박|한쪽 닻 만을 사용하는 묘박
Single Bottom|단저|내저판(Inner Bottom)이 없는 단저구조
Single Groove Joint|한면홈이음|접합되는 두 부재 사이에 한 면만 파서 용접하는 이음법
Single Operator Welding Machine|단식 아크용접기|1인의 용접공이 사용하도록 제작된 아크용접기
Single Point Mooring Buoy|일점계류부이|일점계류에 사용되는 부이
Single Pole Single Throw|단극 단투 개폐기|NULL
Single Screw Vessel|일축선|추진축이 하나인 선박
Single Window|싱글윈도우|선박, 사람, 화물의 도착 체류 및 출발과 관련하여 공공기관이 요구하는 모든 정보를 중복 없이 단일 포털을 통해 제출할 수 있도록 하는 서비스 환경
Single Wire System|단선긷 배선방식|지기류나 단상교류 배선에서 한 가닥 만을 배선하고 다른 가닥은 선체로 대신하는 배선방식
Single-Screw Ship|일축선(一軸船|NULL
Singlephase Induction|단상 유도 전동기|NULL
Singlephase Transformer|단상 변압기|NULL
Sinker|싱커|계류에 쓰이는 무거운 추
Siren|사이렌|항로신호나 안개중 신호 등에 쓰이는 경고음 발생장치
Sirocozone System|시로코존방식|선내의 공기조화를 위하여 적당한 온도의 공기를 적당한 오존과 함께 선내로 보내주는 공기조화 장치
Sister Hook|시스터훅|두 개의 갈고리가 합쳐진 모양의 훅
Sister Ship|자매선|동일한 설계로 건조된 동력선
Sistership|자매선(姉妹船|NULL
Size Effect|치수효과|치수에 따라서 재료의 기계적 성질이 달라지는 것
Skeg|스케그|요트 등에서 침로안정과 복원력 향상을 위해 선미부에 수직으로 내리는 지느러미꼴 부재
Skeleton Diagram|골조도|골조로 이루어진 철골구조물이나 건물의 뼈대구조와 구성부재를 나타내주는 도면
Skeleton Drawing|골격도(骨格圖|NULL
Skelp|스켈프|강판을 말아서 용접하여 만든 관
Skid Plate|활판(滑板|NULL
Skill Training|기능향상교육|NULL
Skill Upgrading|기량 향상(技倆向上|NULL
Skills Inventory|종업원 능력재고표|NULL
Skimming|스키밍|NULL
Skin Tank|선체부(船體附) 탱크|NULL
Skipper|소형선 선장|작은 배의 선장
Skylight|천창|채광과 통풍을 위해서 노출갑판에 설치하는 지붕모양의 개폐가 가능한 창
Skylight|천창(天窓|NULL
Slab Keel|슬래브용골|용골의 바깥쪽에 판을 덧대어 강도를 키운 용골
Slack Coal|분탄|크기가 대략 25mm이하로 된 가루석탄
Slack Water|게조|밀물과 썰물 사이에 나타나는 흐름이 멈춘 상태로 하루에 4회 나타남
Slag Inclusion|슬래그 혼입|NULL
Slag Inclusion|슬래그혼입|아크용접시 용착금속 내에 슬래그가 끼어들어 응고된 상태로서 중대한 용접결함 중의 하나임
Slamming|선수하부의 파랑충격|NULL
Slamming|슬래밍|파도에 의해 선수외판이나 측면외판에 가해지는 심한 충격
Slapping|슬래핑|기관고장에 의한 내부잡음
Sleeve Joint|슬리브 이음|NULL
Slewing Crane|선회식크레인|짐을 들어 올린채로 선회할 수 있도록 제작된 크레인
Sliding Cylinder Double Acting Engine|이동실린더왕복동기관|증기왕복동기관에서 피스톤 대신에 실린더가 왕복운동을 하도록 된 기관
Sliding Door|미닫이문|옆으로 밀어 여닫는 문
Sliding Support|슬라이딩 써포트|NULL
Sliding Way|진수미끄럼대|배를 진수시킬 때 쓰는 목재로 된 미끄럼대
Slip Hook|슬립훅|장력이 걸린 체인에서 고리를 밀어서 풀어지도록 만든 연결용 훅
Slip Ring|슬립링|NULL
Slip-on Welding Flange|삽입용접플랜지|관을 플랜지에 삽입하여 용접한 플랜지이음
Slipway Launching|선대진수|선대에서 건조된 배를 여러 가지 방식에 의해서 미끌어져 내리게 하여 물에 띄우는 것
Slop Tamk|슬롭탱크|화물유탱크를 청소하고 나온 기름섞인 물을 저장하는 탱크
Slop Tank|슬롭 탱크|NULL
Slope|기울기|NULL
Slope Alignment|슬로프얼라인먼트|축베어링의 면압을 완화하기 위하여 각각의 베어링 높낮이를 조정하여 축을 지지하는 것
Slot|슬록|골재를 관통시키기 위해 늑판이나 거더 등에 뚫어 주는 구멍
Slot Weld|슬롯 용접|NULL
Slot Welding|슬롯용접|판을 덧붙일 때 덮이는 판에 적당한 크기의 구멍을 뚫어 구멍 둘레를 필렛용접하여 아랫판과 접속시키는 용접법
Slotted Girder|홈파인거더|횡방향의 프렘이나 빔이 관통하도록 구멍(Slot)이 뚫린 종통거더
Slotted Web|홈파인웨브|종방향의 프렘이나 빔이 관통하도록 구멍(Slot)이 뚫린 횡방향 특설프렘의 웨브
Slow-Down|감속(엔진이상시）|NULL
Sludge|슬러지|오물
Slugging|슬러깅|모재에 구멍을 뚫고 여기에 금속을 채워 용융시켜 접합하는 방법
Small Island Developing States (SIDS)|군소도서개발국|지속 가능한 개발을 수행하면서 인구, 자원, 위치, 재해, 취약성 및 환경파괴와 같은 비슷한 문제를 안고 있는 세계 각지의 작은 섬 국가를 통칭하는 말이며, 유엔 사무국에서 SIDS 목록으로 52개국을 수록하고 있음 - SIDS List (웹페이지) http://www.unesco.org/new/en/natural-sciences/priority -areas/sids/resources/sids-list/
Smoke Detector|연기탐지기|방화구역의 공기를 흡입하여 이중에 포함된 연기를 감지하는 장치
Smoke Helmet|방연헬밋|연기에 질식되지 않고 호흡이 되도록 쓰는 마스크
Smoke Pipe Fire Alarm System|연관식화재경보장치|화재발생시의 연기를 감지하여 경보를 발하는 장치
Smoke Tube Boiler|연관식(煙管式)보일러|NULL
Smothering Steam Pipe|소화용증기관|소화용 증기를 보내는 관
Snatch Block|개폐식 도르래|로프를 끼우도록 몸통 덮개를 여닫을 수 있게 만든 도르래
Snip|스닙|형재로 된 보강재의 단부를 비스듬히 쳐내는 것
Sodium Vapor Light|나트륨등(燈|NULL
Soft Solder|연납|납과 주석의 합금으로 연납땜(Soldering)에 사용됨
Soft Water|연수|용전염류가 적은 물
Soft Wood|연질목재|결이 고르고 연한 목재
Soil Pipe|오수관|화장실 등의 오수를 오물탱크나 배 밖으로 보내 주는 관
Solar Battery|태양전지(太陽電池|NULL
Solder|땜납|납땜에 쓰이는 납합금
Soldering|땜질|320℃ 이하에서 용융되는 땜납을 녹여붙여 부품을 접합하는 방법
Soldering Iron|납땜인두|납을 녹여서 부재에 붙이는 데 사용하는 구리인두
Solenoid Valve|솔레노이드밸브|밸브의 개폐가 전자석과 스프링작용으로 이루어지는 밸브
Solenoid Valve|전자(電磁) 밸브|NULL
Solid Casting|일체주물|하나의 주물을 분할하여 주조하지 않고 한 덩어리의 주물로 한 것
Solid Crank|일체크랭크|몇 조각으로 나누이지 않고 하나의 덩어리로 된 크랭크
Solid Floor|실체 늑판(實體肋板|NULL
Solid Floor|실체늑판|중심선 거더로부터 연판 사이가 수직판재로 이루어진 늑판
Solid Frame|단재늑골|단일 혈강으로 구성된 늑골
Solid Pillar|중실기둥|속이 차있는 기둥
Solid Plate Frame|단판늑골|대형군함의 이중저 내에 강화 설치된 늑판과 연결되는 늑골
Solid Propeller|일체 프로펠러|허브와 날개가 일체로 주조된 프로펠러
Solid Shaft|줄실축|속이 차있는 축
Solid Wire|솔리드 와이어|봉의 가운데가 비어 있지 않고 같은 재질로 차있는 와이어
Sonar (SONAR : Sound Navigation and Ranging)|소나|음향탐지기
Sonar : SOund NAvigation and Ranging|음탐기|음향탐지기
Soot|수트|보일러 관수관 등에 부착되는 그을음
Soot Blower|수트블로어|보일러 관수관 이나 이코노마이저 가열관 등에 붙은 그을음을 압축공기나 증기로 불어내는 장치
Sound Absorption|흡음|물질 표면에 음파가 입사되면 음향에너지의 일부가 반사되지 못하고 열이나 다른 형태의 에너지로 전환되는 현상
Sound Insulation|방음재(防音材|NULL
Sound Insulation|차음|칸막이 등을 사용하여 인접지역의 소음을 차단하는 것
Sound Insulation Construction|방음구조|음성의 전파를 차단하는 구조
Sound Level Meter|소음계|음압레벨의 계측기기
Sound Level Meter|지시소음계|소음계와 같음
Sound Powered Telephone|음압(音壓) 전화기 (외부 전원 불필요）|NULL
Sound Structure|안전 구조(安全構造|NULL
Sounding Pipe|측심관(測深管|NULL
Sounding Rod|측심봉|탱크 내의 액면을 재기 위한 기구
Space Heater|전기장치 내부(內部) 응축 방지용 전열기|NULL
Span of Control|통제 범위(統制範圍|NULL
Spar Varnish|스파바니시|건성유분이 많은 바니시 도료로서 건조는 더디나 내후성 등이 좋아 외부도료로 사용됨
Spare Part|예비품(豫備品|NULL
Spare Parts|예비품|기기류의 예비교환부품
Spare Room|예비실|평상시는 비어 두고 내빈용 등으로 사용하는 선실
Spark Igniter|스파크점화기|스파크로 생기는 전기불꽃을 이용하는 점화기의 총칭
Sparring|선측내장(船側內張)판|NULL
Spatial Analysis|공간분석(空間分析|NULL
Spatter|스패터|아크용접이나 가스용접에서 용접 중에 비산하는 슬래그나 금속입자
Spatter|튕김|아크용접에서 용융금속이 아크압력으로 입자모양이 되어 아크분위기 밖으로 튀어 나가는 것
Spatter Loss|스패터 손실|스패터에 의한 용융금속의 손실
Spatter Loss|튕김손실|튕김현상으로 인한 용착금속의 손실량
Special Rules|특별규칙|국제협약의 조문에서 특별규칙 조항을 통해 일부 합의에 따라 특별규칙을 신설할 수 있도록 하고 있음. SOLAS 경우 특별규칙에 따라 협약 및 코드의 4년 주기 발효 체계를 구축한 바 있음
Special Service Ship|특수작업선|해상에서 생기는 여러 종류의 특수작업에 사용되는 선박들의 총칭
Special Steel|특수강(特殊鋼|NULL
Special Survey|정기검사|선박과 인명의 안전을 위하여 정기적으로 실시하는 정밀검사
Special Survey|정기검사(定期檢査|NULL
Special category space|특수분류구역|여객선에서 로로 구역과 유사하게 차량을 적재할 수 있는 구역으로, 여객이 직접 자동차를 운전해서 출입할 수 있으며, 특히, 여객이 출입할 수 있는 구역
Specialized Agencies of the United Nations|유엔전문기구|유엔과 협정을 맺고 제휴 협력하며, 특정한 목적과 임무를 수행하는 정부 간 국제기구를 의미함. 정부 간 협정에 따라 설치되고, 유엔과 협력관계를 유지하면서 경제 사회 문화 교육 보건 기타 연관된 분야에서 특정한 목적과 임무를 수행하는 국제기구임. 협정은 유엔경제사회이사회(ECOSOC)와 각 전문기구 사이에 체결하여 유엔 총회의 승인을 받고, 전문기구들은 독자적인 회원국 제도를 가지며, 입법 행정기구, 사무국 및 자체 예산을 갖는 자율적인 기구임. 현재 15개 전문기구가 있음
Specific Gravity|비중(比重|NULL
Specific Heat|비열(比熱|NULL
Specification (Spec.|사양서(仕樣書|NULL
Spectacle Flange|스펙타클 플렌지|NULL
Spectacle Stern Frame|안경꼴 선미골재|쌍축선에서 프로펠러 축 후단을 지지하기 위하여 선저로 돌출시킨 선미관 지지골재로 뒤에서 본 양현대칭 모양이 안경같아서 붙은 이름
Spectrum|스펙트럼 [ 방사의 ]|NULL
Specular reflection|경면 반사|NULL
Speed Governor|조속기(調速機|NULL
Speed Log|선속(船速) 지시기|NULL
Speed Log|선속계|선박의 속도를 측정하는 장치
Speed Reduction|감속|추진기관의 출력조절로 선박의 속력을 늦추는 것
Speed Regulation|속도 조정(速度調整|NULL
Speed Trial|속력시운전|배의 속력성능 확인을 위하여 해상에서 실시하는 실선시험
Speed of Advance of Propeller|프로펠러전진속도|프로펠러의 물에 대한 상대적인 전진이동속도
Speedmeter|속도계|속도를 측정하는 계기
Sphere|구형광속계|NULL
Spherical Tank|구형(球形) 탱크|NULL
Spigot|스피것|마주보는 파이프 플랜지가 확실하게 맞물리도록 한쪽은 파이고 한쪽은 튀어오게 하는 암수 짝 중에서 튀어나온 쪽의 돌기
Spilled Oil Collecting Device|부유유수인입장치|오염된 해면의 유수를 흡입하는 장치
Spindle|스핀들|공작기계에서 절삭공구를 물고 회전하는 강성이 높고 정밀한 내마모성 훅의 총칭
Spiral Duct|나선형(螺旋形) 덕트|NULL
Spiral Spring|와형스프링|소용돌이 꼴로 강판을 말아 만든 스프링
Spirit Level|수준기|유리관 속 액체에 떠있는 공기방울의 위치로 수평을 측정하는 계측기
Splinter Bulkhead|방충격벽|군함에서 폭풍이나 파편등으로부터 보호받기 위하여 설치하는 격벽
Split Primary Type Reduction Gear|스플플릿프라이머리형 감속장치|삼단감속기어로서 한쌍의 원동기축 기어가 한쌍의 프로펠러축 기어의 바깥쪽에 위치한 기어배치임
Split Secondary Type Reduction Gear|스플릿세컨더리형 감속장치|삼단감속기어로서 한쌍의 원동기축 기어가 한쌍의 프로펠러축 기어의 안쪽 사이에 위치한 기어배치임
Spoiler|양력감소장치|유체흐름을 교란시켜 양력을 감소시켜주는 수중날개
Spontaneous Combudtion|자연연소|산화되기 쉬운 물질이 대기 중에서 자연적으로 산화하여 연소되는 현상
Spontaneous Ignition|자연발화|산화되기 쉬운 물질이 대기 중에서 자연적으로 산화하여 점화되는 현상
Spool Piece|스푸울 피이스|NULL
Spot Heating|점 가열(點加熱|NULL
Spot Heating|점가열법|용접변형을 일으킨 판재를 바로잡기 위하여 행하는 점가열 수축방법
Spot Inspection|현장 검사(現場檢査|NULL
Spot Weldimg|점용접|얇은 판을 겹쳐놓고 전극으로 누르면서 전기를 통하여 저항열에 의하여 부분용해되면서 붙게 하는 용접방법
Spot Welding|점 용접|NULL
Sprash Proof|물튀김막이|파도의 물이 튀기는 것을 막아주는 구조물
Spray Proof|물보라막이|물보라를 막기 위하여 덮어주는 스크린이나 커버
Spray Strip|물보라막이띠|물보라의 발생이나 외판을 타고오르는 것을 막기 위해 외판에 붙여주는 좁은 띠
Spread Solar Power|위성 태양 발전|NULL
Spring Line|스프링 라인|선박 계류시 선수미에서 서로 반대방향으로 어나게 매어지는 계류로프
Spring Steel|스프링강|스프링의 재료로 사용되는 탄성이 뛰어난 고탄소합금강
Spring Tide|대사리|보름을 지난 1~3일 간에 나타나는 간만차가 심한 때의 만조
Spring Washer|스프링 와서|스프링처럼 탄력을 갖도록 어긋쳐있는 모양의 와서
Springing|스프링잉|긴 파장의 물결로 배가 지속적으로 일으키는 상하진동
Sprinkler System|살수장치|소화나 뜨거운 갑판을 식히기 위하여 갑판상에 물을 뿌려 주는 장치
Spud Keeper|스퍼드키퍼|스퍼드를 선체에 잡아매는 쇠붙이
Square|직각자|직각을 그리거나 확인하는 데 사용하도록 만들어진 자
Square Bar (Sq. Bar|사각봉(四各棒|NULL
Square Netter|부망어선|사각형어망을 물에 펼쳐놓고 미끼나 집어등으로 고기를 모은 후 그물의 가장자리를 졸라 고기를 잡는 어선
Square Station|분할스테이션|배의 측면선도(Sheer Plan)상에서 선수 미간을 등간격으로 분할하여 그은 수직선
Square Station|횡절면(橫截面|NULL
Square Stern|각형선미|배의 뒤끝이 수직평면으로 이루어진 선미
Squareness|직각도(直角度|NULL
St. Lawrens Seaway Signal Light|센트로렌스시웨이 신호등|센트로렌스운하 및 오대호 항로규칙에 따라 부착하는 신호등
Stability|복원성|배가 외력에 대항하면서 직립자세를 유지하려는 성능
Stability Curve|복원력(復原力) 곡선|NULL
Stabilizer|동요감소장치|감요장치와 동의어
Stable Equilibrium|안정평형|선박의 메타센터가 중심보다 위에 위치하는 상태
Stacked Avalanche|사모스|NULL
Stage Plank|발판판자|높은 곳에 올라서 작업할때 딛고 서는 판자
Staggered Intermitent Fillet Weld|지그재그필릿용접|단속필릿용접에서 양 쪽이 서로 엇갈리게 비드를 배치하는 용접방식
Staggered Lauout|엇갈림관배치|보일러 열교환기 등 관의 전열효과를 높이기 위하여 관을 서로 마주보지 않도록 엇갈리게 배치하는 것
Staggered Welding|지그재그형 용접|NULL
Staging|작업대(作業臺|NULL
Staircase|계단(階段|NULL
Stairway|계단(階段|NULL
Stand Roller|스탠드롤러|계류용 로프의 방향을 바꿀 때 사용하는 갑판위의 롤러
Stand-by Generator|예비발전기|사용중인 주발전기의 고장이나 정비시에 연속적인 급전을 위해 운전하는 별도의 주발전기
Stand-by Machine|예비기|이중장비가 요구되는 보기중의 하나
Stand-by Power|예비전원|사용중인 전원의 고장이나 정비시에 연속적인 급전을 위해 별도로 설치된 전원
Standard Check List|표준점검항목표|NULL
Standard Compass|표준나침반|선박의 컴퍼스 중 기준이 되는 자기컴퍼스
Standard Deviation|표준편차(標準偏差|NULL
Standard Drawing|표준도|NULL
Standard Fire Test|표준화재시험|선박방화구조기준에 따라 주어진 시간과 온도관계가 구비된 상태에서 행하는 화재시험
Standard Range|표준범위(標準範圍|NULL
Standard Salt Water|표준해수|3.5%의 염분을 포함하며 섭시15도일 때의 비중이 1.026이 되는 물
Standard Sheer|표준현호|선박의 만재흘수선규정에서 표준으로 정한 현호
Standard Ship|표준선(標準船|NULL
Standard Signal Generator|표준신호 발생기|NULL
Standard Specification|표준사양서|NULL
Standard Time|표준 시간(標準時間|NULL
Standard Tolerance|표준공차(標準公差|NULL
Standard Voltage|표준전압|기기를 표준화하고 선내배전체계를 단순화하고 호환성을 높이기 위한 전압의 통일화
Standard design|표준도면(標準圖面|NULL
Standardization|표준화(標準化|NULL
Standing Rigging|고정용(固定用)wire (마스트등의|NULL
Staple|꺽쇠|목재를 결합할 때 사용되는 ㄷ자형의 쇠붙이
Starboard|우현|선수로 향하여 배의 오른 쪽
Start and Completion Date|착수및 완료일|NULL
Starter|시동기|주기관의 시동을 위해 사용되는 소형기관 또는 전동기
Starting Air|시동공기|내연기관의 시동에 사용되는 압축공기
Starting Air Reservoir|시동공기 탱크|시동용 압축공기를 저장하는 고압탱크
Starting Engine|시동기관|대형 고속디젤기관의 시동용으로 사용되는 소형보조기관
Starting Test|시동시험|디젤기관의 정상 상태에서 압축공기탱크의 재충전 없이 반복할 수 있는 시동횟수를 확인하는 시험
Starting Transformer|시동용 변압기|NULL
Starting and Runoff Tabs|용접 착수/완료점의 가이드|NULL
Starting electrode|시동전극|NULL
Starting voltage|시동전압|NULL
Statement|성명, 담화문|담화문이란 특정 사안에 대한 의견을 공적으로 발표하기 위해 작성하는 문서를 지칭함. 일반적으로 담화문은 공적인 자리에 있는 주무 부처의 장관 등이 국가 현안에 관한 의견을 밝히기 위해 작성 되며 담화문의 내용은 작성 당시의 주요 현안이나 발표자의 견해에 따라 자유롭게 구성하여 작성
Static Electricity|정전기|NULL
Static Electricity|정전기(靜電氣|NULL
Static Fuel Consumption|정적연료소비량|배가 정지한 상태로 운전할 때의 연료소비량
Static Induction|정전 유도|NULL
Static Load|정하중|정력학적인 하중
Static Load|정하중(靜荷重|NULL
Static Stability|정적(靜的) 복원력|NULL
Statical Stability|정적복원력|배가 직립상태에서 어떤 각도로 경사되었을 때 형성되는 직립으로 돌아가려는 모멘트
Station|스테이션|선수수선과 선미수선간을 10등분 또는 20등분하여 세운 중간수선으로 이것들에 의해서 나타나는 선체횡단면 곡선들을 정의함으로써 선형이 결정됨
Station Bill|비상배치(非常配置)표|NULL
Station Line|스테이션 라인|NULL
Statistical Analysis|통계적(統計的) 분석|NULL
Statutory Deck Line|법정갑판선|건현갑판의 상면연장선과 외판 표면이 만나는 선
Statutory Freeboard|법정건현|만재흘수선규정에서 지정한 건현
Statutory Spare Parts|법정(法定)예비품|NULL
Stay|선체 내측지주(支柱|NULL
Stay and Shores|선체건조중 지주 (내측/외측|NULL
Steady (Course)|스테디|전방의 목표를 정해놓고 침로를 유지하라는 조종명령
Steady Turning|안정선회|배가 어떤 타각으로 선회할 때 유동이 없이 선회되는 데 도달한 상태
Steady Vessel|안정선|정상적인 동요를 하는 선박
Steady Wind|정상풍|돌풍이나 무풍상태가 없이 일정하게 부는 바람
Steam Blast|증기분사|증기를 기름유출방향의 직각으로 발산하여 무화시키는 장치
Steam Boiler|증기보일러|밀폐된 용기 내의 물을 가열증발시켜 압력이 높은 증기를 발생시키는 장치
Steam Engine|증기기관|증기를 작동유체로 하여 동력을 발생시키는 기관
Steam Generator|증기발생기|증기를 발생시키는 장치
Steam Hammer|증기해머|증기의 힘으로 구동하는 기계식 해머
Steam Heater|증기난방기|증기의 응축잠열을 이용하여 난방하는 장치
Steam Meter|증기미터|증기의 유량을 측정하는 계기
Steam Reciprocating Engine|증기왕복동기관|NULL
Steam Ship|기선|스팀 터빈을 주기관으로 하는 선박
Steam Siren|증기사이렌|증기를 불어넣어 소리를 내는 사이렌
Steam Smothering System|증기 소화장치|NULL
Steam Trap|증기 트랩|NULL
Steam Turbine|증기 터어빈|NULL
Steam Turbine|증기터빈|증기를 회전날개에 뿜어주어 날개를 회전시킴으로써 동력을 얻는 기계장치
Steam Turbine Ship|증기터빈선|증기터빈을 주기관으로 하는 선박
Steam Whistle|증기기적|증기로 소리를 내는 기적신호
Steel Cutting (S/C|강재 절단(鋼材切斷|NULL
Steel Deck|강갑판|철강판으로 된 갑판
Steel Hatch Cover|강제창구덮개|철강재로 된 화물창구의 덮개
Steel Hawser|강제 호우저|배를 묶거나 끄는데 쓰는 철강제 밧줄
Steel Ingot|강괴|용해된 강철을 몰드에 주입하여 일정한 크기로 만든 덩어리
Steel Ordering|강재 주문|NULL
Steel Plate|강판|강괴를 압연하여 판 상태로 만든 철강재
Steel Plate|강판(鋼板|NULL
Steel Ship|강선|철강재로 건조된 배
Steel Stock Yard|강재적치장|NULL
Steel Tower Scaffold|고정식 작업대|NULL
Steerable Duct Propeller|조종식덕트프로펠러|수직축이 회전할 수 있어 배를 회전시킬 수 있는 덕트가 붙은 프로펠러
Steerage Way|최저조타속력|조타가 가능한 최저전진속럭
Steerin Gear Test|조타시험|조타장치의 성능을 조사하는 시험
Steering Committee|운영위원회|SC (Steering Committee), steering 단어는 조정, 조타 등의 뜻을 의미하며 committee 단어는 권한을 위임받은 사람 또는 단체를 의미 일반적으로 Steering Committee는 어떤 단체나 기구의 중요한 선택을 결정하는 실질적인 운영위원회를 의미함
Steering Compass|조타컴퍼스|선박을 조타할 때 침로와 선수방향을 맞추기 위해 사용되는 자기컴퍼스
Steering Engine|조타기관|조타기를 작동시키기 위한 동력을 공급하는 기관
Steering Gear Alarm|조타기경보|조타전동기 등의 이상을 알려주는 경보장치
Steering Gear Room (S/G Rm|타기실(舵機室|NULL
Steering Quadrant|조타쿼드런트|타의 회전력을 전달하기 위하여 타두제 상단에 붙은 부채꼴의 쇠붙이
Steering Rudder|수직타|일반적인 타로 잠수함의 수평타와 구분하기 위해 부르는 호칭
Steering Test|조타 시험(操舵試驗|NULL
Stem|선수재|선체 최선단 중심선상에 붙는 골재로 선수외판이 여기에 연결됨
Stem|선수재(船首材|NULL
Stem|이물|선수와 같은 뜻
Step in the Construction Process|건조공정의 단계|NULL
Step-up Gear|증속기|주기나 주축의 회전수를 축구동발전기 등의 회전수로 증속시키는 기어장치
Stepped Bulkhead|유단격벽|벽면에 계단이 진 격벽
Sterilizer|살균소독기|NULL
Sterilizer|음료수살균장치|음료수를 살균처리하는 장치
Stern Body|선미부|선체중앙 뒤쪽의 선체를 통칭함
Stern Bulb|선미단벌브|저항감소를 목적으로 선미단 수면근처에 붙이는 벌브
Stern Bulb|선미벌브|추진성능 향상을 위하여 프로펠러 주위에 붙이는 벌브
Stern Bush|선미관(船尾管) 부쉬|NULL
Stern Chute|스턴슈트|케이블을 리드하기 위해 선미에 설치한 미끄럼 골
Stern Construction|선미 구조(船尾構造|NULL
Stern Construction|선미구조|선체 후반부구조의 총칭
Stern Construction Profile|선미구조도|선미부를 선체중심선에 따라 종방향으로 절단한 도면
Stern Engine|선미기관|선미쪽에 배치되는 주기관
Stern Frame|선미골재(船尾骨材|NULL
Stern Light|선미등|해상충돌방지를 위해 선미에 다는 등
Stern Line|스턴라인|선미에서 뒤로 나가는 계류용 로프
Stern Ramp|선미(船尾) 램프|NULL
Stern Thruster|선미 스라스트|NULL
Stern Tube|선미관(船尾管|NULL
Stern Tube Bearing|선미관베어링|회전축과 선미관 시이에 들어가는 베어링
Stern Tube Bush|선미관 부시|선미관 뒤쪽 내면에 끼우는 황동 또는 화이트메탈
Stern Tube Cooling Water Tank (S/T C.W.Tk|선미관 냉각용 청수탱크|NULL
Stern Tube Gland|선미관글랜드|선미관 앞쪽에서 패킹을 눌러 주어 물이 새들어오는 것을 막아주는 부품
Stern Tube LubricatingOil {ump|선미관윤활유펌프|선미관 윤할을 위한 기름을 순환시키는 펌프
Stern Tube Shaft|선미관축|선미관을 통과하는 추진축 토막(중간축이 있을 때)
SternTube Nut|선미관너트|선미관을 선미골재에 고정하는 너트
Sternpost|타주재|타를 받혀주는 부재
Steward|주방원|주방에서 근무하는 선원
Stiffener|보강재|판재가 하중을 받아 휘거나 변형되는 것을 막아주기 위해 붙이는 형재
Stiffener (stiff.|보강재(補强材|NULL
Stiffener Member|골재|판구조의 보강을 위하여 적당 간격으로 붙여주는 형강재
Stiffening Member|보강재|NULL
Still Water|정수|풍랑과 흐름이 없는 수면
Stinger|스팅어|육상 진수대에 이어져 수중에 설치되는 지지대로 부침이 가능하도록 부력을 조절함
Stock Anchor|유간대묘|스톡앵커와 동일
Stock allowance|가공여유(加工餘裕|NULL
Stockless Anchor|스톡리스앵커|재래식 앵커에 붙은 앵커스톡(해저에 꼽히는 암과 90도를 이루는 봉)이 없는 개량식 앵커
Stocktaking|재고조사(在庫調査|NULL
Stone Carrier|돌운반선|석재를 운송하는 선박
Stool|스투울|NULL
Stool|스툴|파형격벽의 상하단에 설치하는 구조물로 격벽의 두께를 줄이고 갑판이나 이중저판과의 연결을 강화시켜줌
Stoppage of an operation|작업 중지|어떠한 결함으로 작업의 계속이 복합적으로 위험을 끼치는 것을 우려하여, 선박이 작업을 지속하지 못하도록 하는 공식적 금지 조치
Stoppimg Distance|정지거리|배가 전진상태에서 기관을 정지하거나 역전시켰을 때부터 선체가 정지될 때까지 진행한 거리
Storage Battery|축전지(蓄電池|NULL
Storage of Cut Parts|절단부재 보관|NULL
Storm Rail|스토옴 레일|NULL
Storm Rail Bracket|스톰레일브래킷|스톰레일을 벽에 붙일 때 쓰이는 쇠붙이
Storm Valve|스토옴 밸브|NULL
Storm Valve|스톰밸브|외판 배수구에 설치된 해수역류(침입)를 막아주기 위한 밸브
Stowage Factor|적하율|화물 1톤(240lbs)을 적재하는데 필요한 화물창 용적(입방피트)
Stowage Plan|화물적재도|화물의 적재상태를 나타내는 도면
Stowage/ Segregation|위험물 적재 및 격리|적재(Stowage)란, 운송 안전 및 환경보호를 확보하기 위하여 위험물을 적절하게 배치하는 것 (예, 갑판 상부 또는 갑판 하부). 격리(Segregation)란, 위험물 유출 등 사고로 과도한 위험을 초래할 가능성이 있어 상호 혼적할 수 없도록 두 가지 이상의 위험물을 격리하는 것 (예, 산성 물질과 1구획실 격리하여 적재할 것)
Stowaway|밀항자|선내에 숨어들어 불법으로 국외로 나가는 사람
Stowaways|밀항자|밀항자란 선주나 선장 그리고 관리자의 동의 없이 선박이나 적재 중인 화물 안에 숨어들어 출항 후 선박이나 다음 항만에서 하역 작업 시 적발된 자를 지칭함. 선장은 발견 즉시 관할 당국에 보고해야 함
Straight Lined Vessel|직선형선|건조시간과 비용을 줄이기 위하여 곡면이 적은 직선과 평면으로 이루어진 선박
Straight Poiarity|정극성|직류아크용접에서 모재가 양극이 되고 용접봉이 음극이 되게 하는 극성
Straight Stem|직선선수|측면에서 보아 직선으로 된 선수
Straight Timber|직재|곧은 원목에서 제재되어 나무결이 부재 길이방향과 같은(10도 이내) 목재
Straightening|곡직(曲直|NULL
Straightning|바로잡기|굽거나 뒤틀린 부재를 바로잡는 일
Strain Gage|스트레인게이지|단위길이당 변형량을 측정하는 게이지
Strain Hardening|변형경화|재료에 항복점 이상의 하중이 걸려 소성변형이 일어났을 때 재료의 경도가 높아지는 현상
Strait|해협|NULL
Strake below Sheer Strake|부현측후판|현측후판 바로 아래줄에 배치되는 외판으로 현측후판과 일반외판의 중간두께를 취함
Stranding|좌초 사고(坐礁事故|NULL
Strapped Joint|덮개판 이음|부재의 표면과 덮개판의 변두리를 필렛용접으로 연결하는 이음법
Strapped Joint|스트랩연결|두 부재를 맞대기 연결할 때 직접 용접하지 않고 위에 스트랩(프랫바)을 얹어서 두 부재와 필렛용접으로 연결시키는 방법
Stream Line|중묘줄|중묘(Heavy Anchor)의 체인 대신에 사용할 수 있는 로프
Streamline Rudder|유선타|단면형상이 유선형이 되도록 만든 타
Strectcher|구급용 들것|NULL
Street lighting|가로조명|NULL
Strength Deck|강력갑판(强力甲板|NULL
Strength Freeboard|강도건현|국제만재흘수선규약에 따라 정해지는 선체 강도기준의 흘수선
Stress Analysis|응력해석(應力解析|NULL
Stress Concentration|응력 집중(應力集中|NULL
Stress Fatigue|응력피로|반복응력으로 인한 피로파단현상
Stress Relief Heat Treatment|응력제거열처리|변태점 이하나 재결정온도 이하로 가열하였다가 서서히 냉각시킴으로써 구조물의 내부응력을 해소시켜주는 방법
Stress Relieving|응력 제거(應力除去|NULL
Stress due to Vibration|진동응력|진동변형으로 인하여 부재에 발생하는 변형
Striking Plate|스트라이킹 판|NULL
String Bead|스트링비드|운봉하지 않고 곧장 진행하는 용접비드
Stringer Deck|스트링거 데크|NULL
Stringer Plate|스트링거 판|NULL
Stringer Plate|스트링거판|선측외판에 인접된 갑판 가장자리에 붙는 종통판재
Stringer(Stri.|선측 종통재(縱通材|NULL
Stripe Coat|용접부등 선행도장|NULL
Stripping Pump|스트리핑 펌프|NULL
Stroke|행정|왕복동기관의 피스톤이 움직이는 거리
Stroke Volume|행정체적|피스톤의 단면적에 행정을 곱해서 얻어지는 체적
Strong Beam|특설(特設)비임|NULL
Strongback|스트롱백|NULL
Structural Detail|구조 상세(構造詳細|NULL
Structural Deterioration|선각구조의 열화|NULL
Structural Shape|구조용 형강재|NULL
Structural Steel|구조용강(構造用鋼|NULL
Structural accessibility|구조 접근성|선체구조를 유지ㆍ보수ㆍ검사하기 위하여 선체의 모든 부분에 쉽게 접근할 수 있도록 통로 및 사다리 등을 설치하는 것
Structure Over Upper Deck|상부구조|선루와 갑판실의 총칭
Structureborne Noise|고체전달 소음(騷音|NULL
Strut Bearing|스트럿베어링|다축선의 축을 지지하는 스트럿과 축 사이에 붙은 베어링
Strutual lighting;|건축화 조명|NULL
Stud Bolt|스터드 볼트|NULL
Stud Welding|스터드 용접|NULL
Stud Welding Machine|스터드 용접기|NULL
Stuffing Box|스터핑 박스|NULL
Stuffing Box|스터핑박스|작동유체의 누설을 막아주기 위해 패킹을 채워넣는 공간
Sub-Block Assembly/ Subassembly|중조립(中組立|NULL
Sub-Committee|전문위원회|위원회와는 별도로 좀 더 세부적이고 기술적인 내용을 깊이 있게 논의하기 위해 국제해사기구(IMO)는 MSC 및 MEPC 산하에 7개의 전문위원회를 두고 있으며 그 체계는 아래 그림과 같음 < 출처: IMO KOREA 홈페이지 >
Sub-Standard Vessel|기준미달선박|항만국통제 검사 결과에 따라 해상안전, 해양오염 방지 그리고 선원 근로환경 측면에서 국제협약 차원의 요건을 만족시키지 못해 일정 횟수 이상의 출항 정지(Detention)가 결정된 선박
Subcontracting Cost|외주 비용(外注費用|NULL
Subcontracting Management|외주관리(外注管理|NULL
Subdivision|구획(區劃|NULL
Subdivision Rule|구획만재흘수선 규칙|NULL
Submarine|잠수함(潛水艦|NULL
Submarine Rescue Ship|잠수함구조선|침몰한 잠수함에서 승무원을 구조하는 보조함
Submarine Signal|수중신호|수중으로 보내는 음파신호
Submerged Arc Welding|서브머지드 아크용접|피복되지 않은 용접봉과 모재사이에 아크가 노출되지 않고 보호되도록 플럭스 입자로 덮은 상태에서 행해지는 아크용접
Submerged Arc Welding|잠호용접|서브머지드아크용접 참조
Submersible Dredger|잠수준설선|해저에서 작업하는 준설선
Subordinate|하급자(下級者|NULL
Subsidiary Body for Scientific and Technological Advice (SBSTA)|과학기술자문부속기구|유엔기후변화협약 당사국총회와 보조 기관에 협약과 관련된 과학·기술 문제에 관한 정보와 자문을 제공하며, 매년 2회 개최함. 이 기관은 모든 당사자의 참여를 개방하며 유관 전문분야의 권한 있는 정부 대표로 구성됨
Substandard Vessel|기준미달(基準未達)선|NULL
Substantially Completed|공사완료 상태(狀態|NULL
Substation|변전소(變電所|NULL
Substitution of the Materials|자재 대체(資材代替|NULL
Subsurface Wave|수면아래파형|일정한 깊이에서 형성되는 유체입자의 운동으로 얻어지는 파형으로 표면파보다 완만함
Succeeding|후속(後續)의|NULL
Successive Ship|후속선(後續船|NULL
Suction|흡입|액체를 빨아드리는 것
Suction Drdger|커터리스펌프준설선|커터가 없이 해저의 토사를 그대로 빨아올려 배출하는 준설선
Suction Filter|흡입 여과기|NULL
Suction Head|흡입 수두(吸入水頭|NULL
Suction Head|흡입헤드|토사수의 흡입구
Suez Canal Tonnage|수에즈운하톤수|수에즈운하의 톤수규정에 따라 측정된 톤수로 통행료 산정기준이 됨
Suez Canal Tonnage Certificate|수에즈운하톤수증서|수에즈운하 통행료를 산정하기 위하여 관청이 발급하는 톤수증서
Suezmax|수에즈막스|NULL
Suggestion System|제안 제도(提案制度|NULL
Summation Table|집계표(集計表|NULL
Summer Freeboard|하기건현(夏期乾舷|NULL
Summer Load Line|하기만재흘수선|국제만재흘수선협약에 규정한 하계구역에서 유지할 수 있는 최대흘수
Summer Tank|하기탱크|주기름탱크의 팽창트렁크와 양현측 사이에서 배의 길이방향으로 설치되는 보조탱크
Summer Timber Load Line|하기목재만재흘수선|갑판상에 목재를 싣는 목재운반선에 대하여 국제규약에서 규정한 하계구역의 해상에서 허용되는 흘수
Summer Zone|하계구역|국제만재흘수선협약에 따라서 일년 내내 여름철 해상조건을 갖는다고 인정되는 해역
Sunken Forecastle Deck|저선수루갑판|저선수루의 천정이 되는 갑판
Sunken Superstructure|저선루|선루의 높이가 보통의 배보다 낮고 선루 내의 상갑판이 연속되지 않는 선루
Super Block|선행탑재 블록|NULL
Super Conducting Quantum|스퀴드|NULL
Supercharging|과급|내연기관의 출력을 높이기 위하여 실린더에 공급되는 공기를 압축하여 보내는 것
Superheater|과열기(過熱器|NULL
Superintendent|감독|NULL
Superintendent Engineer|선주감독기사|선박건조나 수리를 감독하기 위하여 선주가 파견한 기술자
Supersonic Type Flow Meter|초음파유량계|유속에 따라 음파의 전파시간이 변하는 것을 이용하여 유량을 측정하는 계기
Supersonic Type Level Gauge|초음파액면계|초음파의 반사시간에 의하여 액면의 위치를 측정하는 계기
Superstructure|선루|상갑판 위에 세워지는 구조물로 위에 덮이는 갑판이 양현에 도달하는 구조물
Superstructure|선루(船樓|NULL
Supervisory Control & Data|지역 급전 시스템|NULL
Supervisory Training|감독자 훈련|NULL
Support|지지물|NULL
Support (Supp't|지지대(支持臺|NULL
Support Cap|지주용 캡|NULL
Supporting Block|지지용 블록|NULL
Surface Acoustic Wave|찬성 표면파|NULL
Surface Bend Test|표면굽힘시험|맞대기이음 용접부에서 비드의 표면이 바깥쪽으로 오게하는 굽힘시험
Surface Defect|표면 결함(表面缺陷|NULL
Surface Defect|표면결함|표면에 생긴 결함
Surface Hardening|표면경화|열처리방법 등으로 금속표면을 경화시키는 것
Surface Inspection|표면검사|표면결함을 조사하는 검사
Surface Prep. and Painting|전처리 및 도장|NULL
Surface Roughness|표면거칠기|금속표면의 거친 정도
Surface Tension|표면장력|서로 섞이지 않는 두 유체의 경계면 사이에서 유체로 된 엷은 막이 인장을 받을 때와 같은 성질을 보이는 물리적 현상
Surface Treatment Grade|전처리(前處理) 등급|NULL
Surfacing|표면 피복용접|금속 표면에 다른 종류의 금속을 용착시키는 것
Surge Absorber|서지 흡수기|NULL
Surge Generator|서지 발생기|NULL
Surge Impedance|서지 임피던스|NULL
Surge Tank|서지탱크|압력이나 유량의 일시적 불균형을 조정하기 위하여 설치된 탱크
Surge Voltage|서지 전압|NULL
Surging|서징|선체의 전후방향 직선 왕복운동
Surging|전후동요|선체의 길이방향수평축에 의한 직선왕복운동
Survey Meter|탐사계|모니터링을 위하여 방사선을 측정 검출하는 계기
Survey Report|검사 보고서|NULL
Surveying Ship|측량선|수로측량에 종사하는 선박
Surveyor / Inspector / Auditor / Investigator|검사관 / 검사원 / 심사관 / 사고조사관|국내법에서는 선박안전법(제76조) 및 동법 시행규칙(제97조, 제97조의2), 해사안전법 시행령(제18조), 해양사고의 조사 및 심판에 관한 법률(제16조의2)에서 검사관(검사원)/ 심사관/ 사고조사관의 채용기준에 대한 사항을 규정하며, 이를 통해 기국 차원의 검사 및 심사를 진행하도록 함
Survival Craft|생존정|조난 후의 인명을 유지시켜 주는 배
Survival Suit|방수및 방온구명복|NULL
Suspended Solid|부유 물질(浮遊物質|NULL
Sution Side|흡입면|프로펠러가 유체 중에서 작동할 때 압력이 떨어지게 되는 면
Swage Bulkhead|스웨지 격벽|NULL
Swash Bulkhead|제수 격벽(制水隔壁|NULL
Swaying|스웨잉|선체의 가로축방향 병진동요
Sweat Pipe|스웨트파이프|온도차로 생기는 결로를 모아 아래로 보내는 관
Swell|너울|바람에 의하지 않고 전파되는 파장이 긴 물결
Swimming Pool|수영장|NULL
Swing Check Valve|스윙 체크밸브|NULL
Switch Box|스위치함|스위치나 콘센트를 설치하기 위해 붙인 철제 상자
Switchboard, Switchgear|배전반|NULL
Swivel|스위블|체인과 케이블 또는 앵커와 케이블의 연결고리로서 자유롭게 회전되도록 하여 꼬임을 막아주는 고리
Swivel Hook|스위블 훅|회전이 자유롭도록 스위블이 붙은 훅
Swivel Joint|스위블 이음|NULL
Symbols|기호(記號|NULL
Symmetrical (sym.|대칭(對稱|NULL
Synchronization|동기화(同期化|NULL
Synchronous Generator|동기 발전기|NULL
Synchronous Impedance|동기 임피던스|NULL
Synchronous Induction|유도 전동기|NULL
Synchronous Motor|동기 전동기|NULL
Synchronous Reactance|동기 리액턴스|NULL
Synchronous Speed|동기 속도|NULL
Synchronous phase|동기 조상기|NULL
System|시스템，계통|NULL
System-Oriented Work|시스템위주 작업|NULL
T/G (Turbo-Generator|터어빈 발전기|NULL
TACK WELDING|가용접|NULL
TANGENT LINE|탄젠트라인|NULL
TANK|액체 저장 탱크|NULL
TAR EPOXY PAINT|W.B.TK에 주로 사용되는 PAINT|NULL
TBT (Tributyl-Tin)-Based|유기주석계|NULL
TCG (Transverse Center of Gravity|횡방향 중심(重心|NULL
TDC (Top Dead Center|상사점(上死點|NULL
TECHNI-GAZ|멤브레인형 LNG선을 개발한 프랑스의 한 회사|NULL
TECHNICAL ASSISTANCE|기술지도|NULL
TELEGRAPHIC TRANSFER|전신 송금|NULL
TEMPERATURE INDICATING|템필스틱|NULL
TEMPERATURE INDICATING CRAYONS|템필스틱|NULL
TEMPERATURE RELAY|온도 계전기|NULL
TEMPERATURE RISE|온도 상승|NULL
TENSILE STRENGTH|인장 강도|NULL
TERMINAL LUG|단자|NULL
TEST LOAD|시험 하중|NULL
TEST PRESSURE|시험 압력|NULL
TEU (Twenty-Feet Equivalent Unit|컨테이너(20ft) 환산 적재량|NULL
TGA|열중량 분석|TGA (Thermogravimetric Analysis), 일정 시간 동안 온도를 변화시키는 조건에서 표본의 질량을 측정하는 열분석 방법. 상변환, 흡수, 흡착 및 탈착과 같은 물리적 현상에 대한 정보를 제공하는 것이 열중량 분석의 주목적임
THE ASSOCIATION OF DANISH SHIPBUILDERS|덴마크 조선공업협회|NULL
THE ASSOCIATION OF WEST EUROPEAN SHIPBUILDERS|서유럽 조선공업협회|NULL
THE BALTIC AND INTERNATION MARITIME COUNCIL|발틱 국제해운동맹|NULL
THE INSTITUTE OF ELECTRICAL AND ELECTRONICS ENGINESS|전기,전자 기사회|NULL
THE INTERNATIONAL ENVIRONMENTAL EDUCATION PROGRAM|국제 환경 교육 프로그램|NULL
THE INTERNATIONAL TANKER NOMINAL FREIGHT SCALE ASSOCIATION LTD.|LONDON BROKER대표위원회라고도 할 수 있는 협회|NULL
THE ITALIAN SHIPBUILDERS ASSOCIATION|이태리조선공업협회|NULL
THE JAPANESE SHIPOWNER'S ASSOCIATION|일본선주협회|NULL
THE ORGANIZATION OF EUROPEAN ECONOMIC COOPERATION|유럽 경제 협력기구|NULL
THE WELDING INSTITUTE|영국 용접 연구 학회|NULL
THEORY SPRAY RATIO|이론 도포율|NULL
THERMALLY STIMULATED CURRENT|열자극 전류|NULL
THERMISTER|서미스터|NULL
THERMISTER WATTMETTER|서미스터 전력계|NULL
THERMO MECHANICAL CONTROLLED PROCESS STEEL|TMCP 강 (고장력강의 일종)|NULL
THICKNESS|두께|NULL
THIN FILM TRANSISTOR|박막 트랜지스터|NULL
THOUSAND MILLION (TON-MILES)|해상동물량 단위로서 10억 TON-MILES이다|NULL
THP (Thrust Horse Power|추력마력(推力馬力|NULL
THYRISTOR INVERTER|사이리스터 인버터|NULL
THYRISTOR MOTOR|사이리스터 모터|NULL
TICAD|도쿄아프리카개발국제회의|TICAD (Tokyo International Conference on African Development): 일본 정부가 유엔(UN), 유엔개발계획(UNDP), 세계은행(WB), 아프리카연합(AU)과 3년 주기로 공동개최하는 아프리카 정치ㆍ경제ㆍ개발 관련 정상급 국제회의임. 2019년 제7차 TICAD 회의가 일본 요코하마에서 개최된 바 있음
TIG (Tungsten Inert Gas Arc Welding) TIG|용접|NULL
TIME BASE CORRECTION|시간축 교정장치|NULL
TIME COMPRESSION MULTIPLEXING|시분할 방향 제어 전송방식|NULL
TIME DELAY|지연시간|NULL
TIME DIVISION MULTIPLE ACCESS|시분할 다원 접속|NULL
TIME DIVISION MULTIPLEX|시분할 다중방식|NULL
TIME SHARING SYSTEM|시분할 방식|NULL
TLV(Threshold Limit Value|작업장 오염물질 허용농도(許容濃度|NULL
TMCP(Thermo Mechanical Controlled Process) Steel TMCP|강|NULL
TML|운송허용수분치|TML (Transportable Moisture Limit), 액상화 화물의 운송허용 수분치란 선박으로 운송하는 경우에 안전한 것으로 간주하는 액상화 화물의 최대 수분 함량(Maximum moisture content). 운송허용 수분치는 주무관청이 승인한 시험절차에 따라 결정됨
TOTAL PRODUCTIVE|종합생산보전|NULL
TOTAL PRODUCTIVE MAINTENANCE|종합생산보전|NULL
TOTAL QUALITY|전사적품질경영|NULL
TOTAL QUALITY CONTROL|종합품질관리|NULL
TOTAL QUALITY MANAGEMENT|전사적품질경영|NULL
TOUCH-UP|터치업, (도장작업의) 가수 작업|NULL
TPC (Tonnes per Centimeter Immersion|매(每) 센치 배수톤수|NULL
TPM(Total Productive maintenance|전사적 설비관리|NULL
TQC (Total Quality Control|전사적 품질관리|NULL
TRACEABILITY|트레이셔 빌리티|NULL
TRANSFORMER|몰드 변압기의 특징|NULL
TRANSFORMER|배전용 변압기|NULL
TRANSFORMER|변압기|NULL
TRANSFORMER|변압기 ( 變壓器 )|NULL
TRANSFORMER CORES|몰드 변압기 코어|NULL
TRANSMISSION CONTROL|전송제어|NULL
TRANSMISSION CONTROL UNIT|전송제어장치|NULL
TRANSMISSIONLOSS COEFFICIENT|송전 손실|NULL
TRANSMIT|송신|NULL
TRANSMITTER|전송기, 송신기|NULL
TRANSMITTER DISTRIBUTOR|자동 송신기|NULL
TRANSVERSE BULKHEAD|횡 격벽|NULL
TRANSVERSE METACENTER ABOVE BASE LINE|횡 METER 센터 높이|NULL
TRANSVERSE, TRANSVERSE BULKHEAD|횡-, 횡격벽|NULL
TRAVEL SPEED|이송 속도|NULL
TRAVELLING WAVE TUBE|진행파관|NULL
TRIGLYCINE SULFATE|황산 트리글리신|NULL
TSL (Techno-Super Liner|초고속선(超高速船|NULL
TSR (Theory Spray Ratio|이론 도포율(塗布率|NULL
TSS|통항분리방식|TSS (Traffic Separation Scheme), 선박의 충돌을 방지하기 위하여 통항 설정 또는 기타 적절한 방법으로 한쪽만으로 항행할 수 있도록 항로를 분리하는 제도
TSW / CSW|무역싱글윈도우 / 통관싱글윈도우|Trade Single Window(TSW) / Customs Single Window(CSW), 세관통관과 같은 물품의 수출·입과 관련된 절차를 다루는 환경으로, 일부 국가의 경우 무역싱글윈도우(TSW) 및 통관싱글윈도우(CSW)도 해상싱글윈도우(MSW)의 역할을 담당하고 있음
TUNGSTAN INERT GAS ARC WELDING|TIG 용접 (GTAW의 일종)|NULL
TUNGSTAN INERT GAS WELDING|TIG 용접|NULL
TURBINE GENERATOR|터빈 발전기|NULL
TURBINE GENERATOR|터어빈 발전기|NULL
TURBO CHARGER|파급기|NULL
TWENTY FOOT EQUIVALENT UNIT|20' CONTAINER (적재수량 측정단위)|NULL
TYPICAL|대표적인|NULL
Table Type Magnetic Compass|테이블자기컴퍼스|테이블 위에 장치하는 비너클을 비치한 자기 컴퍼스
Table of Contents|목차(目次|NULL
Tachometer|회전 속도계|NULL
Tacit acceptance|묵시적 수락|묵시적(Tacit) 수락은 채택된 협약의 개정 사항에 대하여 수락에 관한 일정 기한을 정해놓고 해당 기간 회원국이 명시적으로 반대 의사를 밝히지 않으면 수락되는 방법임
Tack Welding|가용접|NULL
Tack Welding|가용접(假熔接|NULL
Tackle|태클|도르래와 로프를 조합한 장치
Tacometer Revolution Indicator|회전계|회전기 계축의 회전속도를 기계적이거나 전기적인 방법으로 계측하는 계기
Tact System|택트 시스템|NULL
Tail Block|꼬리도르래|밧줄이 달린 도르래
Tailshaft|선미축(船尾軸|NULL
Talk Back System|쌍방향통신가능 확성장치|NULL
Tally Man|검수원|화물을 실을 때 화물의 수량을 확인 기록하는 사람
Tally Office|하역(荷役) 사무실|NULL
Tally Office|하역사무소|선박의 하역 중에 선내에 임시로 마련된 하역 관계자들의 사무실
Tandem Building System|탠덤건조법|두 척 이상의 배를 같은 선대나 독에서 동시에 건조하는 건조방식
Tandem Propeller|탠덤프로펠러|한 축에 두 개 이상의 프로펠러를 달고 같은 방향으로 회전하는 프로펠러
Tandum Launching|탠덤진수|두 척 이상의 배를 같은 선대나 독에서 동시에 진수하는 방식
Tank|탱크|액체를 저장하는 그릇
Tank Cleaning Heater|탱크클리닝가열기|탱크청소용 해수를 가열하는 장치
Tank Cleaning Hole|탱크청소구|탱크청소를 위해 위에 뚫어 놓은 구멍
Tank Cleaning System|탱크청소장치|기름탱크를 청소하는 장치
Tank Top (T/Top|이중저(二重底)위|NULL
Tank Top Plate|탱크정판|탱크의 상부를 구성하는 판재
Tankage|탱크내적재|탱크에 액상화물을 적재하는 것
Tap Bolt|탭볼트|나사 끝이 관통되어 반대편으로 나오지 않도록 짧게 하여 구멍에 파묻히는 나사
Tape Measure|줄자|NULL
Taper (Tapered) Liner|테이퍼라이너|테이퍼가 있는 쐐기형상의 라이너
Taper Bolt|테이퍼볼트|원추형으로 테이퍼가 진 볼트
Taper Gauge|테이퍼게이지|구배가 있는 판 또는 봉에 눈금을 새긴 차
Taper Pin|테이퍼핀|원추형으로 테이퍼가 진 핀
Tapping Machine|태핑기|탭을 이용하여 암나사를 세워 주는 공작기계
Tar Pintle|타핀틀|러더암의 앞쪽 끝을 러더포스트에 끼워서 맞물려주는 축
Taut Wire Measuring Gear|토트와이어장치|해저에 내린 중추와 긴장와이어를 이용하여 상대 지상속도를 측정하는 장치
Technical Officer|모델코스 기술담당자|기존 표준훈련과정의 전체 개발, 수정, 조정 과정 등이 회원국의 전문가에 의한 자원봉사 형태로 진행되었으나, 모델코스가 늘어남에 따라 여러 어려움이 발생하여 IMO 사무국에서 기존의 표준훈련 과정의 사항들을 책임지고 진행하는 담당자를 의미
Technical Problem|기술적인 문제|NULL
Technical Support|기술 지원(技術支援|NULL
Technical cooperation Fund|기술협력 기금|기술협력 활동을 수행하는 상당수의 재원이 기술협력 기금(Technical cooperation Fund)를 통해 지원되고 있으며, 우리나라는 2003년 IMO와 “기술협력에 관한 양해각서” 체결을 통해 매년 약 50만 불을 금전적으로 IMO에 지원하고 있음
Technical cooperation consultants|기술협력 컨설턴트|효율적인 기술협력 활동을 위해서 활동하는 컨설턴트는 IMO 본부와 그 외 지역에 총 176명(2019년 기준)의 자문단을 구성하여 기술협력 사업을 전개하고 있음
Technological Advances|기술적 진보|NULL
Technology Innovation|기술혁신|NULL
Tee|티(T)|세 토막의 관을 T자형으로 연결할 때 사용되는 이음관
Tee Joint|티(T)형 이음|두 개의 판을 연결할 때 한 판을 세워서 다른 판 위에 올려놓고 접합하는 T모양 이음
Telegraph|텔레그래프|엔진텔레그래프와 동일
Telemotor|텔레모터|조타실에서 조타기를 원격제어하는 기계
Telephone Booth|전화기 방음상자|NULL
Telescopic Mast|신축마스트|다리밑을 통과하기 위해서 톱마스트를 로우마스트 속으로 집어넣게 구조된 마스트
Telescopic pipe|신축관|축방향으로 길이 변화가 허용되는 구조의 관
Telltale System|집합경보(集合警報)및 신호 표시장치|NULL
Temper Bend Test|가열굽힘시험|일정온도로 가열한 시험편을 굽혀서 그 온도에서의 물성을 관찰하는 시험
Temper Current|템퍼전류|용접에 의해서 경화되는 재료의 저항용접 후에 경화를 해소하기 위하여 일정시간 후에 흘려주는 가열전류
Temperature Controller|온도 조절기|NULL
Temperature Deviation Alarm|편차온도경보기|다기통 내연기관에서 실린더 간의 온도차가 설정치 이상으로 생길 때 내주는 경보신호
Temperature Relay|온도 계전기|NULL
Temperature Rise|온도 상승|NULL
Tempilstick (Temperature Chalk|온도감지 쵸크|NULL
Template Gage|판게이지|다듬질치수를 재는 판자모양의 테이퍼게이지
Template for Bending|곡작업용 형판(型板|NULL
Temporary Repair|임시 수리(臨時修理|NULL
Temporary Source of Emergency Power|임시전원|비상전기의 전압이 오를 때까지 임시로 사용하는 축전지 전원
Temporary admission|일시수입|일정한 재화에 대하여 경제형질(經濟形質)을 사유로 한 수입금지 혹은 수입제한을 제외하고 관세 및 재세 공과금 납입을 부분적으로 혹은 완전히 완화하는 조건으로 관세영역으로 재화를 들여오는 절차이다. 이러한 화물은 일정한 목적을 위해 수입되고 또한 지정된 기간 내에 재수출되어야 하며, 화물에 대한 일반적인 감가상각을 제외한 변화를 겪지 않아야함
Tender|보급선|정박중인 큰 배와 육지 사이를 오가며 인원 물자 등을 실어나르는 작은 선박
Tensile Strength|인장강도|인장시험에서 시험편이 파단되기 까지 가한 하중 가운데 최고하중을 시험편 원래 단면적으로 나눈 값
Tensile Strength|인장강도(引張强度|NULL
Tensile Stress|인장응력|부재에 인장력이 걸릴 때 그 단면에 발생하는 반대방향의 응력
Tension Test|인장시험|시편에 인장하중을 가하여 재료의 변형과 강도를 측정하는 재료시험
Tentative Rule|잠정 규칙(暫定規則|NULL
Tention Member|인장부재|구조물 중에서 주로 인장하중을 받는 부재
Terminal Box|단자함|여러 개의 단자가 모여있는 상자
Terminal Lug|단자|NULL
Terms and Conditions|이용약관|기관 또는 단체에서 제공하는 서비스를 이용하기 위해 동의해야만 하는 일종의 규칙을 의미함. IMO 회의에서는 언론 참여(Media Attendance)에 관한 이용약관을 공지하여 밝히고 있음
Test Hammer|검사 해머|기계나 조립품 등을 가볍게 두드려 나는 소리로 내부결함을 찾아내는 데 쓰이는 가벼운 망치
Test Head|시험 수두(試驗水頭|NULL
Test Load|시험 하중(試驗荷重|NULL
Test Piece|시험편|재료시험용 시험편
Test Piece / Test Specimen|시험편(試驗片|NULL
Testing Machine|시험기|재료의 물성을 측정하는 기계의 총칭
The Joint Group of Expert on the Scientific Aspects of Marine Environmental Protection (GESAMP )|해양환경전문가그룹|1969년부터 해양환경 자문을 위해 해양환경보호위원회(MEPC) 산하에서 운영되었으며, IAEA((국제원자력기구) 및 UNEP (UN 환경계획) 등 UN 기구 등에 자문을 수행함. 2004년 선박평형수협약이 채택된 후 선박평형수 작업반(BWWG)을 구성하여 선박평형수 장치에 대한 독성· 화학 등 평가를 위해 2005년부터 워킹 그룹으로 운영
The Ocean Cleanup|오션클린업|2013년 설립, 네덜란드에 기반을 둔 비정부조직으로 해양 플라스틱 오염 확산 방지를 위해 다양한 기술을 적용하여 해양에서 플라스틱 쓰레기를 수거하는 사업을 하고 있음. CEO는 1994년 네덜란드 출신의 청년 Boyan Slat로서 2011년 해양 플라스틱 쓰레기의 심각성을 인식하는 것을 계기로 회사 설립 < 출처: www.oceancleanup.com >
The Regional Cooperation Agreement on Combating Piracy and Armed Robbery against ships in Asia - Information Sharing Centre (ReCAAP-ISC)|아시아해적퇴치협정 해적정보공유센터|ReCAAP은 아시아 지역의 해적퇴치를 위한 16개국 간의 다자협정 이며, 현재 20개국이 비준함. 정보공유센터(ISC)를 설립하여 당사국 간 해적과 해상 강도 등 사고 정보를 공유하고 있음. ReCAAP-ISC는 연중무휴 당사국 간 연락망을 이용하여 정보 공유 체계를 운영하고 있음. 정보 공유를 통하여 해운업계에 비상 경고를 발송하고, 연안국의 법적 대응을 촉구하기도 함. 수집하고 검증된 사고 정보를 바탕으로 ReCAAP ISC는 정기적인 보고서(주간, 월별, 분기별, 반기, 연간)를 통해 아시아 지역의 해적과 무장강도 사고의 정확한 통계와 분석 자료를 제공함
The Summary Report|종합 보고서|NULL
The Validation Organ|유효화 조직|표준훈련과정이 의도한 협약 요건을 만족하는지 검토하여 전문위원회 (sub-committee)가 모델코스 내용에 대한 목적에 문제가 없도록 하여 유효화하는 것임. 동 그룹에서의 논의 결과는 전문위원회에 제출되어 유효화를 위한 마지막 결정을 하게 됨
The international Convention on the control of Harmful Anti-fouling Systems on ships, 2001|선박유해방오시스템 사용규제 협약|1960년대 말 이후 선박, 어망, 어구 및 해양구조물의 생물부착 방지용 방오도료 (Anti-fouling paint)로 사용이 급증함. 생태계에 인위적 변화를 발생시키는 내분비계 장애물질(환경 호르몬)로서 독성이 높은 TBT는 해수 중에 확산하면서 굴 유생을 폐사시키거나 성장을 저해하며, 굴 패각 기형을 가져오고, 전복과 같은 고등류 암컷의 불임을 일으키는 Imposex(암컷의 수컷화) 현상으로 개체군의 감소를 유발함에 따라 IMO는 1980년대 후반부터 TBT가 해양생태계에 미치는 위해성을 확인하면서 사용규제의 필요성을 논의하였으며, 2001년도 10월에 외교회의를 통하여 선박의 유해방오 시스템 사용규제에 관한 국제협약을 채택
Theodolite|데오돌라이트|NULL
Theoretical Throat|목의 이론두께|필렛용접의 크기로 정해지는 삼각형의 용접부 루트에서 잰 높이(필렛용접) 또는 접합되는 두 부재에서 얇은 쪽의 두께(맞대기용접)
Theoretical Throat|이론적 두께|필렛용접의 용착금속 단면에서 같은 각장을 갖는 삼각형 단면을 생각하여 그 높이에 상당하는 길이
Thermal Conductivity|열전도도(熱傳導度|NULL
Thermal Efficiency|열효율|열기관에서 발생된 일과 열기관을 작동시키기 위하여 소비된 열에너지의 비
Thermal Efficiency|열효율(熱效率|NULL
Thermal Expansion|열 팽창(熱膨脹|NULL
Thermal Expansion|열팽창|온도상승에 따라 물체의 부피가 늘어나는 현상
Thermal Insulation Door|방열문|방열재를 사용한 문
Thermal Oil|열매체유(熱媒體油|NULL
Thermal Protective Aid|보온복|온도보호가 잘되는 방수물질로 된 옷 또는 포대기
Thermal Reactor|열중성자로|열중성자에 의해 핵분열의 연쇄반응을 계속하는 방식의 원자로
Thermal Shield|열차폐|발생된 열의 유출을 막거나 외부열의 유입을 막아주는 것
Thermal Shock|열충격|어떤 재료에 급격한 온도변화가 있으면 재료 내부의 온도차가 크게 되어 순간적으로 큰 응력이 발생하는 현상
Thermal Stress|열응력|물체 내부의 불균일 온도분포에 의하여 각부의 자유로운 신축이 구속당해 생기는 응력
Thermally Stimulated Current|열자극 전류|NULL
Thermister|서미스터|NULL
Thermister Wattmetter|서미스터 전력계|NULL
Thermit Welding|테르밋용접|테르밋의 열현상을 이용하는 용접법
Thermo Paint|온도감지 페인트|NULL
Thermocouple|열전대|온도차이로 나타나는 기전력 차이를 측정함으로써 온도를 계측하는데 사용되는 2종금속의 짝
Thermometer Pocket|온도계 포켓|NULL
Thermostat|온도(溫度) 스위치|NULL
Thermostatic Expansion Valve|감온(感溫) 팽창밸브|NULL
Thimble|딤블|NULL
Thin Film Transistor|박막 트랜지스터|NULL
Third Deck|제삼갑판|상갑판 아래로 세번째의 갑판
Thorough Examination|정밀검사(精密檢査|NULL
Thread Gauge|나사게이지|나사의 치수가 정해진 공차에 맞는지를 재는 계기
Thread Miller|나사밀러|고속으로 나사를 절삭하는 준용 공작기계
Threading Machine|나사깍는 기계|NULL
Three Deck Vessel|삼층갑판선|상갑판 밑에 세 층의 갑판이 있는 선박
Three Phase|삼상|동일한 주파수로 위상이 서로 120도 어긋나있는 세개의 전류가 존재하는 교류
Threshold Limit|허용한계(許容限界|NULL
Throttle Valve|스로틀(교축) 밸브|NULL
Through Beam|전통보|선체의 현측에서 현측까지 연속된 보
Through Bracket|관통 브래킷|구조물을 관통하는 브래킷
Through for Steering Chain|조타줄홈|조타체인이나 와이어를 원할하게 움직이도록 양현측에 설치한 홈
Thrust|추력|추진기로 발생시킨 축방향의 힘
Thrust|추력(推力|NULL
Thrust (Shaft) Collar|추력받이칼라|프로펠러에 발생한 추력을 추력베어링에 전달하기 위해 추력축과 일체로 된 칼라
Thrust Block|추력블록|추력베어링과 동일
Thrust Breakdown|추력상실|일반프로펠러에 과도한 캐비테이선이 발생하여 추력에 손실을 입는 현상
Thrust Pad|드러스트 패드|NULL
Thrust Shaft|추력축|프로펠러의 추력을 선체에 전달하는 축
Thyristor Inverter|사이리스터 인버터|NULL
Thyristor Motor|사이리스터 모터|NULL
Tidal Current|조류|조수에 의해 발생하는 해류
Tidal Range|조석(潮汐)의 차이|NULL
Tide|조석|밀물과 썰물
Tide Signal Station|조류신호소|조류의 상황을 신호로 알려주는 곳
Tide Table|조석표|조석과 조류에 관한 각종 표와 관계되는 내용을 기재한 서지
Tie Angle (Bar)|타이엘(L)형재|부재연결용으로 사용되는 L형재
Tie-bolt|타이볼트|두 부재의 상대위치를 조정해주는 볼트
Tightness|내밀성(耐密性|NULL
Tightness|타이트니스|수밀 또는 기밀의 정도
Tile Work|타일 공사|NULL
Tiller|틸러|타에 회전역을 전달하는 부재
Timber Carrier|목재 운반선|NULL
Timber Freeboard|목재만재흘수선|목재운반선에 적용되는 만재흘수선
Time Base Correction|시간축 교정장치|NULL
Time Compression|시분할 방향 제어 전송방식|NULL
Time Delay|지연시간|NULL
Time Division Multiple|시분할 다원 접속|NULL
Time Division Multiplex|시분할 다중방식|NULL
Time Sharing System|시분할 방식|NULL
Time Study|시간 연구(時間硏究|NULL
Time of arrival|입항시기|선박이 정박 또는 접안 간에 항구에서 처음 정지하게 되는 시기
Timing Gear|타이밍 기아|NULL
Tinman`s Shears|양철가위|판금을 자르는 가위
Tip Cavitation|날개끝 캐비테이션|프로펠러 날개끝에 발생하는 표면 캐비테이선
Tip Clearance|날개끝 틈새|호전날개의 끝과 케이싱 사이의 거리
Tip Emergence|날개끝 노출|정수면 위로 노출된 날개의 최대길이
Tip Leakage|날개끝 누출|터빈날개의 끝과 케이싱 사이로 증기가 새어나가는 것
Tipping Moment|티핑모멘트|선체 중앙을 전후방향으로 이동하여 트림에 변화를 주는 모멘트
ToR (Terms of Reference)|위임사항|회기중 작업반, 초안작업반 또는 회기간 통신작업반 등에게 회의 시작 전, ToR을 선정하여 해당 회의에서 논의해야 할 안건의 범주를 선정하는 작업이 매우 중요. ToR은 통상 ‘위임사항’이라 지칭하며 일반적으로 논의 범주를 의미함. ToR를 선정하지 않으면 논의 경과에 따라 기존에 논의 범주에서 벗어난 부적절한 논의가 이뤄질 우려가 있음
Toe|토|용접 단면에서 모재와 용착금속이 만나는 곳
Toe Angle of an Offset Rudder|중립타각|선체중심에서 벗어난 위치에 있는 타가 양력을 발생시키지 않을 때의 타와 선체중심선이 이루는 각도
Toe of Weld|용접끝|부재면과 용접면이 마주치는 곳
Toggle|토글|로프 끝 아이에 끼워서 로프를 멈추는데 사용되는 원추형 긴 막대
Toggle Switch|토글 스위치|NULL
Toggle Switch|토글스위치|손잡이를 상 하로 움직여 회로를 개폐시키는 스위치
Tongued Washer|혀붙이 와셔|NULL
Tonnage Certificate|톤수증서|공인관청에서 발급하는 톤수에 대한 증서
Tonnage Deck|측도갑판|적량측도의 기준이 되는 갑판
Tonnage Duce|톤세|배가 입항할 때 톤수에 따라서 징수되는 세금
Tonnage Mark|톤수표시|전통갑판이 2층 이상인 선박에서 제2갑판을 측도갑판으로 할 때 측도갑판과 위갑판 간의 공간을 톤수에서 제외한다는 표시로 정해진 위치에 그려지는 표지
Tonnage Measurement|정량측도|선박의 용적톤수를 결정하기 위한 측정
Tons per Centineter Immersion|센티미터당배수톤|해수중에 떠있는 배를 1cm 침하시키는데 필요한 중량
Tool Board|공구대(工具臺|NULL
Tool Steel|공구강|공구제작에 쓰이는 철강으로 비교적 탄소강이 많고 경도가 높음
Top Bracing|상부(上部) 브레이스|NULL
Top-down Approach|하향식방법|설계나 시스템분석 등에서 전체 시스템을 개략적으로 설계한 후에 계층적으로 설계 또는 분석해가는 방식
Topmast|톱마스트|포어마스트에 세워지는 상부 구조물
Topology|위상(位相|NULL
Topping Lift|토핑리프트|데릭붐이 각도를 유지하며 세워 지도록 잡아 주는 로프
Topping Unit|토핑유닛|하역윈치의 동력을 이용하여 토핑리프트를 감아줌으로써 데릭붐의 각도를 일정하게 유지해 주는 장치
Topping Winch|토핑윈치|데릭붐이 일정한 각도를 유지하도록 토핑리프트를 감아주는 전용윈치
Topside Tank|상부현측(舷側) 탱크|NULL
Torch|절단기 화구(火口|NULL
Torch Head|토치 헤드|용접 및 절단 토치의 끝으로 팁이 끼워지는 자리가 있는 부분
Torch Lamp|토치램프|경납땜 작업에 사용되는 일종의 가스버너
Torpedo Net Boom|방뢰망 붐|어뢰공격을 막기 위해 설치하는 방뢰망을 선체에서 멀어지게하기 위해 사용하는 붐
Torque Breakdown|토크상실|과도한 캐비테이션을 일으키는 프로펠러에서 토크가 소멸되는 현상
Torque Meter|토크계|회전축의 토크를 측정하는 계기
Torque Wrench|토크 렌치|NULL
Torque Wrench|토크렌치|볼트의 체결토크가 정해진 곳에 사용되는 렌치로 정해진 토크 이상의 회전력이 걸리면 공전함
Torremolinos Protocol of International Convention for the Safety of Fishing Vessels|토레몰리노스 의정서|어선에 대하여 국제적인 통일된 기준을 정하고자 1977년 스페인 토레몰리노스에서 45개국 및 2개의 국제연합전문기구에서 대표자가 참석한 국제회의에서 “1997년 어선안전을 위한 토레몰리노스 국제협약”을 채택함 이 협약은 길이 24m 이상의 어선 척수의 50% 이상을 보유하고 있는 15개국 이상의 나라가 비준한 후 12개월 이후에 발효되게 되어있었지만, 다수의 어선을 보유한 아시아 국가들의 협약 미 비준으로 인하여 발효되지 못하였음. 이에 국제해사기구에서 동 협약 발효 어려움을 인식하고 협약의 대상 선박 적용 기준을 완화하여 1993년 4월 “토레몰리노스 어선안전협약의정서”를 채택함
Torsion|비듦|물체가 토크를 받아 각 단면에서 상대적 회전변위를 생기게 하는 상태
Torsion Rigidity|비틂강성|비틀림에 대한 강도를 표시하는 성질
Torsional Vibration|비틀림진동|NULL
Torsional Vibration|비틂진동|비틂에 의한 복원력으로 발생되는 진동
Torsionmeter|토오션 미터|NULL
Tortional Vibration Test|축계비틂 진동시험|주기를 최저회전부터 최대회전까지 서서히 변화시키면서 축계의 비틂진동을 계측하고 위험진동수를 조사하는 시험
Total Inspection|전수검사(全數 檢査|NULL
Total Redidtance|전저항|잔잔한 물 위를 달리는 배가 물과 공기로부터 받는 저항
Total Residual Oxidant (TRO)|잔류산화물|선박평형수에서 염수가 전기분해되면 수소이온과 산화염소이온(H + + OCl - )를 생성함. 이후, 해수에 고유하게 포함된 브로마이드(통상농도: 40-65 mg/L)의 농도범위 내에서 많은 H +  + OCl - 이 H +  + OBr - (산화브롬이온)으로 전환됨. 이 두 물질이 살균력(산화력)을 가지며 물속에 존재하기 때문에 잔류산화물 (TRO)이라고 함. 참고로 이 두 물질은 또한 물속에 존재하고 있는 자연유기물질과 반응하여 부산물(기타 화학물질)을 생성함
Touch Up|칠땜질|부분적인 도장누락이나 피막손상 등을 보수하는 도장
Tow Line|토라인|선박을 예인할 때 사용하는 로프 또는 와이어
Tow Rope Resistance|예인저항|배를 끌 때 예인로프에 걸리는 저항
Towing Arch|예인줄받이아치|예인 줄의 장력이 선체구조물에 걸리지 않도록 선미에 세워둔 아치형 구조물
Towing Hook|예인용(曳引用) 훅|NULL
Towing Log|예항로그|선미에서 로그를 예인하여 속도를 알아내고 적산하여 항해거리를 알아내는 장치
Towing Power|예항력|예인선의 예인력
Towing Rope|예인로프|다른 선박을 예인하기 위하여 사용하는 로프
Towing Rope|예인줄|다른 배를 예인하거나 그물을 예인하는데 쓰이는 로프의 총칭
Towing Tank|예인수조|배의 운항성능을 추정하기 위하여 모형시험을 수행하는 시험설비
Towing Winch|예인윈치|예인로프를 감아올리고 내리는 윈치
Toxic symptom|중독 증상(中毒症狀|NULL
Toxicity|독성(毒性|NULL
Traceability|트레이셔 빌리티|NULL
Tracking|추적|레이더파의 빔 또는 광학장치의 + 표시선이 이동하는 목표를 좇아가게 하는 것
Trade Wind|무역풍|고압대와 적도사이의 남반구에서 일정하게 부는 편동풍
Train Ferry|열차도선|철도열차를 그대로 실어나르는 배
Training Ship|연습선|항해연습에 쓰이는 배
Training Squadron|연습선대|연습생을 태우고 훈련하는 연습선의 집단
Tramp Ship (Tramper|부정기선(不定期船|NULL
Tramper|부정기선|특정화주와의 계약에 따라 부정기적으로 운행하는 화물선
Transceiver|송수신기|전파의 송신과 수신을 할 수 있는 무선통신장치
Transducer|변환기|기계적신호를 전기적신호로 바꿔주는 장치의 총칭
Transducer|신호변환기|NULL
Transeiver|송수신기(送受信器|NULL
Transfer Workers Between Shops|공장간의 작업자이동|NULL
Transformer|몰드 변압기의 특징|NULL
Transformer|배전용 변압기|NULL
Transformer|변압기|1차코일과 2차코일의 권수비례에 따라 교류전압을 변환시켜주는 장치
Transformer|변압기 ( 變壓器 )|NULL
Transformer|변압기(變壓器|NULL
Transformer Cores|몰드 변압기 코어|NULL
Transient|천이|물체의 운동상태에서 비주기적이고 불규칙적인 상태로 옮아가는 것
Transit|트랜싯트|NULL
Transition Point|천이점|금속에서 연성파괴와 취성파괴가 일어나는 경계온도
Transmission Control|전송제어|NULL
Transmission Control Unit|전송제어장치|NULL
Transmissionloss|송전 손실|NULL
Transmit|송신|NULL
Transmitter Distributor|자동 송신기|NULL
Transmitting Compass|발신식컴퍼스|방위신호를 발신하여 리피터컴퍼스를 작동시키거나 다른 기기에 방위신호를 주는 장치
Transom Beam|선미보|선미골재 상부의 캔트늑골 위에 설치되는 갑판빔
Transom Stern|트랜섬선미 (角形 船尾|NULL
Transport document|운송서류|송장(送狀), 선하 증권 또는 복합운송서류와 같은 선박소유자와 화주 간 운송계약을 증명하는 서류를 지칭함
Transverse Bulkhead|횡격벽|선체의 횡방향으로 설치된 격벽
Transverse Bulkhead (Transv. Bhd|횡 격벽(橫隔壁|NULL
Transverse Contraction|횡수축|부재가 종방향의 인장하중을 받아 늘어남에 따라 종단면이 줄어드는 것
Transverse Frame|횡늑골|선체 내에 가로방향으로 설치된 늑골
Transverse Member|가로 부재|NULL
Transverse Member|횡부재|선체 구성부재 중 횡방향으로 배치되어 횡강도를 담당하는 부재
Transverse Metacenter|횡메타센터|선박이 작은 각도로 횡경사했을 때 새로운 부심을 지나는 연직선과 선체중심선의 만나는 점
Transverse Stability|횡복원력|배가 횡방향으로 경사되었을 때 바른 위치로 되돌리려는 힘
Transverse Strength|횡 강도(橫强度|NULL
Transverse Strength|횡강도|선체의 횡단면형상을 변화시키려는 외력에 대한 강도
Transverse Web|트랜스버스웨브|종늑골구조에서 일정간격의 횡방향으로 붙여진 강력 지지판재
Trap|트랩|증기손실 없이 드레인을 배출하기 위해 설치한 장치
Traveling Crane|이동크레인|궤도상이나 노면상을 움직일 수 있는 크레인
Travelling Crane|주행(走行) 크레인|NULL
Travelling Wave Tube|진행파관|NULL
Traverse Feed|가로 이송|NULL
Trawl Otter Board|트롤망오터보트|트롤선에서 어망을 벌려 주기 위하여 사용하는 판
Trawl Winch|트롤 윈치|NULL
Trawl Winch|트롤윈치|트롤어선에서 투망과 양망에 사용되는 윈치
Trawler|트롤선|어망을 해저에 늘어뜨려 선미나 선측에서 로프로 끌어 고기를 잡는 어선의 총칭
Treaty|조약|국가 간 맺는 기록관계에서 가장 격식을 따지는 것으로 정치적· 외교적 기본관계나 지위에 관한 실질적 합의를 기록 예) 한·러시아 기본관계에 관한 조약 (1993) 한·인도 범죄인 인도조약 (2005)
Trend Analysis|추세 분석(趨勢分析|NULL
Trend Line|추세선(趨勢線|NULL
Trial|시운전|완성된 제품의 성능확인을 위한 시험운전
Trial Condition|시운전(試運轉) 상태|NULL
Trial Conference|시운전 회의 (선주/선급등|NULL
Trial Maneuvering|시험조작|레이더를 이용하여 충돌예방장치를 시험하는 것
Trial Speed|시운전 속도|NULL
Trial Speed|시운전속력|해상시운전에서 실시하는 속력시험에서 얻어진 속력
Trial and Error Method|시행착오(試行錯誤)법|NULL
Triglycine Sulfate|황산 트리글리신|NULL
Trim|트림|NULL
Trim Weight|트림웨이트|트림조정에 사용되는 이동 중량물
Trim by Bow|선수(船首) 트림|NULL
Trim by Stern|선미(船尾) 트림|NULL
Trim by Stern|선미트림|선미흘수가 선수흘수보다 클 때의 흘수상태
Trimming Bracket|트리밍브래킷|거더나 웨브 판재가 넘어지는 것을 막아주는 브래킷
Trimming Moment|트리밍모멘트|배의 트림을 변경시키는 데 필요한 모멘트
Trimming Table|트리밍표|배에서 화물을 싣고 내릴 때에 수반되는 트림변화를 각 흘수에 대하여 미리 계산하여 작성한 도표
Trimming Tank|트리밍탱크|선수와 선미탱크 만으로 트림 조정에 부족하여 선수미 부근에 추가로 설치하는 탱크
Trip Test|트립시험|과부하계전기 등에 붙은 차단장치의 동작시험
Triple Screw Vessel|삼추진기선|추진 프로펠러를 세개 갖춘 선박
Triplex Safety Glass|삼중안전유리|담금질에 의하여 강화된 성질이 다른 유리를 여러 겹 적층한 안전유리
Tripping Bracket|트리핑 브래킷|NULL
Trnsmission Shaft Loose Joint|전동축신축이음쇠|여러가지 관의 밸브 개폐에 사용하는 전동축의 신축변형을 허용하는 이음쇠
Trnsponder|트랜스폰더|해상무선에 의해 항해용으로 이용하는 송수신장치
Trolley|트롤리|NULL
Troopship|병력수송선|군대와 군수물자를 수송하는 선박
Tropical Freeboard|열대건현|열대해역과 계절열대해역에서 해상을 운항하는 선박이 지켜아할 최소 건현
Tropical Lord Line|열대만재흘수선|열대해역과 계절열대해역에서 해상을 운항하는 선박이 지켜아할 최대흘수를 표시하는 흘수선
Tropical Zone|열대|만재흘수선협약에 정해진 열대해역
Trouble Observed|관찰(觀察)된 고장|NULL
Trouble Shooting|고장발견방법|NULL
True Wind Direction|참풍향|지구에 대한 바람의 방향
True Wind Velocity|참풍속|지구에 대한 바람의 속도
Trunk Deck|트렁크갑판|트렁크선의 트렁크 위에 덮인 갑판
Trunk Hatchway|트렁크창구|여객선에서 갑판창구를 거주공간과 구분하기 위해서 위벽으로 둘러싼 화물통로
Trunk Piston Engine|트렁크피스톤기관|피스톤과 크랭크축이 피스톤봉을 거치지 않고 직접 연접봉으로 연결된 기관
Trunk Vessel|트렁크선|중소형 유조선에서 볼 수 있는 것으로 상갑판 중앙부를 전통하는 트렁크가 올라와 있는 선형
Trunk Way|트렁크웨이|트렁크모양의 통로
Tucking Allowance|평패널의 용접수축량|NULL
Tug Boat|예인선(曳引船|NULL
Tuna Long Liner|다랑어주낙어선|주낙을 사용하여 다랑어를 낚는 어선
Tuning Wheel|튜닝휠|크랭크축의 비틀림진동 등을 줄여 주기 위하여 축의 전단부에 붙여 주는 관성바퀴
Tunnel Flat|터널갑판|축로의 마루판
Tunnel Recess|터널리세스|축로의 최후단을 약간 넓게 만든 공간
Turbine|터빈|가스나 증기의 동압력으로 회전날개를 돌림으로써 동력을 얻는 원동기
Turbine Casing|터빈케이싱|터빈의 회전바퀴를 내장하는 케이싱
Turbine Disk|터빈바퀴|둘레에 터빈날개를 붙이는 날개바퀴의 본체
Turbine Pump|터빈펌프|날개바퀴 둘레에 안내바퀴가 있는 소용돌이펌프
Turbine Rotor|터빈로터|터빈의 주회전체
Turbine Wheel|터빈날개바퀴|바퀴 둘레에 터빈날개를 끼운 회전바퀴
Turbine generator|터빈 발전기|NULL
Turbo Electric Motor Ship|터빈전동기선|터보발전에 의한 전력으로 모터를 돌려 추진축을 돌려서 추진하는 선박
Turbo Generator|터빈발전기|터빈으로 구동되는 발전기
Turbo-compressor|터빈압축기|소용돌이 케이싱 안에 소용돌이모양 날개가 배치되어 돌아가는 원심압축기의 일종
Turbo-electric Drive|터빈전기추진|터빈으로 구동되는 발전기의 출력을 추진축과 일체로 된 전동기에 공급하여 추진하는 동력전달방식
Turbocharger|터어보과급기(過給機|NULL
Turbulence Stimulator|난류촉진장치|모형선 주위의 파도를 실제와 유사하게 하기 위하여 모형선 선수부 주위에 부가불을 붙어 난류를 발생시키는 장치
Turbulent Fliw|난류|유속의 크기와 방향이 불규칙하게 변동하는 흐름
Turbulent Flow|난류(亂流|NULL
Turbulent Velocity|난류 속도(亂流速度|NULL
Turnbuckle|터언버클|NULL
Turning|선회|직진하는 선박이 항로를 변경하기 위하여 조종하는 과정
Turning Force|회전력|물체에 회전력을 발생시키는 힘 성분
Turning Gear|터닝기어|주기가 정지되어 있을 때 프로펠러축을 돌려 주는 장치
Turning Gear|회전장치|터닝기어와 동일
Turning Radius|선회반지름|배가 선회할 때 선회중심이 그리는 원의 반지름
Turning Round|회두|선수의 방향을 바꾸는 것
Turning Wheel|회전륜|내연기관이나 터빈의 외부에 붙어있는 회전바퀴
Turnkey Base|턴키 방식(方式|NULL
Turntable|턴테이블|컨베이어의 방향이 바뀌는 지점에 설치되어있는 회전원반으로 된 컨베이어
Turret|포탑|주위와 윗부분을 장갑판으로 둘러 싼 포 및 포수 보호장치
Turret Lathe|터릿선반|절삭에 필요한 공구를 선반의 베드 위에 설치된 공구 지지대에 끼워 놓고 돌려 가며 사용하는 구조의 선반
Turret Vessel|터릿선|선측외판과 갑판이 각도가 없이 둥글게 연결되고 갑판 중앙을 종통하여 터릿이 설치된 선박
Tween Deck|중갑판(中甲板|NULL
Tween Deck Cargo Space|갑판간 화물창|2층으로 된 갑판(Tween Deck) 사이에 마련 된 화물창
Tween Deck Ladder|갑판간사다리|2층으로 된 갑판(Tween Deck) 사이를 오르내리도록 설치된 사다리
Twin Rudder|쌍타|한 배에 두개의 타를 설치한 것
Twin Screw Vessel|쌍추진기선|추진기를 두개 장착한 선박
Twin-Screw Ship|이축선(二軸船|NULL
Twisting Moment|비틀림 모우먼트|NULL
Twisting Test|비틂시험|시험재에 비틂모멘트를 가하여 비틂각을 측정하는 시험
Two Anchor Mooring|쌍묘박|양현의 닻을 함께 사용하는 묘박
Two-Stage Pump|이단(二段) 펌프|NULL
Type Approval|형식 승인(型式承認|NULL
Typical Detail|기준상세(基準詳細)도|NULL
Typoon|태풍|남양과 남지나해상에서 발생하는 최대풍속 34knot 이상인 폭풍우
U-Tube|유형관(U 形管|NULL
UCL (Upper Control Limit|관리 상한선|NULL
UHF (Ultra High Frequency|극초단파(極超短波|NULL
UL-MD (Underwriters Laboratories- Marine Department|미국공공안전관련 검사기관（해양）|NULL
ULCC(Ultra Large Crude Oil Carrier|초대형 원유운반선（３００Ｋ초과）|NULL
ULTRA HIGH FREQUENCY|극 초단파|NULL
ULTRA HIGH FREQUENCY|극초단파|NULL
ULTRA LARGE CRUDE OIL CARRIER|초대형 유조선(300,000 DWT급 이상)|NULL
ULTRASONIC TEST|초음파검사|NULL
ULTRASONIC TEST|초음파탐상검사|NULL
UMS(Unattended Machinery Space|기관실 무인화등급|NULL
UN|국제연합|UN (United Nations), 전쟁 방지와 평화 유지를 위해 설립된 국제기구로서 주요 활동은 크게 평화유지 활동, 군비축소 활동, 국제협력 활동으로 나뉘며, 주요 기구, 보조기구 및 전문기구로 구성됨. 1945년 10월 설립되었으며 본부는 뉴욕에 있음
UN / CEFACT|UN 무역촉진 및 전자상거래 표준화기구|United Nations Center for Trade Facilitation and Electronic Business, 유엔유럽경제위원회(UNECE) 산하 전자거래 및 무역촉진센터(CEFACT)가 운영하는 유엔전자거래무역촉진기구
UN MTC|UN 위험물 시험 방법 및 판정 기준 매뉴얼|UN MTC (UN Manual of Tests and Criteria), UN 모델규정에 따른 물질의 위험성 판정 및 분류를 위한 시험방법 및 절차 등에 관한 사항을 수록함. 「UN 위험물 운송 전문가 위원회」는 신규 물질 및 최신 기술 등을 반영하고자 이를 주기적으로 개정
UN Model Regulations|UN 모델 규정|UN 모델 규정 (UN Model Regulations), 해상, 항공, 철도 및 도로와 같은 운송 별 위험물 국제 운송 규정의 근간이 되는 UN 권고. 「UN 위험물 운송 전문가 위원회」에서 2년마다 개정하며, UN 모델 규정에 수록된 권고 규정은 각 운송 별 운송조건 등을 적절히 고려하여 반영
UN Number|유엔번호|위험물 운송 전문가 위원회(UN TDG)가 위험물을 식별하기 위하여 부여한 4자리 숫자의 고유번호. 예로, 페인트는 1263, 에틸알코올 수용액의 유엔 번호는 1170, 리튬이온배터리의 유엔 번호는 3480.
UN TDG|UN 위험물 운송 전문가 위원회|UN SCETDG (UN Sub-Committee of Experts on the Transport of Dangerous Goods), 유엔 경제사회이사회 하부의 위험물 운송 전문가 위원회로서 항공, 도로, 철도나 선박 등의 모든 운송 형태에 적용할 수 있는 위험물 운송에 관한 권고(UN 모델 규정) 제·개정하는 회의체이며, 스위스 제네바에서 개최됨
UN/EDIFACT|행정·상업·운송을 위한 전자데이터 교환|국제연합(UN) 유렵경제위원회(ECE, Economic Commission for Europe)를 중심으로 제정한 국제 전자자료교환(EDI) 표준
UNATTENDED MACHINERY AUTOMATION|KR(한국선급) 무인화 등급|NULL
UNATTENDED MACHINERY SPACE|GL(독일 선급) 무인화등급|NULL
UNBALANCED CIRCUIT|불평형 회로|NULL
UNBALANCED CURRENT|불평형 전류|NULL
UNBALANCED LOAD|불평형 부하|NULL
UNCLOS|유엔해양법협약|UNCLOS (United Nations Convention on the Law of the Sea), 1982년 4월 해양에서의 기득권을 고수하려는 선진국과 인류 공동의 유산임을 주장하는 개도국 간의 논의 결과로 탄생. 협약이 발효된 것은 1994년 11월 16일이며, 영해·접속수역· 등 해양의 모든 영역과 해양환경·해양과학 조사·해양기술 이전·분쟁 해결 등이 이 협약의 적용을 받음 Port Reception Facility (
UNCLOS (United Nations Convention on the Law of the Sea)|유엔해양법협약|바다의 헌법이라고 불리는 UNCLOS는 해양에서의 기득권을 고수하려는 선진국과 해양이 인류 공동유산임을 주장하는 개도국 간 논의의 결과로 1982년 12월 10일 채택하여, 1994년 11월 16일 협약이 발효됨 2020년 현재 우리나라를 포함하여 168개국이 비준을 마쳤음. UNCLOS는 포괄적인 해양헌장으로서 영해, 접속수역, 대륙붕, 공해, 심해저 등 해양의 모든 영역과 해양환경, 해양과학조사, 해양기술 이전, 분쟁 해결제도 등이 포함되어 있음. 그리고 국가 담당 수역에 관한 전통적인 국제해양법의 보완 및 발전(예를 들어, 200해리 배타적 경제수역(EEZ) 제도, 12해리 영해 제도 확립 등)과 공해상의 심해저 개발과 관련 “국제 해저 기구”를 설립하여 심해저 자원의 개발 및 무분별한 개발을 규제토록 하고 해양환경 보호 및 해양과학조사 분야 등에 있어서 기본법규 확립과 해양분쟁 해결을 위한 “국제해양법재판소” 설립 등을 주요 내용으로 삼고 있음. 전문, 본문 17부 320개조, 9개 부속서, 6개 특별부속서, 4개 특별결의로 구성됨
UNDAF|유엔개발원조프레임워크|UNDFA (The United Nations Development Assistance Framework), 회원국 정부와 유엔 각국 사무소 간 개발 목표를 설정하기 위한 행동강령 및 전략을 마련하는 과정을 지칭함
UNDERWRITERS LABORATORIES INC.|미국 화재보험협회|NULL
UNDESA|유엔경제사회처|UNDESA (United Nations Department of Economic and Social Affairs), 범지구적인 사회적·환경적 문제를 해결하기 위한 유엔 차원의 의사 결정 및 2030 지속가능 발전 목표 달성을 도모하기 활동을 주로 함
UNDG|유엔개발그룹|UNDG (The United Nations Development Group), 유엔개발 그룹은 유엔의 개혁안에 따라 1997년 유엔 사무총장이 설치한, 유엔의 개발 활동의 효과를 개선하기 위한 협력 단체임. 본부는 미국 뉴욕에 있음
UNDP|유엔 개발 계획|UNDP (United Nations Development Programme), UNDP는 UN의 글로벌 개발 네트워크로서 변화를 지지하며 국가들의 지식, 경험 및 자원을 연결하여 나은 삶을 살 수 있도록 지원하는 기구임. 170여 개의 국가와 영토에서 사무소를 운영하고 있으며, 글로벌 및 국가들의 개발 과제를 해결하기 위해 협력함
UNEP|유엔 환경 계획|UNEP (United Nations Environment Programme), UNEP는 환경에 관한 유엔의 활동을 조정하는 기구임. 1973년 설립되었으며 케냐 나이로비에 본부를 두고 있음. 환경과 관련된 다른 국제기구나 국가에 경비와 인력을 지원하는 업무를 주로 함
UNEQUAL ANGLE|부등변 형강재(산형재)|NULL
UNFCCC|유엔기후변화협약|UNFCCC(United Nation Framework Convention on Climate Change), 지구온난화 방지를 위해 온실가스 배출을 규제하기 위한 협약. 정식명칭은 ‘기후변화에 관한 기본협약’이며 1992년 5월 9일 채택되어, 1994년 3월 21일 발효됨. 2020년 5월 기준 196개 국가와 유럽연합(EU)을 합쳐 총 197개 당사국이 협약을 채택하여 거의 모든 국가가 기후변화협약 당사국임
UNIJUNCTION TRANSISTOR|단접합 트랜지스터|NULL
UNINTERRUPTIBLE POWER SUPPLY|무정전 전원장치|NULL
UNION ESPANOLA DE CONSTRUCTOR NAVALES|스페인 조선공업협회(87년 설립)|NULL
UNIT OF MEASUREMENT|계획 수량|NULL
UNITAR|유엔훈련연구기구|UNITAR (United Nations Institute for Training and Research), 유엔훈련연구기구는 전 세계 유엔 회원국의 능력배양을 위해 1965년 설립되어, 환경, 평화, 안보, 외교, 거버넌스 분야의 연수 프로그램을 운영하고 있음
UNITED NATIONS|국제 연합|NULL
UNITED NATIONS CONFERENCE on TRAD AND DEVELOPMENT|국제연합 통상개발회의|NULL
UNITED NATIONS ENVIRONMENTAL PROGRAM|환경보호 문제를 담당하기 위해 만들어진 UN 산하기구|NULL
UNITED STATES COAST GUARD|미국 연안경비대|NULL
UNITED STATES TRADE REPRESENTATIVE|미국 무역대표부|NULL
UNJSPF|유엔합동직원연금기금|UNJSPF (United Nations Joint Staff Pension Fund), 1949년에 설립된 국제기구로, 본부는 미국 뉴욕에 있음. 국제연합의 직원과 단체를 대상으로, 사망, 상해, 퇴직 시 연금을 원활하게 지급하기 위해 설립된 기구임
UNODC (UN Office on Drugs and Crime)|유엔마약범죄사무소|UNODC는 1990년 제45차 유엔총회 결의로 마약퇴치 활동을 전개하는 집행기구로서 1991년 9월 유엔마약통제계획(United Nations Drug Control PROGRAMME) 설립을 설립함. 1997년 11월 UN 내 마약 및 범죄 관련 업무 간의 유기적인 협조 관계 수립을 위해 UNDCP과 국제범죄방지센터(CICP)를 통합하여 마약 통제 및 범죄예방 사무소(ODCCP)를 설립하였으며, 2002년 10월 현재의 UNODC(UN Office on Drugs and Crime)로 명칭 변경함 UNODC는 해적지도자와 테러리스트 또는 범죄조직 간의 연계 가능성 등을 파악하는 데 노력하기도 함
UNSOM|유엔소말리아지원단|UNSOM (The United Nations Assistance Mission in Somalia), 유엔안전보장이사회 결의에 따라 소말리아 지역의 인권 신장과 인도주의적 활동 등을 목적으로 2013년에 설립됨. 유엔안전보장이사회에서 정기적으로 활동 내용을 보고하고 있음
UNSP barges|비자항 무인부선|UNSP(Unmanned Non-Self Propelled) barges, 동력장치가 없는 선박 형태의 바지선
UPPER DECK|상갑판|NULL
UPS(Uninterruptable Power Supply|무정전 전원장치|NULL
UR (Uruguay) Round|우루구와이 라운드|NULL
USCG|미국 해안경비대|USCG (United States Coast Guard), 미국 국토안보부 산하의 해안경비 및 구난을 목적으로 하는 군사 조직임. 1790년에 창설되었으며, 해양에서의 인명구조부터 환자수송, 국경 지역 경계 및 밀수 단속 등의 경찰 업무를 수행함
USCG (United States Coast Guard|미국 연안경비대|NULL
USER'S DESIGN|사용주의설계사양서|NULL
USER'S DESIGN SPECIFICATION|사용주의설계사양서|NULL
UT (Ultrasonic Test|초음파 탐상 시험|NULL
UT : Ultrasonic Test|유티|초음파탐상시험 참조
UV (Ultra Violet) Sterilizer|자외선 살균기|NULL
UVP (Under voltage Protection|저전압(低電壓) 보호|NULL
UVR (Under voltage Release|저전압 해방 (자동 복귀|NULL
Ullage|얼리지|탱크 내 빈공간의 용적
Ullage Port|유면측정(油面測定)공|NULL
Ullage Table|얼리지표|NULL
Ultimate Strength|최종강도|구조물이 견디는 최대하중
Ultra High Frequency|극초단파|NULL
Ultrasonic Test : UT|울트라소닉 테스트|초음파탐상시험 참조
Ultrasonic Thickness Gauging|초음파 두께측정|NULL
Ultrasonic Welding|초음파용접|초음파를 발생하는 두 개의 진동음극 사이에 접합재를 끼우고 압력을 가하여 접합하는 용접법
Ultraviolet Dosimeter|자외선 측정기|NULL
Unattended Machinery Automation Ship : UMA|기관구역무인화선|기관실 당직자가 없이도 운항할 수 있는 설비를 갖춘 선박
Unbalance|불평형(不平衡|NULL
Unbalanced Circuit|불평형 회로|NULL
Unbalanced Current|불평형 전류|NULL
Unbalanced Load|불평형 부하|NULL
Unbalanced Load|불평형 하중|NULL
Unbalanced Rudder|불평형타|수압을 받는 면이 타 회전축의 후방에 있는 타
Under Construction|건조중(建造中|NULL
Underbead Crack|비드밑 균열|용접금속에서 모재의 열영향부로 확산된 수소의 영향으로 비드의 밑에 나타나는 균열로 표면에서는 볼 수 없음
Undercut|언더컷|용접 가장자리에서 모재가 녹으면서 패인 부분이 용착재로 덮이지 못해 나타나는 홈
Underdeck Area|덱크하부 구역|NULL
Underground Drainage|지하 배수설비|NULL
Underground Water|지하수(地下水|NULL
Underlaying|밑깔기 용접|덧대기용접시에 용접살이 떨어지거나 터지는 것을 막기 위해 미리 모재에 터지지 않는 금속을 깔아주는 것
Underwater Cutting|수중절단|수중에서 특수한 팁을 사용하여 수소와 산소의 혼합가스를 연료로 연소시켜 절단금속을 가열하고 여기에 산소나 압축공기를 분사하여 절단하는 방법
Underwater Inspection|수중검사(水中檢査|NULL
Underwater Observation Boat|해중투시선|바다 속을 육안으로 관측하는 장치를 갖춘 선박
Underwater Welding|수중용접|수중에서 피복제 중에 많은 철분을 함유시킨 용접봉으로 아크를 발생하여 행하는 용접
Underwater welding|수중용접(水中熔接|NULL
Underwriter|해상보험업자|해상보험업에 종사하는 사람
Underwriters Laboratories|미국 화재보험협회|NULL
Undrewater Telephone|수중통화기|수중과 수중 또는 수상과 수중끼리 통화할 수 있는 초음파통화기
Unequal Angle|부등변 산형강|NULL
UniJunction Transistor|단접합 트랜지스터|NULL
Uninterruptible Power Supply|무정전 전원장치|NULL
Union Joint|유니언연결|유니언나사와 유니언플랜지 사이에 개스킷을 끼우고 유니언너트로 조여서 연결하는 이음방식
Unionmelt Welding|유니언멜트식 용접|서브머지드멜트용접(Submerged Melt Welding)과 동일
Unique tracking number|고유번호|전자증서의 일련의 숫자, 문자 및/또는 기호를 의미함. 주관청 및 그와 같은 기관에 의해 승인된 전자 인증서를 식별하기 위한 번호
Unit Assembly|소조립(小組立|NULL
Unit Length|단위 길이|NULL
Unit Outfitting (Machinery unit/ Pipe Unit|유니트 의장|NULL
Unit Switch|유닛스위치|선박용 분전상자 내의 분기회로를 신속히 통전하거나 차단하는데 사용되는 자동스위치
Unit of Scale|척도 단위|NULL
Universal Chock|유니버어설 초크|NULL
Universal Fairlead|유니버설페어리드|롤러를 통하여 상하좌우 어느방향으로든지 로프를 유도할 수 있는 페어리드
Universal Joint|만능(萬能) 이음|NULL
Unlawful practices|불법행위(불법관행)|고의나 과실에 의하여 타인의 권리를 침해하여 손해를 발생시키는 행위를 말함. 채무불이행으로 인한 손해배상책임과 더불어 채권 발생의 2대 원인이 됨. 불법행위로 생긴 손해는 가해자가 배상하여야 하는데, 그 손해에는 재산상의 손해 및 재산 이외의 손해도 포함됨. 불법행위의 요건으로는 먼저 고의 또는 과실이 있는 가해행위가 존재해야 하며, 그 행위에 위법성이 있고, 가해자가 책임능력이 있고, 피해자의 손해가 발행하였으며 가해행위와 손해 사이에 인과관계가 있으면 민법상 손해배상을 청구할 수 있는 불법행위의 일반요건이 성립됨
Unlimited Waters|무제한 수역|제한 수역 이외의 수역을 말함
Unmanned Control|무인 조정(無人調整|NULL
Unstable Equilibrium|불안정평형|배의 무게중심이 메타센터보다 위쪽에 있는 불안정한(Top Heavy) 상태
Unsymmetrical|비대칭(非對稱|NULL
Upper Bridge Deck|상부선교갑판|선교루갑판 윗층의 갑판
Upper Deck|상갑판(上甲板|NULL
Upper Turn of Bilge|외판만곡부상단|선저만곡부(빌지부)의 상단
Upper-tween Decks|상층갑판공간|상갑판과 1층갑판 사이의 공간
Uppermost Cotinuous Deck|최상전통갑판|선수에서 선미까지 뻗은 갑판 중에서 최상층의 갑판
Upset Welding|업셋용접|저항용접의 일종으로 마주보는 연결부에 전류를 통하여 저항열에 의해 용융점에 도달되면 압력을 가하여 접합시키는 용접방법
Upsetting Moment|전복모멘트|배를 직립 평형위치로부터 어떤 각도까지 경사시키는 데 필요한 모멘트
Upside Down|반전(反轉|NULL
Upstream|상류(上流|NULL
Uptake|연돌(煙突|NULL
Upward Trend|상승 추세(上昇趨勢|NULL
Urinal|소변기(小便器|NULL
Usability Test|사용성능 시험|NULL
Usability Test|유용성검사|유용성을 판정하는 검사
Use Overtime or Shift Working|잔업 또는 교대근무 활용|NULL
User Centered Design (UCD)|사용자 중심 설계|제품의 계획, 설계 및 개발 단계에서 사용자(인간)의 특성과 작업환경을 고려하여 작업자의 작업 목표가 안전하고 편리하게 성취될 수 있도록 하는 설계 개념
User interface design|사용자 인터페이스 설계|사용하기 편한 시스템(제품)을 만들기 위해 사용자와 시스템(제품) 사이의 상호 정보교환의 문제점을 지각적, 인지적 측면에서 밝혀내고 이를 체계화하는 과정
Utility and Electrical Service|공무 지원(工務支援|NULL
V Belt Drive|브이벨트구동|NULL
VACUUM CIRCUIT BREAKER|진공 차단기|NULL
VACUUM ELECTRIC FURNACE|진공 전기로|NULL
VACUUM INTERRUPTER|진공 인터럽터|NULL
VACUUM LOADBREAKER SWITCH|진공 개폐기|NULL
VACUUM PRESSURE IMPREGNATION|진공 주입 ( 함침 )|NULL
VACUUM PRESSURE IMPREGNATION|진공 함침|NULL
VACUUM TUBE VOLT METER|진공관 전압계|NULL
VALUE ADDED NETWORK|부가가치 통신망|NULL
VALUE ADDED TAX|부가 가치세|NULL
VALUE ANALYSIS|가치 분석|NULL
VALUE ENGINEERING|가치 공학|NULL
VAPOR PHASE INHIBITOR|기화성방청제|NULL
VARIABLE FREQUENCY OSCILLATOR|가변 주파수 발진기|NULL
VARIABLE VOLTAGE VARIABLE FREQUENCY|가변 전압 가변 주파수|NULL
VCG (Vertical Center of Gravity|수직 중심(垂直重心|NULL
VCI (Volatile Corrosion Inhibitor|기화성 부식억제제|NULL
VDE (Verband Deutscher Elektrotechniker|독일전기공학회|NULL
VDES|VHF 데이터 교환 시스템|VDES (VHF Data Exchange System) VHF(초단파 주파수) 대역을 활용하여 해상안전 보안 및 항해 관련 정보를 고속으로 송수신 할 수 있는 해상 디지털통신 시스템, 최대통달거리 : 120km, 최대속도 : 307kbps
VDR|항해자료기록장치|VDR (Voyage Data Recorder), 항공기의 블랙박스와 같은 장치로서, 해양사고 조사를 돕기 위하여 선박 운항 중 선박의 위치, 속력, 타각, 통신내용 등 각종 운항자료를 기록하는 장치
VDU (Visual Display Unit|영상지시장치|NULL
VEILING GLARE|광막 글레어|NULL
VEILING LUMINANCE|광막휘도|NULL
VEILING REFLECTION|광막반사|NULL
VENDOR DEVIATION|사양불일치승인요청서|NULL
VENDOR DEVIATION REQUEST|사양불일치승인요청서|NULL
VENTILATION, VENTILATOR|통풍, 통풍기|NULL
VERBAND DEUTSHER ELECTROTECHNIKER|독일 전기 기자협회|NULL
VERIFICATION|확인 ( 검증|NULL
VERIFICATION|확인(검증)|NULL
VERTICAL|수직|NULL
VERTICAL CENTER OF BUOYANCY ABOVE BASE LINE|부력 중심의 종방향 높이|NULL
VERTICAL CENTER OF GRAVITY|무게중심의 수직방향 높이|NULL
VERTICAL CENTER OF GRAVITY ABOVE BASE LINE|선체무게 중심의 종방향 높이|NULL
VERTICAL DOWNWARD|수직 하진|NULL
VERTICAL LADDER|수직 사다리|NULL
VERTICAL LADDER|수직사다리|NULL
VERTICAL POSITION|수직 자세|NULL
VERTICAL POSITION WELDING|수직 자세 용접|NULL
VERTICAL PRISMATIC COEFFICIENT|연직주형 계수|NULL
VERTICAL UPWARD|수직 상진|NULL
VERY HIGH FREQUENCY|초단파|NULL
VERY HIGH FREQUENCY|초단판|NULL
VERY LARGE BULK CARRIER|대형 BULK 운송선|NULL
VERY LARGE CRUDE OIL CARRIER|175,000DWT 이상 30만DWT 이하의 대형 TANKER|NULL
VESSEL OPERATION COMMON CARRIER|COMMON CARRIER로서 자신이 직접 선박을 보유하고 있는 운송인|NULL
VESTIGIAL SIDE BAND|잔류 측파대|NULL
VGFSP|자발적 기국이행 지침|VGFSP(Voluntary Guidelines for Flag State Performance), 식량농업기구(FAO) 차원에서 개발한 지침으로써 IUU 어업 활동 방지를 포함한 선박 모니터링 및 관련 정보교환과 협력에 관한 자발적 성격의 지침임
VGM|컨테이너 총중량 검증제도|VGM (Verified Gross Mass of a Container Carrying Cargo), 선박, 인명 및 화물의 안전을 확보하기 위하여 해상인명안전협약 (SOLAS)에서 요구하는 선적 예정 화물 컨테이너의 총중량 검증에 관한 제도.
VHF (Very High Frequency|초단파(超短波|NULL
VHF Radio|초단파대역 무선통신장비|VHF Radio (Very High Frequency Radio), 30∼300 MHz 주파수 대역을 사용하는 선박무선 통신장치, 최대통달거리 : 120km
VICKERS HARDNESS|비커스 경도|NULL
VIDEO RESPONSE SYSTEM|화상 응답 시스템|NULL
VIMSAS|자발적 회원국감사|VIMSAS (Voluntary IMO Member State Audit Scheme), 는 SOLAS, MARPOL, COLREG, LL, STCW 및 Tonnage 협약을 수용한 IMO 회원국에 대해 동 협약 들의 회원국 적용 상태를 점검하기 위해 시작되었음. VIMSAS를 통해 2006년부터 2015년 10월까지 75개 IMO 회원국이 자발적으로 감사를 받았고 대한민국은 2007년 4월 9일부터 16일 사이에 관련 수감을 한 이력이 있음. 이후 VIMSAS는 해사안전위원회 제91차 회의와 해양환경보호위원회 제64차 회의를 통해 2016년 1월 1일부터 강제적 회원국감사제도(IMSAS)로 변경 적용됨
VISIBLE RADIATION|가시 방사|NULL
VISUAL DISPLAY TERMINAL|영상 표시 단말장치|NULL
VISUAL FLUORESCENT DISPLAY|가시형광 표시장치|NULL
VISUAL INSPECTION|용접외관검사|NULL
VISUAL TEST|육안검사|NULL
VIT (Variable Injection Timing|가변분사시기 조정|NULL
VLBC(Very Large Bulk Carrier|초대형 살물선 (１８０－２００Ｋ）|NULL
VLCC(Very Large Crude Oil Carrier|초대형 원유 운반선 (１７５－３００Ｋ）|NULL
VLOC (Very Large Ore Carrier|초대형광석운반선|NULL
VMS|선박 모니터링 시스템|VMS (Vessel Monitoring System) 선박의 위치, 이동 경로, 항해 속도 등 해상교통상황을 실시간으로 전자해도 화면상에 모니터링하는 시스템
VMS (Voyage Management System|항해종합관리시스템|NULL
VOC (Volatile Organic Compounds|휘발성 유기물질|NULL
VOLTAGE|공칭 전압|NULL
VOLTAGE|전압|NULL
VOLTAGE CONTROLLED OSCILLATOR|전압제어 발진기|NULL
VOLTAGE FREQUENCY CONVERTER|전압 주파수 변환기|NULL
VOLTAGE STANDING WAVE RATIO|전압 정재파비|NULL
VOLTS ALTERNATING CURRENT|교류 전압|NULL
VOLUME UNIT|음량 단위|NULL
VRC (Valve Remote Control|원격제어 밸브|NULL
VTS|해상교통관제시스템|VTS (Vessel Traffic Service) 통항 선박의 동정을 관찰하고 항행 안전 정보를 제공하는 시스템
Vacuum|진공|NULL
Vacuum Box|진공누설시험 지그|NULL
Vacuum Breaker|진공차단기|차단기를 개폐할 때 생기는 전기 스파크를 막기 위하여 파단장치를 진공 속에 둔 밀폐형 차단기
Vacuum Circuit Breaker|진공 차단기|NULL
Vacuum Cleaner|진공 소제기|NULL
Vacuum Cleaner|진공청소기|전동팬으로 먼지를 공기와 같이 빨아들여 먼지만 걸러 담고 공기는 내보내는 장치로 바닥의 먼지 등을 청소할 때 사용하는 기계
Vacuum Distillation|감압증류(減壓蒸溜|NULL
Vacuum Electric Furnace|진공 전기로|NULL
Vacuum Gauge|진공계|공간의 진공도를 측정하는 압력계
Vacuum Interrupter|진공 인터럽터|NULL
Vacuum Loadbreaker Switch|진공 개폐기|NULL
Vacuum Pressure|진공 주입 ( 함침 )|NULL
Vacuum Pressure|진공 함침|NULL
Vacuum Pump|진공 펌프|NULL
Vacuum Test|진공 시험(眞空試驗|NULL
Vacuum Tube Volt Meter|진공관 전압계|NULL
Value Added Network|부가가치 통신망|NULL
Value Analysis|가치 분석(價値分析|NULL
Value Engineering|가치공학(價値工學|NULL
Valve List|밸브 목록표|NULL
Valve Spindle Spnner|밸브스패너|밸브핸들을 돌릴 때 사용하는 갈퀴와 손잡이가 있는 봉
Valve Sticking|밸브용화|밸브장치가 외적인 요인으로 작동이 불량해진 상태
Vanish|바니시|유성도료의 일종
Vapor Lock|베이퍼록|연료유관 내에 증기가 차서 연료유펌프에서 연료공급이 안되는 상태
Vaporizing Chamber|증발실(蒸發室|NULL
Vapour Lock|증기폐색(蒸氣閉塞|NULL
Variable Frequency|가변 주파수 발진기|NULL
Variable Pitch Propeller|불균일피치프로펠러|반지름방향으로 피치가 변화되는 프로펠러
Variable Speed|가변속도(可變速度|NULL
Variable Voltage Variable|가변 전압 가변 주파수|NULL
Variable Voltage Welding Machine|가변전압용접기|전류의 증가에 따라 전압이 자동변화하는 형식의 아크용접기
Varnish|와니스 (니스|NULL
Vedette Boat|함재초계정|큰 함정에 싣고 다니는 고속초계정
Vegetable Chamber|채소창고|선내 냉장고 안에 채소저장에 적합하도록 만들어진 공간
Vehicle-carring Ship|차량운반선|자동차나 열차와 같은 수송차량을 운송하는 배
Veiling glare|광막 글레어|NULL
Veiling luminance|광막휘도|NULL
Veiling reflection|광막반사|NULL
Vendor Drawing (V/D|제작자도면|NULL
Vendor Guarantee|제조회사 보증|NULL
Vendor Information|제조업체 정보|NULL
Vendor Lead Time|제조업체 소요기간|NULL
Venecian Door|베니션도어|통풍이 잘되도록 살이 끼워진 문
Veneer|베니어|두께가 약 1/20inch 이하인 얇은 목판
Veneer Board|베니어판|얇은 목판을 결이 서로 직교하도록 겹쳐붙인 판재
Vent (Hole)|통기구멍|유류운반선의 해치커버에 통기를 위해 마련된 구멍
Vent Pipe|벤트관|화물유탱크내의 과압과 부압의 방지를 위한 통기관
Ventilating Flap|통풍플랩|기과실 통풍을 위해 천장에 설치하는 힌지식 개폐창문
Ventilation Flap|통풍 플랩|NULL
Ventilation Plan|통풍관배치도|선박의 자연통풍과 인공통풍용 통풍관의 배치와 상세를 나타낸 도면
Ventilation Trunk|통풍트렁크|송풍기류를 보내기 위한 풍로
Ventilator|통풍통(通風筒|NULL
Verband Deutsher|독일 전기 기자협회|NULL
Vernier Caliper|부척(副尺) 캘리퍼|NULL
Vertical (Position) Welding|직립용접|수직선과 45도 이내의 용접물에 대하여 상하방향으로 용접하는 것
Vertical Boiler|직립형보일러|작은 용량의 저압증기발생에 쓰이는 원통형 세로보일러
Vertical Coupling|수직연결|타주와 타두를 연결하는 수직 커플링
Vertical Downhand Welding|수직 하향용접|NULL
Vertical Engine|직립기관|실린더가 직립 상하운동을 하는 기관
Vertical Keel|버티컬킬|판용골에 수직하게 붙는 중심선 종통재
Vertical Ladder (V/L|수직 사다리|NULL
Vertical Position|수직자세|용접선이 수직으로 되어있는 곳을 옆에서 수직방향으로 용접하는 자세
Vertical Prismatic Coefficient|연직주형(비척)계수|선박의 배수용적을 그 선박의 수선면과 같은 면적과 같은 흘수를 갖는 수직주상체의 체적으로 나눈 값
Vertical Section|수직 단면(垂直斷面|NULL
Vertical Stiffener|수직방요(垂直防搖)재|NULL
Vertical Web|연직(鉛直) 웨브|NULL
Vertical Web|연직(수직)웨브|격벽에 수직하게 붙은 큰 골재
Vertical Welding|수직 용접(垂直熔接|NULL
Very High Frequency|초단파|NULL
Vestigial Side Band|잔류 측파대|NULL
Vetilation Cock|통풍콕|통풍량을 조절하는 콕(잠금꼭지)
Vhuck|척|선반의 주축에 붙어서 가공물을 고정시켜주는 부속공구
Viable organisms|생존생물|종의 번식을 위해 새로운 개체를 성공적으로 생산할 능력을 지닌 생물을 말함. 선박평형수 관리협약의 제 D-2 규칙은 외래종 유입 및 확산 방지를 위한 방법의 하나로 선외 배출되는 선박평형수 내 생존생물의 개체 수를 제한하고 있음
Vibration|진동|짧은 주기로 반복되는 미소한 폭의 왕복운동
Vibration|진동(振動|NULL
Vibration Absorber|흡진기|진동에너지를 흡수하여 구조물의 진동 폭을 줄여주는 진동 제어장비의 일종
Vibration Damper|진동감쇠장치|기진력을 감쇠시킬 목적으로 기관 등에 붙이는 장치
Vibration Level|진동레벨|진동의 심한 정도를 나타내기 위해 진동속도 또는 가속도를 레벨로 표시한 값
Vibrator|진동기|NULL
Vice Admiral|해군중장|해군장교의 계급명
Victualler|식량수송선|식량을 보급하는 배
Video Response System|화상 응답 시스템|NULL
Vimration Feeder|진동피더|해저광물을 체로 쳐서 가려내는 장치
Vinyl Tile|비닐 타일|비닐재질로 된 타일
Virtual Reality|가상현실(假想現實|NULL
Virtual Work|가상적(假想的) 일|NULL
Viscometer|점도계(粘度計|NULL
Viscosimeter|점도계|액체의 점도를 측정하는 기기
Viscosity|점도|모양이 바뀌는 것에 저항하려는 액체의 성질
Viscosity Controller|점도조절(粘度調節)기|NULL
Viscous Pressure Resistance|점성압력저항|점성저항 중에 들어있는 압력저항 성분
Viscous Resistance|점성저항|유체의 점성에 기인되는 여러 현상 때문에 발생하는 저항셩분
Visibility|가시도(可視度|NULL
Visibility|시계|주간에 하늘을 배경으로 임의의 검은 목표물을 인지할 수 있는 최대거리
Visible Air Whistle|발연기적|기적을 울리면서 백색가루를 뿜어 마치 증기를 뿜는 것 처럼 보이게하는 기적
Visible radiation|가시 방사|NULL
Visual Display Terminal|영상 표시 단말장치|NULL
Visual Fluorescent Display|가시형광 표시장치|NULL
Visual Inspection|육안 검사(肉眼檢査|NULL
Visual Inspection : VI or Appearance Test : AT|육안검사|외관검사 참조
Vital Points|주요한 점，핵심|NULL
Voice Tube|전성관(傳聲管|NULL
Void Space|보이드 스페이스|NULL
Void Space|빈공간|특정한 사용목적이 없는 공간
Volatile Organic Compounds (VOCs)|휘발성유기화합물|증기압이 높아 대기 중으로 쉽게 증발하는 액체 또는 기체상 유기화합물의 총칭. 대기 중에서 광화학반응을 일으켜 오존 등 광화학 산화성 물질을 생성시켜 광화학스모그를 유발하는 물질을 일컫는다. 대기오염뿐만 아니라 발암성 물질이며, 지구온난화의 원인 물질이므로 국가마다 감축을 위해 정책적으로 관리함
Volatile Solvent|휘발성 용매제|NULL
Voltage|공칭 전압|NULL
Voltage|전압|NULL
Voltage Controlled|전압제어 발진기|NULL
Voltage Drop|전압강하(電壓降下|NULL
Voltage Frequency|전압 주파수 변환기|NULL
Voltage Reducing Device|전격방지장치|아크용접기에 쓰이는 안전장치로서 아크가 발생하지 않을 때는 용접기의 2차 부하전압을 낮게 유지시켜줌
Voltage Regulator|전압 조정기|NULL
Voltage Regulator|전압조정기|회로 중의 어떤 위치에서 전위차가 일정하도록 유지해 주는 기기
Voltage Standing Wave Ratio|전압 정재파비|NULL
Volts Alternating Current|교류 전압|NULL
Volume Unit|음량 단위|NULL
Volumetric Efficiency|용적 효율(容積效率|NULL
Volumetric Expansion Coefficient|체팽창(體膨脹)계수|NULL
Vortex|소용돌이|NULL
W-1 (One-man Watch Keeping|항해선교 자동화부호(DNV|NULL
WAEE|WAEE|WAEE (Western Asia and Eastern Europe), 동아시아와 서유럽 지역을 지칭하는 약자로 아시아와 유럽의 경계로써 의미가 있음
WALL & CEILING|선체도장 구역 구분시 사용|NULL
WATER BALLAST TANK|발라스트 탱크|NULL
WATER CLOSET|수세식 화장실|NULL
WATER LEVEL DETECTORS|수위 감지기|선박의 화물창에 해수가 유입되어 일정 높이에 도달했을 때 경보를 알려주는 설비로써, SOLAS XII장의 적용을 받는 산적화물선을 포함한 SOLAS II-1/25에서 산적화물선이 아닌 단일 화물창을 가지는 화물선의 경우 화물창에 해당 장비를 설치하도록 요구됨
WATER PLANT COEFFICIENT|수선면적 계수|NULL
WATER SCUPPER|물 배수구|NULL
WATER TIGHT|수밀|NULL
WATER TIGHT BULKHEAD|수밀 격벽|NULL
WATER TIGHT OR WEATHER TIGHT|수밀(혹은 풍우밀)|NULL
WATERTIGHT|수밀성|양방향으로 물의 밀폐되는 것으로, 손상 복원성 검토 시 구획으로 구분되기 위해서는 수밀성이 확보되어야 함
WAVELENGTH DIVISION MULTIPLEXING|파장 다중 분할|NULL
WBT (Water Ballast Tank|발라스트 탱크|NULL
WCA Code of Conduct|서·중앙아프리카 행동강령|서·중앙 아프리카 지역에서의 해적, 무장강도, 불법 해상활동근절을 위한 새로운 행동강령으로 2013년 7월 카메룬에서 채택됨. IMO는 서·중앙 아프리카 지역에 대한 역량 강화 활동을 지원하기 위한 신규 다자 신탁 펀드(multi-donor trust fund)를 조성함
WEIGHT|무게, 하중|NULL
WEIGHT & CENTER OF|무게및무게중심|NULL
WEIGHT & CENTER OF GRAVITY|무게및무게중심|NULL
WELD PROCEDURE|용접절차사양서|NULL
WELD PROCEDURE SPECIFICATION|용접절차사양서|NULL
WELDER QUALFIFICATION TEST|용접사 자격시험|NULL
WELDER QUALIFICATION|용접자격시험|NULL
WELDER QUALIFICATION TEST|용접자격시험|NULL
WELDING|용접|NULL
WELDING PROCEDURE QUALIFICATION TEST|용접법 승인시험|NULL
WELDING PROCEDURE SPECIFICATION|용접시공 절차서|NULL
WELDING RESEARCH COUNCIL|용접 연구 평의회|NULL
WET BULB|습구 온도계(WET BULB THERMOMETER)|NULL
WET FILM THICKNESS(μ)|젖은 도막 두께 (↔ DFT )|NULL
WFT (Wet Film Thickness|습도막(濕塗膜|NULL
WHEEL HOUSE|조타실|NULL
WHEEL HOUSE|조타실, 항해실|NULL
WHO (World Health Organization|세계 보건기구|NULL
WIDE ADDED NETWORK|광역 통신망|NULL
WIDE AREA NETWORK|원거리 통신망|NULL
WIG (Wing in Ground)|위그선|지면효과(Ground effect)를 이용하여 수면 위로 일정 높이로 떠서 고속으로 이동할 수 있는 선박.
WIG (Wing in Ground-Effect) Ship|해면효과익선|NULL
WINDAGE LOSS|풍손|NULL
WINDING|몰드 변압기 권선|NULL
WINDING|배전용 변압기 권선|NULL
WIPO|세계지식재산기구|WIPO (World Intellectual Property Organization), WIPO는 유엔의 특별기구 중 하나로, 1967년 설립되었으며 창조 활동을 증진하고 지식 재산권을 전 세계적으로 보장하자는 취지에서 출범함
WITH AVERAGE|단독 해손 담보|NULL
WMU|세계해사대학|WMU (World Maritime University), 해사 전문 인력 양성을 통해 국제해사기구(IMO) 회원국 간의 소통을 활성화하고 안전하고 깨끗한 해운산업을 위해 1983년 IMO가 스웨덴 말뫼에 설립한 대학원 중심의 국제적 교육기관임
WMUWA|세계해사대학 여성협회|WMUWA (World Maritime University Women’s Association), 2014년 설립되었으며, 국제 해운산업에서 여성 전문가들의 인적 네트워크 증진과 발전적인 협회의 발전 방향에 대해 논의하고 국제 해운산업계의 여성 진출을 독려하는 모임
WOMESA|동남아프리카 해사 여성협회|WOMESA (Women in the Maritime Sector in Eastern and Southern Africa), IMO 지원으로 2007년 케냐에 설립되었으며, 동남아프리카 지역의 해운산업 부문에서의 여성 진출과 훈련 및 기술 발전을 촉진하는 것을 주목적으로 함
WORK COMMENCEMENT|착공|NULL
WORK ORDER|작업지시서|NULL
WORKING HOLE|작업용 구멍|NULL
WORKING PRESS|작동 압력|NULL
WORLD TRADE ORGANIZATION|세계 무역 기구|NULL
WOUND CORE|권철심|NULL
WOUND CORE TRANSFORMER|권철심 변압기|NULL
WOUND ROTOR|권선형 회전자|NULL
WOUNDROTOR INDUCTION MOTOR|권선형 유도전동기|NULL
WPS (Welding Procedure Specification|용접시공 절차서|NULL
WRC|세계전파통신회의|WRC (World Radio-communication Conference) 주파수 국제 분배와 전파통신 분야 중요 사항을 결정하는 ITU(국제전기통신연합) 최고 의결 회의로, 4년마다 개최됨
WSD (Work Sequence Diagram|단계별 공사요령서（의장공사）|NULL
WWNWS|전 세계 항행경보 서비스|WWNWS (World-Wide Navigational Warning Service), IMO 및 IHO가 설치한 경보 시스템. 고주파 무선 신호로 조난 위치, 연안 해역 구조 및 위험 요소 등에 대한 경보 서비스가 제공됨
Wage Rate|임율(賃率|NULL
Wagon Deck|차량갑판|차량도선에서 차량의 출입과 운반을 위하여 레일과 차량고정장치를 갖춘 갑판
Waist Deck|중앙부갑판|선체 중앙부에 있는 상갑판
Waiting Time|작업대기시간|NULL
Wake|후류|반류와 동일
Wake Equalizing Duct|프로펠라측 덕트|NULL
Walkie-Talkie|워어키 토오키|NULL
Walkway during Construction|건조중(建造中) 통로|NULL
Wall Crane|벽붙이 크레인|NULL
War Ship|군함|전투에 사용되는 무장된 함정
Wardrobe|옷장|NULL
Warehouse|창고(倉庫|NULL
Warning Light|경계등|위험물을 적재하거나 기름 하역 중인 선박에서 위험상태를 표시하는 적색 등으로 마스트 같은 곳에 표시함
Warship|군함(軍艦|NULL
Wash Basin|세면기(洗面器|NULL
Wash Bulkhead|물막이격벽|용량이 큰 딥탱크나 픽탱크의 액체유동을 억제하기 위하여 세우는 구멍뚫린 격벽
Waste Heat|폐열(廢熱|NULL
Waste Heat Boiler|폐열보일러|배기속에 남은 열을 이용하여 증기를 발생시키는 보일러
Waste Heat Recovery System|폐열회수시스템|주기의 배기가스나 냉각수 등에서 폐열을 회수하여 유용하기 위한 시스템
Waste Heat Recovery System (WHRS)|선박 폐열 회수장치|선박 엔진 배기가스의 열에너지를 전기에너지로 전환하여 재활용하는 에너지 저감 기술로 연료유 효율 개선에 기여
Waste Oil Tank (W.O. Tk|폐유(廢油)탱크|NULL
Waste Oil Treating Device|폐유처리장치|폐유를 화학적 처리법이나 소각법으로 처리하는 장치
Water Boat|급수선|항내 정박중인 선박에 식수를 공급하는 배
Water Closet (W.C|화장실(化粧室)，변소|NULL
Water Content|수분 함량(水分含量|NULL
Water Cooling|수냉|물로 냉각하는 것
Water Hammering|수격작용(水擊作用|NULL
Water Jacket|물재킷|고열이 나는 열기관 주위로 물(청수 또는 해수)이 순환하면서 열을 흡수하여 식혀주도록 물을 담는 공간
Water Line|수선(水線|NULL
Water Meter|수량계|물의 흐르는 양을 계측하는 계기
Water Plane|수선면(水線面|NULL
Water Pollution|수질 오염(水質汚染|NULL
Water Proof|방수|비나 이슬 등에 노출돼도 물이 스미지 않는 상태 또는 성질
Water Softner|연수장치|경수를 연수화기키는 장치
Water Spray Pump|물분무펌프|소화용으로 물을 뿜어주는 펌프
Water Supply Test|통수시험|배관 의장공사 완료 후 이상유무를 확인하기 위해 실시하는 물청수 또는 해수계통의 유통시험
Water Trap|드레인 트랩|NULL
Waterjet|물분사|펌프원리를 이용하여 물을 선체내부로 빨아드렸다가 뒤로 내뿜는 반력을 이용하는 추진방식
Waterjet Propulsion|워터제트 추진|NULL
Waterjet Ship|물분사선|물분사로 추진하는 선박
Waterline Length|수선길이|선박의 계획만재흘수선상의 선수단에서 선미단 까지 잰 길이
Waterplane|수선면|선박의 어떤 흘수에서 수면으로 절단한 선체의 수평단면
Waterplane Area|수선면적|수선면으로 둘러싸인 부분의 면적
Waterproof|방수(防水|NULL
Watertight|수밀|물이 새지 않는 구조
Watertight Bulkhead|수밀격벽|침수가 퍼지는 것을 막기 위해 선체를 몇 개의 수밀구역으로 구분하고 각 구역간의 물을 막아주기 위한 격벽
Watertight Bulkhead (W.T Bhd|수밀 격벽(水密隔壁|NULL
Watertight Compartment|수밀 구획(水密區劃|NULL
Watertight Compartment|수밀구획|수밀격벽으로 둘러 쌓인 구역
Watertight Floor|수밀늑판|이중저내의 수밀구획을 막아주는 실체늑판으로 보통은 수밀격벽의 위치와 일치함
Watertight Test|수밀 시험(水密試驗|NULL
Watertight Test|수밀시험|수밀구획의 수밀성을 검사 확인하는 시험
Watt-Hour Meter|적산전력계|NULL
Wattmeter|전력계|전류계와 전압계의 원리를 병용하여 전기회로에서 전력을 직접 측정하는 계기
Wave|파|물의 자유표면이 교란되어 발생한 물결
Wave Crest|파정|파에서 가장 높은 부분
Wave Frequency|파진동수|파의 원진동수 또는 파주기의 역수
Wave Height|파고|파정과 파정 사이의 수직거리
Wave Length|파장|연속하는 두 개의 파정과 파정 사이의 수평거리
Wave Making Resistance|조파 저항(造波低抗|NULL
Wave Making Resistance|조파저항|배가 진행할 때 물결을 일으키면서 생기는 저항성분
Wave Period|파도주기|파도가 단위파장을 진행하는 데 걸리는 시간
Wave Shearing Force|파전단력|파도와 배의 운동에 의해 선체 횡단면에 작용하는 전단력
Wave Steepness Ratio|파기울기|파고와 파장과의 비
Wavelength Division|파장 다중 분할|NULL
Wax Pattern|밀본|밀랍으로 만든 모형을 주물모래에 묻고 가열하여 밀납을 녹여 주형을 만드는데 사용하는 것
Waybill|운송장|위탁자, 운송업자 및 위탁자 간의 위탁운송에 관하여 화물의 운송내용을 기재한 문서로 이 계약은 위탁에 관한 당사자의 소유권 및 책임 문제를 다루고 있으며 화물이 운송되었음을 증명하는 서류로 활용됨
Wear Respirator|마스크 착용|NULL
Wear and Tear|쇠모(마모)|재료가 마찰이나 반복사용으로 닳거나 피로작용을 일으키는 현상
Weardown|마모(磨耗|NULL
Weather Adjustment|천후조정|오토파릴럿에서 폭풍우 등 해상상태에 맞추어 침로를 포함하여 불감대의 폭을 조절하는 장치
Weather Effect|일기 영향(日氣影響|NULL
Weather Forecast|일기 예보(日氣豫報|NULL
Weather Tight|풍우밀|비바람이 새지 않는 것
Weather Tight Door|풍우밀문|노출부 벽에 설치되어 비바람과 해수가 새지 않는 구조로 된 문
Web Frame|특설 늑골(特設肋骨|NULL
Wedge|쐐기|길이 방향의 단면이 날카로운 V자모양이 되도록 나무나 쇠붙이를 깎아 놓은것
Weekday|평일 (平日|NULL
Weight Curve|중량곡선|배의 길이방향으로 본 중량분포를 나타낸 곡선
Weight Estimation|중량추정|설계시에 선박의 중량을 미리 추정하는 것
Weight on Board|적재중량|선박에 적재된 화물과 기타 물품의 중량
Weighted Average Method|가중평균(加重平均)법|NULL
Weighted Index Number|가중 지수(加重指數|NULL
Weighted Mean|가중 평균(加重平均|NULL
Weld Condition|용접 조건(熔接條件|NULL
Weld Defects|용접 결함(熔接缺陷|NULL
Weld End|용접 끝단부|NULL
Weld Geometry|용접 형상(熔接形象|NULL
Weld Length|용접길이|연속된 용접부의 크레이터를 제외한 길이
Weld Metal|용접금속|용접부의 일부에서 용접하는 동안 용융 응고된 금속(용착금속 이라고도 함)
Weld Penetration|용입|NULL
Weld Size|용접 치수|NULL
Weld Zone|용접부|용접금속과 열영향부를 포함한 부분의 총칭
Weldability|용접성|모재나 용접재의 용접 적합성을 평가하는 용어
Weldabiltiy|용접성(熔接性|NULL
Welded Construction|용접 구조(熔接構造|NULL
Welded Joint|용접이음|용접에 의하여 접착되는 이음방식
Welder Performance Test|용접사 기량시험|NULL
Welder's Qualification Test|용접사 자격시험|NULL
Welding Arc Voltage|용접 아크전압|NULL
Welding Current|용접 전류(熔接電流|NULL
Welding Current|용접전류|용접에 필요한 열을 주기 위하여 보내는 전류
Welding Dissimilar Metals|이종금속의 용접|NULL
Welding Distortion|용접변형|용접열에 의해 팽창 응고 수축되는 과정에서 부재에 나타나는 변형
Welding Flux|용접용 플럭스|용접시에 용융된 금속을 보호하고 아크를 안정시키며 금속내에 불순물을 제거시켜 주기 위하여 사용되는 용접부가재료
Welding Flux|용제(용접|NULL
Welding Head|용접헤드|자동용접장치에서 용접와이어를 공급하는 부분
Welding Machine|용접기|NULL
Welding Material|용접재료|NULL
Welding Metallurgy|용접 금속학|NULL
Welding Pass Sequence|용접순서(熔接順序|NULL
Welding Position|용접자세(熔接姿勢|NULL
Welding Procedure|용접 시공법|NULL
Welding Procedure Qualification Test|용접법 승인시험|NULL
Welding Procedure Test|용접시공시험|용접시공방식의 변환이나 새로운 시공법의 적용이 필요할 때 새로 적용하는 방식의 인증을 받기 위한 시험
Welding Process|용접법|용접작업을 하는 방법
Welding Reinforcement|용접덧붙임|용접이음에 보태주는 덧살
Welding Rod|용접봉(熔接棒|NULL
Welding Sequence|용접 순서/방법|NULL
Welding Sequence|용접순서|용접을 실시하는 순서
Welding Shrinkage|용접 수축(熔接收縮|NULL
Welding Stress|용접응력|용접부가 가열 냉각되는 과정에서 주변의 구속으로 인하여 생기는 잔류응력
Welding Symbols|용접 기호(熔接記號|NULL
Welding Table|용접대|NULL
Welding Throat|용접각목(熔接脚目|NULL
Welding Tip|용접구멍|가스용접 토치의 선단에서 불을 뿜는 구멍
Welding Torch|용접 토오치|NULL
Welding Transformer|용접변압기|교류전원(220 volt이상)에 접속하여 정전류 특성을 내는 교류아크용접용 변압기
Welding Wire|용접용 와이어|자동과 반자동용접에서 용가재로 쓰이는 금속선으로 릴에 감겨져 있음
Weldolet|용접식 돌기물|NULL
Welfare Provisions|복리 후생(福利厚生|NULL
Well Deck|웰갑판|선수루와 선미루가 분리되어있는 선박에서 선루가 없는 부분의 상갑판
Wet Dock|계류 독|간만의 차가 심한 수로에서 간조시에 수로 입구를 막아 배가 떠있도록 한 독
Wet Provision|부식(냉동/냉장요|NULL
Wet Steam|습증기(濕蒸氣|NULL
Wether Deck|노천갑판|덮개 없이 대기에 노출되어있는 갑판
Wether Ladder|노천사다리|노천부 갑판에 오르내리도록 설치된 사다리
Wetted Surface Area|침수 면적(沈水面積|NULL
Whale Back Vessel|경배선|거북등 갑판으로 된 선박으로 갑판과 외판이 둥글게 연결되고 시어(Sheer)가 없음
Whale Mother Ship|포경모선|고래 처리공장이 설치되어있으며 선원의 휴양설비를 갖추고 포경선에 소모품을 공급하는 등의 역할을 하는 대형선
Whale Scouting Vessel|탐경선|고래가 있는 곳을 찾아서 포경선에 알려주는 배
Whale Winch|포경윈치|포경포가 발사한 작살 로프를 감아올리는 윈치로 중량물 인양도 가능함
Wharf Crane|안벽 크레인|NULL
Wharfage|부두 사용(료|NULL
Wharfage|부두사용료|부두를 사용했을 때 부과하는 요금
Wharfinger|부두관리인|부두의 모든 시설을 관리하는 사람
Wheelhouse (W/H|조타실(操舵室|NULL
Whipping|휘핑|배가 황천항해시에 물결의 충격으로 심한 상하진동을 일으키는 것
Whirling Vibration|횡진동(橫振動|NULL
Whistle|기적(氣笛|NULL
White Lead Paint|백연페인트|백연을 주 원료로 하는 백색페인트
White List|STCW 협약의 완벽한 이행 국가|IMO는 제73차 해양안전위원회(MSC)에서 개정된 STCW 협약의 완벽한 이행 국가의 리스트(White List)를 2000년 12월 6일 최초 발표하였으며, 이 리스트에 없는 국가(기국)의 선박은 항만국 통제(PSC) 감독관의 표적이 되며, 각 회원국은 자국의 STCW 협약 이행 여부를 IMO에 제출이 요구됨
White Zinc Paint|백색아연페인트|백색이 나는 산화아연을 안료로 하는 백색마감도료
Wide Added Network|광역 통신망|NULL
Wide Area Network : WAN|광역통신망|광범위한 지역에 걸쳐서 설치되는 전산망
Wide Blade|공폭날개|날개를 넓게 만든 프로펠러로 구축함 고속정 등에 사용됨
Widely Spaced Hold Beam|특설창내빔|특설기둥이 세워지는 위치에 설치되는 창내강력빔
Wilful misconduct|고의적 불법행위|일반적인 해상보험계약에서 피보험자의 고의적 불법행위에 기인하는 손해는 면책 사유로 규정하고 있음 영국 해상보험법 제55조 제2항에 따르면 보험자는 피보험자의 고의적 불법행위에 기인하는 모든 손해에 대하여 면책이 된다고 규정함으로써 피보험자의 고의적 불법행위(wilful misconduct)를 법정면책 사유로 규정하고 있으며, 1982년 ICC(A), (B), (C)의 제4조 일반면책조항에 따르면 피보험자의 고의적 불법행위에 기인하는 손해를 면책으로 약정하고 있음. 그러나 제3자 또는 선원의 고의적 불법행위 등을 담보하는 특약은 유효함. 1983년 ITC-Hulls의 제6조(위험) 조항에서도 선장, 선원의 악행(고의적 불법행위)에 의한 손해가 발생하면 피보험자 등에 의한 상당한 주의의 결여가 없는 한 보험자가 보상의 책임을 지는 그것으로 규정하고 있음
Winch|윈치|체인이나 로프를 감아올리거나 내리는 데 쓰이는 갑판
Winch Man|윈치조종수|윈치를 운전하는 사람
Winch Platform|윈치프랫폼|윈치를 설치하고 운전하는 장소
Wind Direction|풍향|바람이 불어오는 방향
Wind Tunnel Tedt|풍동시험|공기중의 운동체에 대한 유체역학적인 관찰과 계측을 위한 시험
Wind-generated Wave|풍랑|바람에 의해 발생한 물결
Windage Loss|조풍손실|회전기계에서 회전체가 일으키는 바람(공기저항)으로 인한 손실
Windage Loss|풍손|NULL
Winding|몰드 변압기 권선|NULL
Winding|배전용 변압기 권선|NULL
Winding Staires|나선계단|수직축을 중심으로 나선모양으로 돌아가며 발판을 설치한 계단
Window Wiper|윈도와이퍼|조타실 전면창에 비나 눈으로 유리가 흐려지는 것을 제거하는 장치
Wing Bulkhead|현측격벽|배의 현측에 치우쳐 있는 종격벽
Wing Screw Propeller|현측나선프로펠러|삼축 이상의 추진기가 붙은 배에서 바깥쪽에 달린 프로펠러
Wing Shaft|현측축|중심선상이 아닌 현측으로 배치된 축
Wing Tank|현측(舷測) 탱크|NULL
Winter Load Line|동계만재흘수선|동기계절대에서 동기계절 동안에 허용되는 만재흘수선으로 W로 표시됨
Wire Brush|와이어브러시|강철사로 만든 브러시로 철판의 가벼운 녹 등을 제거할 때 사용함
Wire Feed Motor|와이아 송급 모타|NULL
Wire Gauge|와이어게이지|철사의 지름을 측정하는 게이지
Wire Guy|와이어가이|와이어로프로 만든 가이
Wire Reel|와이어릴|와이어로프를 감아 두는 동태
Wire Rope|와이어로프|강철선을 여러 겹 꼬아서 만든 로프
Wireless Control|무선조종|전파를 이용하는 원격조종
Wireless Room|무중실|무선통신장치가 설치 운영되는 공간
Wireless Watcher|무중당직|전파신호를 수신하고 청취하는 당직자
Wiring|배선|통신기기나 전기기기를 연결하는 도선
Wiring Diagram|배선도|배선을 나타내는 도면
Withdrawal of Classification|탈급|선급에 등록된 선박이 선급유지조건을 어겼거나 또는 다른 사정으로 선급선 자격을 포기하는 것
Wood Deck|목갑판(木甲板|NULL
Wood Lathe|목공선반|회전하는 목재의 단면을 둥굴게 꺾아주는 선반
Wooden Deck|목갑판|강제갑판 위에 나무로 덮은 목재갑판
Wooden Ship|목선|목재로 건조된 배
Wooden Shipyard|목선조선소|목선을 주로 건조하는 조선소
Work Load|작업 부하(作業負荷|NULL
Work Management|작업 관리(作業管理|NULL
Work Measurement|작업 측정(作業測定|NULL
Work Order(W/O|작업지시(서|NULL
Work Programme|작업 프로그램|IMO 위원회와 전문위원회 회의에 신규 의제로 상정되는 안건으로써, 해당 회의의 목적과 IMO 전략 방향에 부합하는 차기 회의에서 논의 가능한 안건을 선정하는 절차
Work Ratio|일비|가스터빈의 출력과 유효하게 쓰여진 일의 비
Work Station|전문 작업장|NULL
Working Drawing|공작도(工作圖|NULL
Working Drawing|제작도|공장이나 작업현장에서 사용되는 도면의 총칭
Working Group|작업반|IMO 회의 의제 중, 좀 더 깊이 있는 논의가 필요한 의제에 관해 회기 중 별도의 작업반(별도 회의실)을 구성하여 논의할 수 있음. 또한 각 회기 중 작업반 개설은 초안작업반을 포함하여 최대 5개로 제한되어 있음
Working Lamp|작업등(作業燈|NULL
Working Pressure|작동 압력(作動壓力|NULL
Working Space|작업 공간|NULL
Working Stroke|작업행정|왕복동기관에서의 팽창행정
Working Table|작업대|NULL
Workshop|공작실|기관실 일부에 따로 두는 동작기계 등의 작업실
Workshop (W/S|작업장|NULL
World Maritime Day|세계 해사의 날|국제해사기구(IMO)는 매년 9월 마지막 목요일을 ‘World Maritime Day(세계 해사의 날)’로 지정하여 각 회원국 주요 인사와 함께 국제 해사 현안을 중점적으로 논의함
Worm Gear|웜기어|두 축이 직각을 이면서 서로 접촉되지 않을 때 채용되는 회전력전달기어로서 축의 회전비는 1/10~1/30으로 감속됨
Worm Wheel|웜휠|웜기어에서 감속되는 축(2차축)의 기어
Wound Core|권철심|NULL
Wound Core Transformer|권철심 변압기|NULL
Wound Rotor|권선형 회전자|NULL
Woundrotor Induction Motor|권선형 유도전동기|NULL
Wreck|난파선|조난으로 부서진 배
Wrench|렌치|파이프나 원형단면의 물체를 잡아 돌리는 수동공구
Wrought Iron|연철|반용융상태에서 단련하여 제조한 철로서 불순물이 적으며 철분의 순도가 높음
X-Ray Radiography|엑스선 투과시험|NULL
XML|확장성 생성언어|확장성 생성언어(XML, eXtensible markup language)는 웹에서 구조화된 문서를 전송할 수 있도록 설계된 언어로 문서를 구성하는 요소들의 독립성을 보장함으로써 문서의 호환성, 내용의 독립성, 요소 변경의 용이성 등의 특성을 제공함. XML은 요소별로 개별 파일로 구성되기 때문에 요소별로 저장, 검색 등을 할 수 있고 XML로 문서를 교환할 때 각자가 가지고 있는 응용프로그램이 달라도 호환 가능하여 전자상거래 등을 중심으로 차세대 인터넷 언어로 빠르게 세력을 확장하고 있음
YARD NEED DATE|도착요구일|NULL
YIELD STRENGTH|항복 강도|NULL
YTTRIUM ALUMINUM GARNET|이트륨 알루미늄 가닛|NULL
YTTRIUM IRON GARNET|이트륨 철 가닛|NULL
Yacht|요트|경기나 오락용으로 사용하는 가볍고 소형인 범선 또는 동력선
Yawing|선수 동요(船首動搖|NULL
Yield Point|항복점(降伏點|NULL
Yield Strength|항복 강도(降伏强度|NULL
Yield Strength|항복강도|재료의 인장시험선도에서 응력이 탄성한도를 넘어서 소성변형이 시작되는 점과 이때의 응력
Yoke|요크|변압기의 철심 사이를 연결하는 자기회로 부분
Yttrium Aluminum Garnet|이트륨 알루미늄 가닛|NULL
Yttrium Iron Garnet|이트륨 철 가닛|NULL
Z-bar|제트(Z)형재|단면이 Z모양인 형강재
ZD (Zero Defect|무결점(無缺點)운동|NULL
ZOFM (Zone Outfitting Method|구획의장방식|NULL
ZPTM (Zone Painting Method|구획도장방식|NULL
Zebra Mark|얼룩무늬 마크|NULL
Zero Emission Vessel (ZEV)|탄소제로선박|온실가스를 배출하는 화석연료를 사용하지 않고 다른 친환경 연료를 사용하여 운항하거나, 또는 온실가스를 배출한 만큼 흡수하여 배출한 온실가스를 상쇄시키는 기술을 가진 선박
Zigzag Joint|지그자그형 이음|NULL
Zigzagging|지그재그조정|배를 지그재그로 달리게 하는 것
Zinc Anode|방식아연(防蝕亞鉛|NULL
Zinc Bath|용융아연조|침적식 아연도금에 사용되는 용융아연탱크
Zinc Phosphating|아연 인산염피막 처리|NULL
Zone Outfitting|구획의장(區劃艤裝|NULL
Zone by Area by Stage|구역별/공정단계별 Zone구분|NULL
Zone-Oriented Work|구획위주작업|NULL
amendment Plan|개정도면|설계도 상에 변경사항이 생겼을 때 그 내용을 포함하여 다시 작성된 도면
blow out prevention|분출방지장치|NULL
cable Drum|케이블드럼|케이블 가설선의 케이블을 감아두는 드럼
cap Nut|캡너트|한 쪽이 막힌 덮개형 너트
capstan Bar|캡스턴막대|캡스턴을 인력으로 돌릴 때 꼽아 쓰는 지레막대
carburization|탄소첨가|철강의 탄소함유량을 증가시키는 처리
collision Avoidance Redar System|레이더충돌예방장치|레이더를 이용하여 다른 선박과 물체를 식별하고 추적하여 앞으로의 위치관계를 예측함으로써 충돌예방경보를 발신하는 장치
cramk Shaper|크랭크세이퍼|크랭크와 슬라이더에 의해 램을 움직이는 세이핑 공작기계
double Strapped Joint|양면덧판이음|판의 맞대기이음에서 이믐매의 양면에 덧판을 대고 필렛용접으로 덧판과 연결시키는 이음법
e-Navigation|차세대 해양 안전 종합관리체계|e-Navigation, 선박운항 기술에 정보통신기술(ICT)을 융·복합하여 각종 해사안전정보를 선박-육상 간 실시간으로 공유하기 위한 체계
e.g. (Exempli Gratia|예를 들면 (for example|NULL
eLoran|차세대 장거리 무선항법 시스템|eLoran (enhanced-Long Range Navigation) 중장거리 항법 지원 시스템인 로란-C의 서비스 가용성을 유지하면서 정확도, 연속성, 무결성을 개선한 항법 시스템
fore Mast|포어마스트|가장 앞쪽에 위치한 마스트
hawser Pipe|호저파이프|앵커체인이 갑판에서 외판으로 뚫고 나가는 통로를 둘러싼 관
heavy Oil Engine|중유기관|중유를 연료로 사용하는 디젤기관
hopper Barge|호퍼선|준설선에서 나오는 토사를 받아 운반 배출하는 전용 바지선
hull Shop|선각공장|선각가공공장(Hul Fabrication Shop)과 블록조립공장( Hull Block Assembly Shop)을 합쳐서 이르는 호칭
i.e (id est|즉 (that is|NULL
i.w.o(in way of|부근의|NULL
insulated Hold|단열화물창|주위를 단열시공한 화물창
life Jacket|구명동의|조난시 승선자가 착용하는 부력을 유지해 주는 재킷
local lighting|국부조명|NULL
localized general lighting|국부적 전반조명|NULL
neutral Flame|중성불꽃|산소-아세틸렌불꽃에서 가스공급이 완전연소상태에 있을 때의 불꽃
sheet Metal|박판|두께 1.6mm이하의 얇은 금속판
standard Deviation|표준편차|평균값과의 편차들을 제곱한 값들의 평균값의 제곱근
steam Radiator|증기방열기|증기난방에 사용되는 방열기
steerage Passenger|보통선객|독방을 차지하지 않는 가장 싼 운임의 여객
working Conditions|작업 여건(作業與件|NULL
①Cross Section ②Transverse Plan|횡단면|①물체를 가로 자른 단면 ②선체를 기선에 수직한 면으로 자른 모양
