영단어,한국단어
(Bulbous)Bow Warning Light,구상선수 주의등
0.50% Sulphur limit,연료유 0.5% 황 함유량 규제
2nd GENERATION INTACT STABLILITY,2세대 비손상 복원성
2010 HNS Protocol,2010년 위험 유해물질의 해상운송에 따른
2010 Manila Amendments,2010 마닐라 개정
2011 Guidelines for the control and management of ship’s biofouling to minimize the transfer of invasive aquatic species,2011 선박 생물오손 관리 지침서
2012 Cape Town Agreement (CTA),2012 케이프타운 협정
3GPP,이동통신 표준화기구
3R,"Reduce(감소),"
A 1,A1 해역
A 2,A2 해역
A 3,A3 해역
A 4,A4 해역
A/C (Anticorrosive) Paint,방청도료
A/F (Antifouling) Paint,방오도료(防汚塗料)
ABOVE BASE LINE,기선 상부
ABS : American Bureau of Shipping,미국선급협회
ABS(American Bureau of Shipping),미국 선급협회
AC ( Alternating Current),교류 전류
AC Arc Welding,교류 아크용접
AC BALANCER,교류 밸런서
AC Balancer,교류 밸런서
AC GENERATOR,교류 발전기 ( 交流發電機 )
AC MOTOR,교류 전동기
AC Motor,교류 전동기
AC SLNGLE SPEED CONTROL,교류 1 단 속도제어
AC generator,교류 발전기 ( 交流發電機 )
ACB(Air Circuit Breaker),기중 차단기
ACC (Automatic Combustion Control),보일러 자동 연소제어 (自動燃燒制御)
ACCEPT WITH COMMENT,주석조건하에 수락
ACCEPTANCE TRIAL,인수 시운전
ACCESS HOLE,억세스홀
ACCOMMODATION,거주구
ACCU(Automatic control system certified for unattended eng. room),기관실 무인화등급 (ABS)
ACCUMULATOR,어큐뮬레이터
ACETYLENE,아세틸렌 가스
ACTIVE PASS FILTER,능동 필터
ACTIVE POWER,유효 전력
ACTIVITY,작업 단위
ACV (Air Cushion Vehicle),공기 부양선(浮揚船)
ADAPTIVE DELTA MODULATION,적응 델타 변조
ADAPTIVE DIFFERENTIAL PULSE CODE,적응 차등 펄스 부호 변조방식
ADB,아시아 개발 은행
"ADJUSTABLE CONDENSER, VARIABLE",가변 콘덴서
ADJUSTABLE INDUCTOR,가변 인덕터
"ADJUSTABLE RESISTOR, VARIABLE RESISTOR",가변 저항기
ADVANCE PAYMENT (BANK),환급보증
ADVANCE PAYMENT (BANK) GUARANTEE,환급보증
AFRAMAX(Average Freight Rate Assessment at the max. of Deadweight) C.O.T,아프라막스 C.O.T (8 만톤급 원유운반선)
AFT DRAFT AT A.P.,선미 홀수
AFT PEAK TANK,선미 피이크 탱크
AFT PERPENDICULAR,선미 수선
AFTWARD,뒤쪽으로
AGENCY FOR INTERNATIONAL DEVELOPMENT,국제개발처
AHU( Air Handling Unit),중앙공기 조화장치
AHWP (Actual Hours of Work Performed),작업 완료분의 실투입 시수
AI (Allocated Item),당용(호선)자재
AI (Artificial Intelligence),인공지능(人工知能)
AIIC,국제회의통역사협회
AIR CIRCUIT BREAKER,기중( 氣中 ) 차단기
AIR CONDITIONER,공기 조절장치
AIR CUSION VEHICLE,공기 부양선
AIR HANDLING UNIT,공기 조화기
AIR HOLE,공기 구멍
AIR RELAY,공기식 계전기
AIR TEST,기밀 시험
AIR VENT,공기 배기용 창
AIR-BLAST CIRCUIT BREAKER,공기 차단기
AIRBORNE COLLISION AVOIDANCE SYSTEM,기상 충돌 방지 장치
AIS,선박자동식별장치
ALARM & MONITORING SYSTEM,각종경보 및 집중감시장치
ALIPHATIC HYDROCARBONS,지방족탄화수소용제
ALKYD PAINT,ENGINE ROOM 혹은 BOSUN STORE 및 거주구에 많이 사용되는 발청 방지용 도료
ALLOCATION QUANTITY,할당 수량
ALLOY STEEL BOILER AND HEAT EXCHANGER TUBES,보일러 열교환기용 합금강 강관
ALLOY STEEL PIPES,배관용 합금강 강관
ALLOY STEEL TUBES FOR STRUCTURAL PURPOSE,구조용 합금강 강관
ALTERNATE CURRENT,교류
ALTERNATING CURRENT,교류
ALUMINUM CABLE STEEL REINFORCED,강심 알루미늄 연선
AM (Amplitude Modulation),진폭 변조
AMERICAN BUREAU OF,미국 선급 협회
AMERICAN BUREAU OF SHIPPING,미국 선급 협회
AMERICAN INSTITUTE OF,미국 철구조물 건설 협회
AMERICAN INSTITUTE OF MERCHANT SHIPPING,미국선주협회
AMERICAN INSTITUTE OF STEEL,미국 철구조물 건설 협회
AMERICAN IRON & STEEL INSTITUTE,미국철강협회
AMERICAN IRON AND STEEL,미국 철강 협회
AMERICAN IRON AND STEEL INSTITUTE,미국 철강 협회
AMERICAN NATIONAL STANDARD INSTITUTE,미국 국제 표준 협회
AMERICAN PETROLEUM,미국 석유 협회
AMERICAN PETROLEUM INSTITUTE,미국 석유 협회
AMERICAN SOCIETY FOR,미국 재료시험 협회
AMERICAN SOCIETY FOR METAL,미국금속협회
AMERICAN SOCIETY FOR TESTING AND,미국 재료시험 협회
AMERICAN SOCIETY FOR TESTING MATERIALS,미국재료시험협회
AMERICAN SOCIETY OF,미국 기계 기술자 협회
AMERICAN SOCIETY OF MECHANICAL,미국 기계 기술자 협회
AMERICAN SOCIETY OF MECHANICAL ENGINEERS,미국기계공업협회
AMERICAN SOCIETY OF NON-,미국 비파괴 검사 협회
AMERICAN SOCIETY OF NONDESTRUCTIVE TESTING,미국비파괴시험협회
AMERICAN STANDARD ASSOCIATION,미국공업규격
AMERICAN STANDARD CODE FOR INFORMATION INTERCHANGE,컴퓨터의 내부 문자표현 코드
AMERICAN WELDING SOCIETY,미국 용접 협회
AMERICAN WIRE GAUGE,미국 와이어 게이지
AMPERE,암페어
AMPERE'S RIGHTHANDED SCREW RULE,암페어의 오른 나사의 법칙
AMPLIFIER,증폭기
AMPLITUDE MODULATION,진폭 변조
AMPLITUDE SHIFT KEYING,진폭 위상 변조
ANALOG DIGITAL CONVERTER,아나로그 디지털 변환기
ANGLE,산형재
ANGLE OF EXTINCTION,소호각
ANNUAL SURVEY,연차 검사
ANSI(American National Standards Institute),미국 표준협회
ANTI CORROSIVE,방청 도료
ANTI CORROSIVE PAINT,부식 방지 도료
ANTI FOULING,오염 방지 도료
ANTI FOULING PAINT,방오 도료
ANTI-ACRONYM ASSOCIATION,반약어 협회
ANTI-SUBMARINE WARFARE,대 잠수함전
ANTI-SURFACE VESSEL WARFARE,대 함전
ANTS (Automatic Navigation and Track-keeping System),자동항해및 침로유지 (針路維持)장치
AP (After Perpendicular),선미 수선(船尾垂線)
APHoMSA,아·태 해사안전기관장회의
API (American Petroleum Institute),미국 석유협회
APPARENT POWER,피상 전력
APPLICATION SPECIFIC IC,응용 주문형 집적회로
APPROACH CONTROL RADAR,근접관계 레이다
APPROVAL,승인
APT (After Peak Tank),선미 피이크 탱크
ARMATURE REACTION,전기자 반작용
ARPA (Automatic Rader Plotting Aids),레이다 자동충돌 예방 항법장치
ARTIFICIAL INTELLIGENCE,인공 지능
ASI (Allocated Stock Item),당용(當用)저장자재
ASME(American Society of Mechanical Engineers),미국기계학회
ASP,운용 서비스 제공자
ASSOCIATION FRANCAISE DE NORMALIZATION,프랑스 규격협회
AST (Anti-Suction Tunnel),선수(船首)스라스트측 관통구(貫通口
ASTM (American Society of Testing Materials),미국 재료시험협회
ASYNCHRONOUS MACHINE,비동기기
ASYNCHRONOUS PHASE MODIFIER,비동기 조상기
AT : Appearance Test,에이티시험
ATBA,피항 수역
AUDIO FREQUENCY,가청 주파수
AUDIO RESPONSE UNIT,음성 응답 장치
AUS (Auto Unloading System),자동부하경감 장치
AUSTRALIAN WATERSIDE WORKERS FEDERATION,오스트레일리아 연안노동자연합
AUTHORIZED INSPECTOR,공인검사관
AUTO TRANSFORMER,단권 변압기
AUTOMATED MUTUAL-ASSISTANCE VESSEL RESCUE SYSTEM,선박구조에 관한 상호 원조기국(미국)
AUTOMATIC APPROVAL,자동 승인
AUTOMATIC BRIDGE CONTROL SYSTEM FOR UNATTENDED ENGINE ROOM,ABS(미국 선급) 무인화등급
AUTOMATIC BRIGHTNESS AND CONTRAST,자동 휘도 콘트라스트 조절
AUTOMATIC BRIGHTNESS CONTROL,자동 휘도 조절
AUTOMATIC COMBUSTION CONTROL,보일러의 자동연소 제어
AUTOMATIC CONTROL ROOM FOR UNATTENDED ENGINE ROOM CERTIFIED,ABS(미국 선급) 무인화등급
AUTOMATIC CONTROL SYSTEM CERTIFIED,ABS(미국 선급) 무인화등급
AUTOMATIC DIRECTION FINDER,자동 방위 측정기
AUTOMATIC ROUTE SELECTION,자동 경로 선택
AUTOMATIC SEND/RECEIVE SET,자동 송수신 장치
AUTOMATIC START CONTROL,자동시동 조종장치
"AUTOMATIC TRAIN CONTROL, AUTOMATIC","자동 열차 제어 , 자동 교통 제어"
AUTOMATIC VEHICLE MONITORING SYSTEM,차량 위치 모니터링 시스템
AUTOMATIC VOLTAGE REGULATOR,자동 전압 조정기
AUTOMATION COMBUSTION CONTROL TEST,자동연소 조정시험
AUTOMATION DISTRIBUTION SYSTEM,배전 자동화 시스템
AUTOMATION FINE TUNING,자동 세밀 조정
AUTOMATION FREQUENCY CONTROL,자동 주파수 제어
AUTOMATION GAIN CONTROL,자동 이득 제어
AUXILIARY CONTROL CONSOLE,보기 제어 콘솔
AUXILIARY ENGINE,보조 기관
AUXILIARY MACHINERY ROOM,보조 기관실
AVR (Automatic Voltage Regulator),자동전압 조정기
AWB (Airway Bill) No.,항공화물수취증번호
AWES(The Association of Western European Shipbuilders),서유럽 조선공업협회
AWG(American Wire Gauge),미국 전선번호 규격
AWS(American Welding Society),미국 용접협회
AWWF(Australian Waterside Workers' Federation),오스트레일리아 연안(沿岸)노동자연합
Abaft,선미(船尾)방향으로
"Abandoned, Lost or otherwise Discarded Fishing Gear (ALDFG)",버려지거나 유실되는 폐어구
Abandonment of seafarers,선원의 유기
Abnormal Operation,비정상(非正常) 운전
Aboard,선내(船內)에
Abrasion Material/ Abrasive,연마제(硏磨劑)
Abs. Press. (Absolute Pressure),절대압력
Absolute Humidity,절대습도
Abutting Plate,인접(隣接)한 판
Acceptable Quality Level,합격품질수준
Acceptance / Approval,수락 / 승인
Access Hole,억세스홀
Access Ladder,출입용 사다리
Accessibility,접근의 난이도
Accession,가입
Accessory,부속품(附屬品)
Accident Prevention,사고 방지(事故防止)
Accommodation (Accom.),거주 설비
Accommodation Deck,거주갑판
Accommodation Ladder,현측(舷側) 사다리
Accommodation Plan,거주실 배치도
Accommodation Space,거주구역
Accomodation,거주설비
Accounting System,회계 제도
Accummulator,어큐뮬레리터
Accumulative Erection Weight Curve,탑재중량 누계곡선
Accumulator,축압기(蓄壓器)
Accuracy Control,정도관리(精度 管理)
Acetylene Gas,아세틸렌 가스
Acetylene Gas Generator,아세틸렌 가스발생기
Achievement of the Goals,목표(目標)의 달성
Acid Pickling,산세척(酸洗滌)
Acid Resisting Paint,내산페인트
Act of God,천재
Act or omission,작위 또는 부작위
Active Pass Filter,능동 필터
Active Power,유효 전력
Active substance,활성 물질
Activities on Critical Path,주공정상(主工程上)의 작업
Activity Duration Reduction,작업기간단축
Actual Manhours Used on Previous Ship,실적선(實積船)의 투입시수
Actual Throat,실제목두께
Actylene Welding,아세틸렌용접
Adapter,어댑타
Adaptive Delta Modulation,적응 델타 변조
Adaptive Differential Pulse,적응 차등 펄스 부호 변조방식
Additional Work,추가 공사(追加工事)
Additive,첨가제(添加劑)
Adhesion Test,부착력(附着力) 시험
Adjacent Block,인접(隣接) 블록
"Adjustable Condenser,",가변 콘덴서
Adjustable Inductor,가변 인덕터
Adjustable Pin Jig,조정가능 핀지그
"Adjustable Resistor,",가변 저항기
Adjustable Side Block,자동반목
Adjustable Thrust Block,조절식추력베어링
Adjusting Piece (Adj. Pc),조정 피이스
Administration,주관청
Admiralty Coefficient,애드미럴티계수
Admission Control,출 입통제
Admission Silencer,진입공기소음기
Aerofoil,에어러포일
Aeronautics,항공학
Aerovane,풍량풍속계
Afloat Condition,부양 상태(浮揚狀態)
Aftbody,선체후반부
After Draft,선미흘수
After Peak Bulkhead (A.P Bhd),선미격벽(船尾隔壁)
After Spring,애프터스프링
After-Bending Pipe,후곡(後曲) 관제작
After-burning,후연
After-generation,지연발생
After-hold,후부선창
Afterbody,후부 선체(後部船體)
Afterhood Plating,선미골재외판
Afterpeak Tank,선미피크탱크
Aftpeak Tank,선미탱크
Aftward,선미(船尾)쪽으로
Aggregate Production Planning,총괄생산계획
Agitation,교 반(攪拌)
Agreement,협정
Ahead,전진
Air Bottle,압축공기병
Air Burble Breakwater,공기거품 방파제
Air Change Rate,환기지수
Air Cock,에어콕
Air Compressor,공기 압축기
Air Conditioning Plant,공기조화 장치
Air Cooler,공기냉각기
Air Cooling,공냉
Air Dryer,탈습기
Air Ejector,공기 이젝타
Air Escape,공기도출구
Air Filter,공기여과기
Air Fuel Ratio,공연비(空燃比)
Air Hatch,공기창
Air Heater,공기예열기
Air Hole,공기(空氣) 구멍
Air Horn,공기호각
Air Louver,공기조절창
Air Pipe,공기관(空氣管)
Air Pipe Head,공기관 머리쇠
Air Quenching,공기 담금질
Air Resistance,공기저항
Air Separator,공기분리기
Air Support Vehicle,공기부양선
Air Test,기밀시험(氣密試驗)
Air Vent,에어벤트
Air Vent Head,공기배출 헤드
Air Whistle,에어휘슬
Air and Light Space,채광통풍공간
Air-blast Circuit Breaker,공기 차단기
Air-gap,에어갭
Airborne Collision,기상 충돌 방지 장치
Airborne Noise,공기전달 소음
Airfoil,에어포일
Airplane Warning Light,항공장애표시등
Aiternating Group Flashing Light,교색다섬광등
Ajar Hook,어자훅
Alarm Signal,위급신호
Alarm and Monitoring System,경보및 감시장치
Alcohol Engine,알코올기관
Alcohol Thermometer,알코올온도계
Alignment,중심맞추기
Alignment of Structure,선각구조의 정렬
Alkaline Battery,알카리 축전지
All Welded Metal Test Specimen,전용착금속시험편
All-round Light,전주등
Allowable Error,허용 오차(許容誤差)
Allowable Limits of Vibration to Human Body,인체진동허용한계
Allowable Load,허용 하중(許容荷重)
Allowable Pressure,허용압력
Allowable Stress,허용응력
Allowable Water Velocity,허용 유속(流速)
Allowance List,인도시 누락자재 목록
Allowance Time,여유시간(餘裕時間)
Allowance for Machining,기계가공 여유(餘裕)
Alloy,합금
Alloy Iron,합금철
Alloy Steel,합금강
Alongside Pier,접안
Alongside Repair,안벽 수리(岸壁修理)
Alongside Ship,접현
Alteration Survey,개조 검사(改造檢査)
Alternate Subcontractor,외주업체 변경(變更)
Alternating Light,교색광등
Alternative Repair Method,대체(對替) 수정방안
Alternator,교류(交流) 발전기
Aluminizing,알루마 도금(鍍金)
Aluminum Anode,방식(防蝕) 알루미늄
Aluminum Cable Steel,강심 알루미늄 연선
Ambient Temperature,주위온도(周圍溫度)
Amendment,개정
American National Standard,미국 국제 표준 협회
Amidships,선체(船體) 중앙부
Ammeter,전류계(電流計)
Ammonia Compression Refrigerating Machine,암모니아압축냉각기
Ammonium Nitrate Based Fertilizer,질산암모늄계 비료
Ampere,암페어
Ampere's Righthanded,암페어의 오른 나사의 법칙
Amplifier,증폭기(增幅器)
Amplitude,진폭
Amplitude Modulation,진폭 변조
Amplitude Shift Keying,진폭 위상 변조
Analog Digital Converter,아나로그 디지털 변환기
Analytical Insight,분석적 통찰력
Anchor Arm,앵커암
Anchor Ball,정박표시구
Anchor Buoy,앵커부이
Anchor Capstain,앵커캡스턴
Anchor Chain,앵커체인
Anchor Chock,앵커?
Anchor Crown,앵커크라운
Anchor Gear,닻장치
Anchor Light,정박등
Anchor Pattern,앵카 패튼(塗裝의)
Anchor Pocket,앵커 포켓
Anchor Point,고정(固定) 지점
Anchor Recess,앵커 리세스
Anchor Shackle,앨커새클
Anchor Shaft,앵커새프트
Anchor Stock,앵커스톡
Anchor Stopper,앵커스토퍼
Anchor Tumbker,앰커텀블러
Anchor Winch,앵커윈치
Anchoring,묘박
Anchoring Test,투양묘시험
Anemometer,풍속계
Anemoscope,풍위계(風位計)
Angle Valve (Ang. V/V),앵글(L형) 밸브
Angle of Extinction,소호각
Angle of Repose,적재안식각
Angle of Trim,종경사각
Annealing Furnace,어닐링로
Annex,부속서
Annual Survey,연차 검사(年次檢査)
Anode Current,양극전류(陽極 電流)
Anodic Protection,양극 방식(陽極防蝕)
Antenna,안테나
Anti-Corrosive Tape,방식(防蝕) 테이프
Anti-Corrosive Treatment,방식 처리(防蝕處理)
Anti-Rolling Bar,흔들림 방지봉
Anti-Skid Bar,미끌림 방지용봉(棒)
Anti-collision Light,충돌예방등
Anti-collision System,충돌예방장치
Anti-corrosive Paint,방식도료
Anti-fouling Composition,방오재
Anti-fouling Paint,방오도료
Anti-fouling Systems,방오시스템
Anti-friction Grease,마찰감소그리스
Anti-rolling Tank,감요 탱크
Anti-torpedo Armament,대어뢰장갑판
Anti-torpedo Boat Gun,대어뢰정포
Anticlockwise,반시계(反時計) 방향
Antifreezing Solution,부동액(不凍液)
Anvil Block,모루
Apparent Power,피상 전력
Apparent Slip,겉보기 슬립
Appeal on Disagreement,불복신청(不服申請)
Appearamt Wave Height,겉보기 파고
Appearant Wave Period,겉보기 파도주기
Applicable Rule,적용 규정(適用規定)
Applicable Standards,적용 규격(適用規格)
Application Specific IC,응용 주문형 집적회로
Apportioning and Absorbing,배부및 산입(간접비)
Apprentice,견습생(見習生)
Approval,승인(承認)
Approved Maker,승인된 메이커
Approved Plan,승인도
Approximate(Approx.) Calculation,대략(근사) 계산
Apron,에이프런
Arbitration,법적 중재(法的仲裁)
Arc,아크
Arc Brazing,아크 경납땜
Arc Cutting,아크절단
Arc Lamp,아크등
Arc Length,아크 길이
Arc Resistant Material,내아크성 재료
Arc Spot Welding,아크 점용접
Arc Strike,아아크 스트라이크
Arc Time,순수(純粹)용접시간
Arc Voltage,아크전압
Arc Welding,아크용접
Arc-air Gouging,아크 에어 가우징
Arch Vessel,아치형선
Archives,문서(文書) 보관소
Argon Arc Welding,알곤 아크용접
Armature Reaction,전기자 반작용
Armed robbery against ships,선박 무장강도
Armored Cable,외장(外裝) 케이블
Arrow Head,화살표
Article for Ships,선용품
Artificial Intelligence,인공 지능
Artificial Seasoning,인공시효처리
Artificial Ventilation,인공통풍
As-Built Drawing,최종(最終)준공도면
Asbestos,석면(石綿)
Assemble (Shipbuilding)Sipyard,어셈블 건조방식 조선소
Assembly,총회
Assembly Jig Plan,조립용 Jig플랜
Assembly Line,조립(組立) 라인
Assembly Stage,조립공정(組立工程)
Assess the Influence of,영향 평가(影響評價)
Assistant Oiler,조기원
Associated Work Processes,연관(聯關)작업공정
Association Francaise de,프랑스 규격협회
Astern Nozzle,후진노즐
Astern Test,후진시험
Astern Turbine,후진(後進) 터어빈
Asymmetric,비대칭적(非對稱的)
Asynchronous Machine,비동기기
Asynchronous phase,비동기 조상기
Athwartship,선체를 가로질러
Atm. Press.(Atmospheric Pressure),대기압(大氣壓)
Atmospheric Condenser,대기압식 복수기
Atmospheric Exhaust,대기배출
Atmospheric Pollution,대기 오염(大氣汚染)
Atmospheric Pressure,대기압
Atomic Hydrogen Welding,원자수소용접
Atomizer,분무기
Attained EEDI,EEDI 계산값
Attetion Attradting Light,주의환기신호등
Audio Frequency,가청 주파수
Audio Response Unit,음성 응답 장치
Authentic Text,정본
Authentication,인증
Auto Filter,자동 필타
Auto Pilot,자동조타장치
Auto Transformer,단권 변압기
Auto-plotter,자동작도기
Auto-starter,자동시동기
Automatic Approval,자동 승인(自動承認)
Automatic Arc Welding,자동 아크용접
Automatic Brightness,자동 휘도 조절
Automatic Brightness and,자동 휘도 콘트라스트 조절
Automatic Control,자동 제어(自動制御)
Automatic Control Device Operation Test,자동화기기 작동시험
Automatic Direction Finder,자동 방위 측정기
Automatic Exchange Telephone,자동교환식 전화
Automatic Fire Alarm System,자동화재경보장치
Automatic Fuel Oil Reservoir,연료유자동조절통
Automatic Gas Cutting,자동가스절단
Automatic Radar Plotting Aids : ARPA,자동충돌예방장치
Automatic Radio-telegrahp signal Keying Device,비상신호자동키장치
Automatic Route Selection,자동 경로 선택
Automatic Send/Receive,자동 송수신 장치
Automatic Sprinkler System,자동살수소화장치
Automatic Steering,자동조타
Automatic Tension System,자동장력조정장치
"Automatic Train Control,","자동 열차 제어 , 자동 교통 제어"
Automatic Vehicle,차량 위치 모니터링 시스템
Automatic Voltage Regulator,자동 전압 조정기
Automatic Welding,자동용접
Automation Distribution,배전 자동화 시스템
Automation Fine Tuning,자동 세밀 조정
Automation Frequency,자동 주파수 제어
Automation Gain Control,자동 이득 제어
Autonomous System,자율 시스템
Autopilot,자동조타기(操舵機)
Auxiliary Machinery (Aux. Mach.),보조기계(補助機械)
Available Capacity,가용능력(可用能力)
Available Energy,유효에너지
Available Heat,유효열량
Available Information,가용정보(可用情報)
Average,해손
Average Error,평균 오차(平均誤差)
Awning,천막
Axial Blower,축류송풍기
Axial Compressor,축류압축기
Axial Flow Pump,축류펌프
Axial Vibration Damper,종진동댐퍼
Axis of Weld,용접축
Azimuth Mirror,방위경
Azimuth Table,방위표
B mld (Moulded Breadth),형폭(型幅)
B/C ( Bulk Carrier),살물선(撒物船)
B/L ( Bill of Lading),선하증권(船荷證券)
BACK ORDER QUANTITY,후불 예약수량
BACKWARD WAVE OSCILLATOR,후진파 발진관
BALANCED TRANSFORMERLESS,비티엘
BALLAST,발라스트
BALLAST TANKS,밸러스트 탱크
BALTIC FREIGHT INDEX,런던의 발턱운임집회소에서 12개 주요항로별로 운임을 가중평균한 지수
BAND COMPRESSION,대역 압축
BARE BOAT CHARTER,단순 나용선
BARE BOAT CHARTER WITH HIRE PURCHASE,국적취득조건부 나용선
BARGE MOUNTED POWER,해상열병합 설비
BARGE MOUNTED POWER PLANT,해상열병합 설비
BARREL PER DAY,일일 생산량 .
BASE LINE,기준선
BASIC DRAWING,기본 도면
BASIC WIND SPEED,기본 풍속
BAUXITE,보크사이트
BBC (Bare Boat Charter),나용선(裸傭船)
BCH Code,위험화학품 산적운송 선박의 구조 및 설비를 위한
BCR (Ballast Control Room),발라스트 컨트롤 룸
BCSN,산적화물 운송명
BDN,연료유 공급서
BEAM,작은보
BEFORE 3RD COAT,중도 도장 검사
BEFORE 3RD COAT INSPECTION,중도 도장 검사
BFE (Builder Furnished Equipment),조선소 공급품
BHP (Brake Horse Power),제동 마력(制動馬力)
BHWP (Budgeted Hours of Work Performed),작업완료분의 예산 시수(豫算時數)
BHWS (Budgeted Hours of Work Scheduled),작업미완료분의 예산 시수(豫算時數)
BID,입찰
BID BOND,입찰 보증서
BILGE WELL,오수정
BILL OF LADING,선하 증권
BILL OF MATERIAL,자재불출 청구서
BIOCHEMICAL OXYGEN DEMAND,생물화학적 산소요구량
BIS( Built for In-Water Survey) Mark,수중검사를 위한 마킹
BISMUTH SILICON OXIDE,비스무트 규소 산화물
BLANK DIAMETER,블랭크지름
BLOCK,블록
BLOCK COEFFICIENT,방형 비척 계수
BLOCK DIVISION,작업량
BLOW OUT PREVENTION,분출방지장치
BOD(Biochemical Oxygen Demand),생화학적 산소요구량
BOG ( Boil-off Gas),증발가스
BOILDER GAUGE BOARD,보일러측에 설치된 보일러 제어반
BOILED OFF GAS,LNG화물창에서 자연 증발한 가스
BOILER SURVEY,보일러 검사
BOM ( Bill of Material),자재 명세서
BOM(Bill Of Material),특정제품이 어떤부품들로 구성되는가에 대한 데이터(자재명세서)
BONDED WAREHOUSE TRANSACTION,보세창고 인도조건
BRACKET,브라켓트
BRAZILIAN SHIPBUILDING ASSOCIATION,브라질 조선협회
BREADTH (MOULDED),형폭
BREAKER,분기 개폐기
BRIDGE CONTROL CONSOLE,선교 조종 CONSOLE
BRIDGE MANEUVERING SYSTEM,선교 제어장치
BRIDGE TYPE RELAY,브리지형 계전기
BRIDGING AMPLIFIER,분기 증폭기
BRIGHTNESS,휘도
BRINE,냉매 소금물
BRITISH STANDARD INSTITUTION,영국규격협회
BRITISH STANDARDS,영국표준공업규격
BRITISH STANDARDS INSTITUTION,영국 규격 협회
BRONZE CASTING,청동 주물
BS( British Standards),영국 표준공업규격
BSRA (British Ship Research Association),영국 선박연구소
BUILDING AUTOMATION SYSTEM,빌딩 자동화 시스템
BULK CARRIER,"BULKER라고도 하며 곡물,석탄등과 같이 별도로 포장된지 않은 상태로 적화. 운송하는 선박"
BULKHEAD,격벽
BULKHEAD DECK,격벽갑판
BUREAU VERITAS,프랑스 선급 협회
BURNER MANAGEMENT,버너조정시스템
BURNER MANAGEMENT SYSTEM,버너조정시스템
BUTTOCK LINE,종절선
BV : Bureau Veritas,비 브이
BV( Bureau Veritas),프랑스 선급(船級)
"BWMC (International Convention for the Control and Management of Ship's Ballast Water and Sediments, 2004)",선박평형수 관리협약
BWMS (Ballast Water Management System),선박평형수 처리설비
BWMS Code (Code for approval of Ballast Water Management System),선박평형수 처리설비 형식승인 코드
Babbit Metal,바비트 메탈
Back Assembly,후면(後面) 조립공사
Back Bead,뒷면 비드
Back Fire,역화(逆火)
Back Gouging,뒷면 가우징
Back Hook,문걸이
Back Metal,백메탈
Back Piece,뒷댐부재
Back Pressure,배압(背壓)
Back-hand Welding,후진 용접(後進熔接)
Background,배경(背景)
Backhand Welding,후진용접
Backing Strip,뒷받침 쇠붙이
Backing Weld,뒷면막기 용접
Backlash,백 래시(기아의)
Backside Marking,후면(後面) 마아킹
Backside Undercut,후면(後面) 언더컷
Backward Scheduling,후진계획(後進計劃)법
Backward Wave Oscillator,후진파 발진관
Bailer,베일러
Balance Weight,평형(균형) 추
Balanced Transformerless,비티엘
Balancing Machine,평형(균형) 시험기
Ball Bearing,볼베어링
Ball Joint,볼조인트
Ball Launching,볼진수
Ball Thrust Bearing,추력볼베어링
Ballanced Chain,밸런스드체인
Ballast,방전등용 안정기
Ballast Condition,밸러스트상태
Ballast Tank,발라스트 탱크
Ballast Water,선박평형수
Ballast water exchange,선박평형수교환
Ballast water management,선박평형수 관리
Ballast water management plan,선박평형수 관리계획서
Ballast water performance standard,선박평형수 배출성능 기준
Baloon Hatch,벌룬탑
Band Compression,대역 압축
Bar Keel,방형용골
Bar Steel,봉강
Barbette,포장갑
Barcelona Convention,바르셀로나 협약
Bare Electrode,알몸용접봉
Barge,부선(艀船)
Barge Loading Cutter Suction Dredger,바지적립식준설선
Barnacle,따개비등 조개류
Barred Speed,연속운전 금지구간
Barrel ( bbl),배럴 (158.99 ltr)
Barrow,손수레
Barstem,방형선수재
Base Block,바닥침목
Base Cargo,밑짐
Base Line,기선
Base Plate,밑판
Baseline (B.L),기선(基線)
Basic Concept,기본 개념(基本槪念)
Basic Design,기본 설계(基本設計)
Basic Requirement,기본적인 요구사항
Batch Purification,일괄청정
Battery Charger,충전기(充電器)
Battle Cruiser,순양전함
Battle Tracer,항적기록기
Beacon,입표
Beacon Station,표시국
Bead Welding,비드용접
Beam Knee,빔니
Beam Runner,빔 러너
Beam Sea,횡파
Beam Trawler,빔트롤러
Beam Wind,옆바람
Bearing,방위
Bearing Metal,베어링 메탈
Beaufort Scale,뷰우포오트 풍력 등급(風力等級)
Becket,베킷
Bedplate,베드(엔진等의)
Behind Schedule,공정 지연(工程遲延)
Bell Buoy,타종부표
Bell Whistle,종형기적
Bell with a Pilot Lamp,표시등붙이벨
Bellows,벨로우즈
Bellows Type Expansion Pipe Joint,벨로즈식 신축관이음새
Bench Mark,벤치 마크
Bending Moment,굽힘 모멘트
Bending Rolls,곡가공(曲加工) 장비
Bending Template,굽힘 본
Bent Pipe Fabrication,곡관제작(曲管製作)
Berth Declinity,선대 경사(船臺傾斜)
Berth Declivity,선대경사
Best Management Practices (BMP),(해적행위 방지를 위한) 최적관리기법
Bevel Angle,개선각도(開先角度)
Bevel Cut,베벨절단
Bevel Frame,베벨늑골
Bidet,비데
Bilge Block,빌지블록
Bilge Hat,빌지햇
Bilge Holding Tank,빌지 저장탱크
Bilge Hopper Tank,빌지호퍼 탱크
Bilge Keel,빌지 키일(횡요방지)
Bilge Plate,선저만곡부 외판
Bilge Radius,빌지반지름
Bilge Separator,빌지분리기
Bilge Shore,빌지부 받침목
Bilge Shores,빌지받침목
Bilge Stringer,빌지부종통재
Bilge Well,빌지웰
Bilged Compartment,침수구획
Bill of Lading,선하증권
Bin,빈
Binnacle Lamp,비너클 등
Binocular (Glass),쌍안경
Biofouling,생물 오손
Biologic Shield,생체보호차폐
Bipot Mast,이각마스트
Bismuth Silicon Oxide,비스무트 규소 산화물
Bite Union,맞물림연결 유니온
Bitt,비트
Bitumastic (Bituminous Cement),역청질
Bituminous Enamel,역청에나멜
Black Carbon (BC),블랙카본
Black-out Test,블랙 아웃 시험
Blade Angle,날개각
Blade Angle Indicator,날개각 지시계
Blade Efficiency,날개효율
Blanced Rudder,평형타
Blank Flange,블랭크플랜지
Blank Plate,맹판(盲板)
Blast,폭풍
Blast Air,분사공기
Blast Furnace,용광로
Blast Heater,송풍가열기
Blast Pipe,송풍관
Bleached Tar,탈색(脫色) 타르도료
Blind Flange,막음플랜지
Blind Hull,선체(의장작업 않은)
Blind Plate,맹판(盲板)
Blister,부풀음
Block,블록
Block Assembly,블록 대조립(大組立)
Block Coefficient,방형 계수(方形係數)
Block Division,블록 분할(分割)
Block Inspection,블록 조립검사
Block Outfitting,블록의장
Block Shipbuilding,블록 건조방식
Bloom’s Taxonomy Verb,불름스 동사분류
Blow Hole,용접기공(熔接氣孔)
Blow Pipe,블로파이프
Blow Twin Deck,하부중갑판
Blowdown,배출(排出)
Blower,송풍기(送風機)
Blowhole,기공
Boat Cover,보트덮개
Boat Davit,단정대빗
Boat Deck,단정갑판
Boat Derrick,단정데릭
Boat Fall,보트펄
Boat Skate,보트스케이트
Boat Skid,보트스키드
Boatswain`s Chair,걸이의자
Body Plan,선체 정면선도
Boe Rudder,선수키
Boiler,보일러
Boiler Compound,보일러 청정제
Boiler Graphite,보일러흑연
Boiler Hosepower,보일러마력
Boiler Steel,보일러용 강재
Boiling Point,비등점
Bollard,볼러드
Bollard Test,볼라드시험
Bolster,볼스터
Bolt-Head Trimming,볼트 머리깍기
Bond,본드
Bonjean`s Curve,본전곡선
Bonnet,보닛
Booby Hatch,갑판 출입구
Booster,부스터
Booster Pump,가압(加壓) 펌프
Boot Topping,수선부
Boottop,수선부(水線部) 도장
Boring,보링
Boring Machine,보링머신
Boss,보스
Boss Plate,보스외판
Bosun (Boatswain) Store,갑판장 창고
Both-sides Welding,양면용접(兩面熔接)
Bottleneck,애로 공정(隘路工程)
Bottom Block,선저(船底) 블록
Bottom Board,선저깔판
Bottom Frame,선저늑골
Bottom Girder,선저거더
Bottom Heavy,보텀헤비
Bottom Longitudinal,선저종늑골
Bottom Paint,선저도료
Bottom Plug,선저 플럭(취출마개)
Bottom Shell Plating,선저 외판(船底外板)
Bottom Survey,선저 검사(船底檢査)
Bottom Transverse,선저트랜스버스
Bottoms,선복량
Boundary Layer,경계층(境界層)
Bow Anchor,선수닻
Bow Chock Screen,선수바람막이천막
Bow Construction,선수 구조(船首構造)
Bow Construction Profile,선수구조도
Bow Door,선수문(船首門)
Bow Propeller,선수프로펠러
Bow Roller,바우롤러
Bow Sea,선수측면파
Bow Sheave,선수시브
Bow Thruster,선수(船首) 스라스트
Bow Visor,상부힌지식 船首門
Bow Wave,선수파
Bow and Stern Construction,선수미(船首尾) 구조
Bowl,보울
Boxing,돌림용접
Brace,방진기(防振器)
Bracket (Bkt),브라켓트
Bracket Floor,조립 늑판(組立肋板)
Bracket Frame,브래킷늑골
Bracket Lamp,브래킷 등
Brain Storming,창조적 집단사고
Brake,제동기
Brake Disk,제동반
Brake Hose Power,제동마력
Brake Lining,브레이크 라이닝
Brake Shoe,브레이크 슈
Branch Anchor,보조앵커
Branch Box,분기함
Branched Pipe Fabrication,분지관(分枝管) 제작
Brass,황동(黃銅)
Brazing,경납접
Brazing Socket,브레이징 소켓
Breadth Draft Ratio,폭흘수비
Breakdown Maintenance,사후보전(事後保全)
Breaker,분기 개폐기
Breaking Joint,브레이킹 죠인트
Breaking Strength,파강도
Breaking the owner’s right to limit liability,선주 책임제한 배제
Breakwater,물결막이
Breast Hook,브레스트 훅
Breast Line,브레스트라인
Breath Depth Ratio,폭깊이비
Breath Length Ratio,폭길이비
Breathing Apparatus,호흡기(呼吸器)
Breathing Gas Apparatus,호흡보조기
Breathing Gas System,호흡가스장치
Breeches Pipe,쌍가닥 파이프
Brickwork,벽돌 공사
Bridge,선교
Bridge Deck,선교루갑판
Bridge House,선교갑판실
Bridge Maneuvering,항해선교 원격조정
Bridge Spot Welding,브리지스폿용접
Bridge type Relay,브리지형 계전기
Bridging Amplifier,분기 증폭기
Brightness,휘도
Brine,브라인
Brine System,브라인식
British Standard Institution,영국표준협회
Brittle Fracture,취성파괴(脆性破壞)
Broadside Torpedo Tube,현측어뢰발사관
Bronze Casting,청동 주물(靑銅鑄物)
Brush Coating,붓 도장(塗裝)
Bubbling,기포발생(氣泡發生)
Bucket Dredger,버킷식준설선
Buckler,호저파이프뚜껑
Buckling,좌굴
Buckling Load,좌굴하중
Budget Constraint,예산상의 제약(制約)
Buffer Spring,완충스프링
Build Strategy,건조 전략(建造戰略)
Build-up Frame,조립늑골
Build-up Propeller,조립프로펠러
Build-up Section,조립단면재
Build-up Welding,육성(덧붙이)용접
Builder's Certificate,건조(자) 증명서
Builder's Sea Trial,자체(自體) 시운전
Building Automation System,빌딩 자동화 시스템
Building Dock,건조 도크
Building Specification,건조 사양서(仕樣書)
Built-up Section,조립 단면재(斷面材)
Built-up Welding,육성 용접(肉盛熔接)
Bulb Tee,벌브티
Bulbe Plate,벌브판
Bulbous Bow,구상 선수(球狀船首)
Bulge,벌지
Bulging Schell,벌지외판
Bulkhead Block,격벽(隔壁) 블록
Bulkhead Deck,격벽갑판
Bulkhead Floor,격벽늑판
Bulkhead Liner,격벽 라이너
Bulkhead Piece,격벽관통 피스
Bulkhead Plan,격벽구조(隔壁構造)도
Bulkhead Recess,격벽골
Bulkhead Stiffener,격벽 보강재
Bulkhead Stool,격벽 스투울
Bulkhead Stuffing Box,격벽 패킹박스
Bulkhead(bhd),격벽(隔壁)
Bull1s Eye,눈알유리
Bulwark,불워크
Bulwark Freeing Port,불워크배수구
Bulwark Line,불워크선
Bulwark Net,불워크망
Bulwark Strake,불워크스트레이크
Bunkering,연료유 적재(積載)
Bunkering Station,연료공급지
Buoy Mooring,부표계류
Buoy Tender,부표설치선
Buoyancy,부력
Buoyancy Chamber,부력실
Buoyancy Curve,부력곡선
Buoyancy Tank,부력탱크
Buoyant Smoke Signal,부력식발연신호
Bureau Veritas : BV,프랑스선급협회
Burn Through,용락
Burner,버너
Burner Tip,버너팁
Burning Furnace,소각로(燒却爐)
Bursting,파열
Bursting Pressure,파열압
Bus Bar,모선(母線)
Bus Duct,버스덕트
Butt,버트
Butt Forge Weld,맞대기단접
Butt Joint,맞대기이음
Butt Welding,맞대기 용접
Butterfly valve,나비형 밸브
Buttering,버터링
Butterworth Pump,버터워스폄프
Buttock Line,종절선(縱截線)
By-pass Purifying,측류청정
Bypass Valve,바이패스 (우회)밸브
Byproduct,부산물(副産物)
C/H (Cargo Hold),화물창(貨物艙)
CAACE EC,선주협회
CABLE,공칭 단면적
CABLE SCHEDULE,케이블 스케줄
"CABLE TV, COMMUNITY ANTENNA TV",공동시청 TV
CAD-ADRA,합성어로서 미국 ADRA사에서 개발한 CAD 시스템
CANADIAN STANDARDS ASSOCIATION,카나다 표준협회
CANDELA,칸델라
CAPACITOR MOTOR,콘덴서 모터
CAPACITY,정전 용량
CAPACITY PLAN,용적도
CAPP (Computer Aided Process Planning),공정계획의 전산화
CAR(Corrective Action Request),시정조치 요구
CARBON EQUIVALENT,탄소 당량
CARBON STEEL PIPES FOR HIGH PRESSURE,고압배관용 탄소강 강관
CARBON STEEL PIPES FOR HIGH TEMPERATURE SERVICE,고온배관용 탄소강 강관
CARBON STEEL PIPES FOR ORDINARY PIPING,배관용 탄소강 강관
CARBON STEEL PIPES FOR PRESSURE SERVICE,압력 배관용 탄소강 강관
CARBON STEEL TUBES FOR GENERAL STRUCTURAL PURPOSE,일반구조용 탄소강 강관
CARBON STEEL TUBES FOR MACHINE STRUCTURAL PURPOSE,기계구조용 탄소강 강관
CARBONFIBER REINFORCED PLASTICS,탄소섬유 강화 플라스틱
CARGO CONTROL ROOM,화물관리실
CARGO GEAR SURVEY,하역 설비 검사
CARGO HOLD,화물창
CARGO OIL TANK,화물용 기름 탱크
CARGO TANK,화물 탱크
CASH AGAINST DOCUMENT,지급도 조건
CASH on DELIVERY,현금 상환 인도조건
CASR,통합감사 요약보고서
CATHOD-RAY TUBE,음극선 브라운관
CATHODE RAY TUBE,음극선관
CAUSE & EFFECT,면동시험
CBDR+RC,공통의 그러나 차별화된 책임과 개별 능력
CCI (Class Comment Item),선급(船級) 코멘트
CCR(Cargo Control Room),하역제어실
CCTV(Closed Circuit Television),폐쇄회로 TV
CCU(Central Control Unit),중앙 제어장치
CENTER LINE,중심선
CENTER OF BUOY,부력 중심
CENTER OF GRAVITY,무게 중심
CENTER TO CENTER,중심간
CENTRAL CONTROL ROOM,중안 제어실
CENTRAL CONTROL UNIT,중앙 제어 장치
CENTRAL PROCESSING UNIT,중앙처리장치
CENTRALIZED ADMINISTRATION & CONTROL CENTER,중앙집중 제어실
CEO(Chief Executive Officer),최고 경영자
CERTIFICATE OF ORIGIN,원산지 증명서
CERTIFIED PUBLIC ACCOUNTANT,공인회계사
CESA(Commitee of European Shipbuilders' Association),유럽 조선업자 협의회
CFR (Code of Federal Regulations),미국 연방규격집
CFW (Cooling Fresh Water),냉각청수(冷却淸水)
CGT (Compensated Gross Tonnage),표준화물선 환산톤수
CHAIN LOCKER,묘쇄고
CHARGE COUPLED DEVICE,전하 결합 소자
CHARGE TRANSFER LOGIC,전하 전송 소자
CHARTERED BASE,선박료 산출에 있어서의 기본이 되는 지표
CHECK VALVE,역지 밸브
CHEMICAL CONVERSION COATING,화성 피막 저리
CHEMICAL OXYGEN DEMAND,화학적 산소 요구량
CHEMICAL VAPOR DEPOSITION METHOD,화학 기상 성장법
CHIEF EXECUTIVE OFFICER,최고경영자
CHIEF OPERATING OFFICER,(기업의) 최고업무진행책임자
CHIEF PETTY OFFICER,해군 상사
CHINESE REGISTER OF SHIPPING,자유중국 선급
CHS (Continuous Hull Survey),선체계속검사
CI Code,해양사고 조사코드
CIC,집중점검제도
CIMS (Computer Integrated Manufacturing System),컴퓨터 통합(統合) 제조 시스템
CIP,위험물 컨테이너 점검 제도
CIRCUIT,약전류회로
CIRCULAR ERROR PROBABLE,확률 오차원
CITIZEN BAND TRANSCEIVER,생활 무선
CLAMP CIRCUIT,클램프 회로
CLASS COMMENT ITEM,선급 NCR
CLIENT REQUIREMENT ITEM,선주 요구 사항
CLOSED CIRCUIT TELEVISTION,폐쇄회로 T.V.
CLOSED CIRCUIT TV,폐쇄회로 TV
CMDS,공통해사데이터구조
CMP,국가해사개요
CMS(Continuous Machinery Survey),기관 계속검사
CNC (Computerized Numerical Control),컴퓨터 수치제어
CO2 Gas Shielded-arc Welding,탄산가스 아크용접
CO2 Meter,탄산가스미터
COAMING,코밍
COAXIAL CABLE,동축 케이블
CODE,코드
CODE DIVISION MULTIPLE ACCESS,부호 분할 다중 접속
CODERDECODER,부호기와 복호기
COFFERDAM,코퍼댐 ( 기름탱크 사이 또는 기름탱크와 화물창과를 구획하는 협소한 空所 )
COFI,OECD 수산위원회
COHERENT OSCILLATOR,코히어런트 발진기
COLD CATHODE DISCHARGE LAMP,냉음극 방전램프
COLD WATER,찬 물
COLLAR PLATE,보강재
"COLLECTOR RING, SLIP RING",슬립 링
COLREG(International Regulations for Preventing Collisions at Sea),해상 충돌방지에 관(關)한 국제협약
COMBAT INFORMATION CENTER,전투 상황실
COMBINED OF DIESEL AND GAS TURBINE,디젤 가스터어빈 복합운영
COMBINED OF DIESEL OR GAS TURBINE,디젤엔진 또는 가스터빈운영
COMITE DES ASSOCIATION D'ARMATEURS DES COMMUNAUTES EUROPEENNES,EC 선주협회
COMMERCIAL INTEREST REFERENCE RATES,상업 표준 금리
COMMERCIAL PAPER,상업 어음
COMMISSION INTERNATIONAL DE I'ECLAIRAGE,국제 조명 위원회
COMMISSION INTERNATIONALE DE REGE,유럽전기기기 통일 안전 규격
COMMITTEE OF E.E.C. SHIPBUILDERS ASSOCIATION,유럽조선업자 협의회
COMMON MODE REJECTION RATIO,동상 전압 제거비
COMMONWEALTH OF INDEPENDENT STATES,독립 국가연합
COMMUNICATION DECK,회선 감시 장치
COMMUTATOR,정류자
COMPENSATED GROSS RATED TONNAGE,1982년 IMO의 국제협약발효되어 CGT로 바꿔 사용
COMPENSATED GROSS TONNAGE,선박 작업량 표준단위
COMPENSATING MACHINE,보상기
COMPLEMENTARY TRANSISTOR LOGIC,상보 트랜지스터 논리
COMPOUND GENERATOR,복권 발전기
COMPOUND MOTOR,복권 전동기
COMPRESSED AIR,압축공기
COMPUTER AIDED DESIGN,컴퓨터 이용 설계
COMPUTER AIDED DESIGN AND MANUFACTURING,미국 IBM사에서 개발한 CAD/CAM 시스템
COMPUTER AIDED ENGINEERING,컴퓨터를 이용한 엔지니어링
COMPUTER AIDED INSTRUCTION,컴퓨터를 이용한 학습
COMPUTER AIDED LEARNING,컴퓨터
COMPUTER AIDED MANUFACTURING,컴퓨터 이용 생산
"COMPUTER AIDED TESTING, COMPUTERIZED",컴퓨터를 이용한 검사
COMPUTER INTEGRATED MANUFACTURING,컴퓨터를 이용한 통합 생산 시스템
COMPUTER INTEGRATED MANUFACTURING SYSTEM,( 일본의) 조선생산 일관 시스템
COMPUTER NUMERICAL CONTROL,컴퓨터 수치 제어
COMPUTERIZED SHIP DESIGN & PRODUCTION SYSTEM,국제연구사업으로 추진중인 조선전산 시스템
CONCESSION,허용
CONDENSATE & DRAIN,농축 / 배수
CONDENSER,콘덴서
CONDUCTION CURRENT,도전 전류
CONDUCTIVITY,도전율
CONDUCTOR,단선
CONDUCTOR MULTI,다심
CONDUCTOR SINGLE,단심
CONFIRM CODE,담당자 확인란
CONSTANT ANGULAR VELOCITY,정 각속도
CONSTANT LINEAR VELOCITY,정 선속도 방식
CONSTANT SPEED DRIVE UNIT,정속 구동장치
CONSTANT VOLTAGE CONSTANT FREQUENCY,정전압 정주파 전원
CONTAINER FREIGHT STATION,콘테이너 집하장
CONTAINER SAFETY CODE,컨테이너 안전협약
CONTINUITY TEST,도통 시험
CONTINUOUS MACHINERY SURVEY,계속 검사
CONTINUOUS RATING,연속 정격
CONTRACT,계약
CONTRACT AWARD,계약 발효
CONTRACT OF AFFEREIGHTMENT,해상운송계약
CONTROL AIR,조정용 공기
CONTROL CIRCUIT,제어회로
CONTROL PANEL,제어반
CONTROLLABLE PITCH PROPELLER,가변 피치 프로펠러
CONVENTION OF THE INTERNATIONAL TRADE OF ENDANGERED SPECIES,멸종위기에 처한 야생동식물의 국제거래에 관한 협약
CONVERSION SURVEY,개조 검사
COOLING SEW WATER,해수 냉각수
COPPER,동
COPPER NIKEL,백동
COPT (Cargo Oil Pump Turbine),화물유펌프구동(驅動) 터어빈
CORE,배전용 변압기 코어
CORE LOSS,철손
CORE TYPE TRANSFORMER,내철형 변압기
CORELOSS CURRENT,철손 전류
CORRECTIVE ACTION,시정 조치
CORRECTIVE ACTION REQUEST,시정 조치 요구서
COSPAS-SARSAT,수색구조 위성시스템
COST AND FREIGHT,운임포함 가격
COST INSURANCE AND FREIGHT,"운임,보험료 포함가격"
COT (Crude Oil Tanker),원유 운반선
COT(Cargo Oil Tank),화물유 탱크
COUNCIL OF EEC BUILDERS OF LARGE SHIPS,EEC 대형조선소 평의회
COUNTER WEIGHT,균형추
COW( Crude Oil Washing),원유 세정(原油洗靜)
COderDECoder,부호기와 복호기
CPP(Controllable Pitch Propeller),가변피치 프로펠러
CPU(Central Processing Unit),중앙 처리장치
CREDIT NOTE,대변표
CRI (Client Request Item),선주 요구사항
CRITICAL DAMPING RESISTANCE EXTERNAL,임계 제동 외부저항
CRITICAL FUSION FREQUENCY,임계 융합 주파수
CRITICAL TEMPERATURE RESISTOR,임계 온도 저항기
CRT(Cathod Ray Tube),음극선 브라운관
CS (Customer Satisfaction),고객 만족
CSC 1972,안전한 컨테이너를 위한 국제협약
CSD,지속개발위원회
CSDP (Computerized Ship Design and Production System),선박설계/생산 전산 시스템
CSP,통신 서비스 제공자
CSS Code,화물 적재 및 고박 안전실무규칙
CTR,LRIT 적합성 시험 리포트
CTU Code,화물운송기구 수납 실무지침
CUMULATE ISSUE QUANTITY,총불출 누적 수량
CURIE POINT,퀴리점
CURIE TEMPERATURE,퀴리 온도
CURRENCY ADJUSTMENT FACTOR,통화싯세 변동할증료
CURRENT CONTROLLED NEGATIVE RESISTANCE,전류제한 負 저항
CURRENT MODE LOGIC,전류 논리 모드
CURRENT STANDING WAVE RATIO,전류 정재파 비
CURRENT TO PNEUMATIC,전류 - 공기압 전환기 .
CURRENT TRANSFORMER,계기용 변류기
CUSTODY TRANSFER SYSTEM,화물통관 계량장치
CUSTOM HOUSE,세관
CUSTOMS COOPERATION COUNCIL NOMENCLATURE,관세협력이사회 품목분류집 (88년부로 H.S.로 바뀜)
CVS(Clear View Screen),클리어 뷰 스크린
CYCLIC DIGITAL TRANSMISSION,사이클릭 디지털 정보 전송
Cabin,선실
Cabin Door,선실문
Cabin Passenger,선실여객
Cabin Plan,선실배치도
Cabin Stores,선실용품
Cable,공칭 단면적
Cable Bundle,전선(電線) 다발
Cable Burying Equipment,케이블매설기
Cable Clench,케이블 크렌치
Cable Duct,케이블 관로(管路)
Cable Dynamometer,장력계
Cable Hanger,케이블걸이
Cable Hauling Gear,케이블인양장치
Cable Length Measuring Device,케이블길이측정장치
Cable Picking and Laying Machine,케이블부설기
Cable Precutting,케이블 선행절단
Cable Recess,케이블리세스
Cable Schedule,케이블 스케줄
Cable Socket,케이블소켓
"Cable TV, Community",공동시청 TV
Cable Tie,전선결속(電線結束)띠
Cable Trunk (C.T),전로배치함
Cable Winch,케이블윈치
Cabtyre Cable,캡타이어 케이블
Cadet,견습사관(見習士官)
Call Sign,호출 부호
Calorie,칼로리
Calorifier,온수(溫水) 가열기
Calorimeter,열량계
Cam Shaft,캠축
Camber Line,캠버곡선
Camouflage,위장
Camshaft,캠축(軸)
Canadian Standards,캐나다 규격
Canal Rudder,운하용타
Canal Tonnage,운하톤수
Candela,칸델라
Cannel,해협
Canning Factory Ship,통조림공장선
Canopy,가설지
Cant Beam,캔트 보
Cant Frame,캔트 (경사진) 늑골
Cantilever Framed Ship,외팔늑골선
Canvas Boat,캔버스보트
Canvas Cover,캔버스 카바
Canvas Hose,캔버스호스
Capacitor Motor,콘덴서 모터
Capacity,용량
Capacity Control,용량 제어(容量制御)
Capacity Plan,용적도(容積圖)
Capacity Requirement,소요 능력(所要能力)
Capacity-building,역량 강화
Capesize B/C,케이프사이즈 B/C (140-150K B/C)
Capillary Tube,모세관(毛細管)
Capital Ship,주력함
Capstan,캡스턴
Captain,함장
Captain Deck,선장갑판
Car Carrier,자동차 운반선
Car Deck,자동차갑판
Car/Bulk Carrier,자동차겸벌크화물선
Carbide to Water Gas Generator,침소식아세틸렌가스발생기
Carbon Air Arc Gouging,탄소 아크 가우징
Carbon Arc Cutting,탄소아크절단
Carbon Arc Welding,탄소아크용접
Carbon Brush,탄소브러시
Carbon Deoxide Scrubber,탄산가스흡수장치
Carbon Dioxide Fire Extinguisher,탄산가스소화기
Carbon Electrode,탄소봉전극
Carbon Intensity Indicator (CII),탄소집약도지수
Carbon Monoxide,일산화 탄소
Carbon Steel,탄소강
Carbon intensity,탄소집약도
Carbonfiber Reinforced,탄소섬유 강화 플라스틱
Carbonizing Flame,탄화불꽃
Carburization,탄화
Carburizing Flame,탄화염
Cargo Block,하역도르래
Cargo Capacity Tonnage,재화용적 톤수
Cargo Gear Survey,하역설비 검사
Cargo Handling System,화물하역 설비
Cargo Hatchway,화물창구
Cargo Hold Capacity,화물창용적
Cargo Hook,하역고리
Cargo Lift,화물들개
Cargo Net,하역보호망
Cargo Oil,화물유
Cargo Oil Piping System,화물유관장치
Cargo Oil Pump,화물유(貨物油) 펌프
Cargo Oil Pump Steam Turbine,화물유펌프용증기터빈
Cargo Oil Tank,화물유탱크
Cargo Port Door,현측화물적재구
Cargo Segregation,화물 격리(貨物隔離)
Cargo Shackle,하역새클
Cargo Ship,화물선
Cargo Ship Safety Equipment Cerificate,화물선안전설비증서
Cargo Sling,하역(荷役) 슬링
Cargo Space,화물 구역(貨物區域)
Cargo Winch,하역윈치
Cargoes which may liquefy,액상화 화물
Caring,노약자지체 부자유자 등을) 돌보는
Carling,국부보강(局部補强)재
Carpenter,목공
Carpenter's Workshop,목공소(木工所)
Cart,손수레
Cascade Tank,케스케이드 탱크
Cascade Welding Sequence,캐스케이드용접
Case Hardening,표면경화(表面硬化)
Case Study,사례 연구(事例硏究)
Casing,케이싱
Cast Iron,주철
Cast Steel,주강(鑄鋼)
Casualty,해난(海難)
Casung Pipe,케이싱파이프
Catamaran Ship,쌍동선(雙胴船)
Categorize by Grades,등급별(等級別) 분류
Cathode ray tube,음극선관
Cathodic Protection,음극 방식(陰極防蝕)
Cattle Carrier,가축운반선
Catwalk,상설 통로(常設通路)
Caulking,코오킹
Caulking (Air) Hammer,코킹해머
"Causal factors, Causation factors",원인 요소
Cause of Defect,결함 원인(缺陷原因)
Cavitation,공동현상(空洞現象)
Cavitation Damage,캐비테이션손상
Cavitation Wakes,캐비테이션반류
Cavity,캐비티
Cdmpanion Ladder,승강구사다리
Ceiling,천장내장
Ceiling Light,천장등
Ceiling Moulding,천장판돌림대
Ceiling Panel,천장패널
Cellular Double Bottom,구획식이중저(二重底)
Cement Carrier,시멘트운반선
Cementation,침탄
Cementation Process,침탄법
Center Board,센터보드
Center Division,중심선칸막이
Center Flange (Cent. Flg),수밀격벽 통과시 Pipe 중간 플랜지
Center Girder,중심선 거어더
Center Keelson,중심선 내용골
Center Line,중심선
Center Line Bulkhead,중심선격벽
Center Line Through Plate,중심선종통판
Center Plane,중심면
Center Punch,센터펀치
Center of Buoyancy,부력중심
Center of Gravity (C.G),무게 중심(重心)
Center of Symmetry,대칭(對稱)의 중심
Central Control Room,중안 제어실
Central Lateral Plane,중심선종단면
Centre Skeleton,중심선내용골
Centrifugal Force,원심력
Centrifugal Oil Purifier,원심정유기
Centrifugal Pump,원심(遠心) 펌프
Centrifugal Separator,원심분리기
Ceramic Backing,세라믹 백킹
Certificate,증명서
Certificate of Competency (CoC),해기면허증서
Certificate of Inspection,검사 증서(檢査證書)
Certificate of Load Line,만재흘수선증서
Certificate of Proficiency (CoP),교육이수증서
Certificate of Ship`s Nationality,선박국적증서
Chafing Strip,마멸방지 스트립
Chain Block,체인 블록
Chain Drive,체인구동
Chain Drum,체인드럼
Chain Hoist,체인호이스트
Chain Hook,체인갈고리
Chain Intermittent Fillet Weld,병렬단속 필릿용접
Chain Intermittent Fillet Welds,병렬단속필렛용접
Chain Locker,체인로커
Chain Locker (C.L),체인 격납고
Chain Pipe,체인 파이프
Chain Sackle,체인새클
Chain Stopper,체인 스톱퍼
Chainlet,쇠사슬(Plug 구속용)
Chair / Vice-Chair,의장 / 부의장
Chalk Test,분필시험
Chamfering,모따기
Chamfering Tool,모따기 공구
Change Room,탈의실(脫衣室)
Change-over Switch,전환 스위치
Channel,챤넬
Characteristic Curve,특성 곡선(特性曲線)
Charge Coupled Device,전하 결합 소자
Charge Transfer Logic,전하 전송 소자
Charging Equipment,충전장치
Charging Switchboard,충방전배전반
Chart Room,해도실(海圖室)
Charter Base : C/B,차터베이스
Check Pin,멈춤핀
Check Point,점검항목
Check Valve,역지 밸브
Checkered Plate (chk. pl.),체크 플레이트
Checklist analysis,목록 분석
Checkpoint Review Meeting,점검항목 검토회의
Checkr (Checkered) Plate,바닥무늬판
Chemical Analysis,화학분석
Chemical Cleaning,화학 세척(化學洗滌)
Chemical Cleaning Pump,케미컬클리닝펌프
Chemical Composition,화학 조성(化學組成)
Chemical Compound Injection Valve,청정제주입밸브
Chemical Dehydrator,화학탈수기
Chemical Fire Extinguisher,화학소화기
Chemical Tanker,케미컬탱커
Chemical Vapor Deposition,화학 기상 성장법
Chief Engineer,기관장
Chief Engineer(C/Eng.),기관장(機關長)
Chill Strip,뒷댐편
Chilled Casting,냉각주물
Chin Pipe,체인파이프
Chin Pipe Cover,체인파이프뚜껑
Chine Line,차인선
Chipping,치핑
Chipping Hammer,치핑 해머
Chisel Suspension Tower,중추탑
Chock Liner,조정라이너
Christening(Naming) Ceremony,명명식(命名式)
Christmas Tree Post,크리스마스트리포스트
Christmas Tree Winch,크리스마스트리윈치
Christmas Tree Wire Rope,크리스마스트리와이어로프
Chronometer,크로노미터
Chute,슈우트
Circuit,약전류회로
Circuit Breaker,회로차단기
Circular,회람문서
Circular Error Probable,확률 오차원
Circular Letter,회람장
Circular Mils (C.M),전선의 단면적단위
Circular Saw,원형툽
Circulating Pump,순환 펌프
Citadel Deck House,중앙부대갑판실
Citizen Band transceiver,생활 무선
Clad Steel,클래드 강(鋼)
Clamp,클램프
Clamp Circuit,클램프 회로
Clarifier,클래리파이어
Class 1 Pipe,일급관(一級管)
Class A Fires,화재(A급 火災)
Class A-60 Bulkhead A-60,구역 격벽
Class Comment Item,선급 NCR
Class Notation,선급부호(船級符號)
Class Rules,선급 규칙
Class/Division,위험성 급/등급
Classification Certificate,선급 증서(船級證書)
Classification Character,부기부호
Classification Rule,선급 규정(船級規定)
Classification Society,선급 협회(船級協會)
Classification Survey,선급검사
Claw Coupling,물움커플링
Cleading,클리딩
Clean Ballast Pump,클린밸러스트펌프
Clear Height,클리어 헤이트
Clear grounds,명백한 근거
Clearance,통관절차
Cleat,클리이트
Client Requirement Item,선주 요구 사항
Clinometer,경사계(傾斜計)
Clockwise,시계방향(時計方向)
Clogged Filter,필타 막힘
Close-up Survey,정밀근접(近接) 검사
Closed Chock,닫힌 촉
Closed Circuit TV,폐쇄회로 TV
Closed Fair-leader,폐쇄형페어리더
Closed Feed Water,밀폐급수장치
Closed Type Grab Bucket,밀폐형그래브버킷
Closed Type Thrust Bearing,밀폐형 추력베어링
Closest Point of Approach :CPA,최접근점
Closing Appliance,폐쇄 장치(閉鎖裝置)
Closing Appliances,개구폐쇄장치
Closing Plate,폐쇄판
Clutch,클러치
Clutching Test,클러치작동시험
Cmbined Feed Water Heater,종합열교환기
CoGP,모범관행규약
Coaker,코커
Coal Carrier,석탄운반선
Coaming,코밍
Coaming Stiffener,코밍보강재
Coast Defence Ship,연안방위함
Coast Radio Station,연안무선국
Coastal Motorboat,연안경비정
Coastal Navigation,연안항법
Coastal State,연안국
Coasting Area,연해구역
Coasting Service,연안구역항행
Coasting Vessel,연해구역선
Coaxial Cable,동축 케이블
Code,코드
Code Calling System,부호호출법
Code Division Multiple,부호 분할 다중 접속
Coding System of Hull Structure Piece,선각부재(船殼部材)의 기호부여체계
Cofferdam,코퍼댐
Cofferdam ( C/D),코퍼댐 (방유구획실)
Coherent Oscillator,코히어런트 발진기
Coil Boiler,코일보일러
Coil Spring,코일스프링
Coiled Pipe Cooler,코일냉각기
Coke Pig Iron,코크스선철
Coking Coal,코크스용 석탄
Cold Air Blast System,냉풍식
Cold Bending,냉간(冷間) 굽힘
Cold Bending Test,상온굽힘시험
Cold Crack,저온 균열
Cold Drawn Pipe,냉간인발관
Cold Forming,냉간 성형(冷間成形)
Cold Galvanizing,도금손상부 ZINC-RICH PAINT 도포
Cold Rolling,냉간 압연
Cold Shortnedd,냉간취성
Cold Starting,상온시동
Cold Stirage Boat,냉장선
Cold cathode discharge lamp,냉음극 방전램프
Collar,칼라
Collar Plate,칼라판
Collar Thrust Bearing,칼라스러스트베어링
Collect Performance Data,실적자료 수집
Collecting Hopper,집합호퍼
"Collector Ring, Slip Ring",슬립 링
Collier / Coal Carrier,석탄 운반선
Collision,충돌(衝突)
Collision Bulkhead,선수 격벽(船首隔壁)
Collision Mat,방수매트
Colloidal Fuel,콜로이드연료
Color Scheme,배색(配色)
Column Light,칼럼 라이트
Combination Propulsion System,혼합식추진방식
Comboy,호위함
Combustible Material,가연성(可燃性) 물질
Combustion,연소
Combustion Chamber,연소실(燃燒室)
Combustion Knocking,연소노킹
Combustion Stroke,연소행정
Combustor,연소기
Combutile Loss,연소손실
Commander,해군중령
Commissary Equipment,조리설비(調理設備)
Commission International de,국제 조명 위원회
Commission Internationale,유럽전기기기 통일 안전 규격
Committee,위원회
Commodore,해군소장
Common Battery Telephone,공전식 전화기
Common Cause Failure,공통원인고장
Common Criteria,공통(共通)의 기준
Common Mode Rejection,동상 전압 제거비
Common Practice,일반적 인 방법
Common Structural Rules (CSR),공통 구조 규칙
Communal Aerial System,방송(放送)공시청장치
Communication Deck,회선 감시 장치
Communication Tube,통신통
Commutation,정류
Commutator,정류자
Companion,승강구실(갑판상의)
Companion (Way),컴패니언
Companion Way,승강구실
Companionway,승강구(昇降口)
Company Security Officer (CSO),총괄 보안 책임자
Company-wide Program,전사적 프로그램
Comparative Study,비교연구(比較硏究)
Comparison Sheet,비교표
Compass Adjuster,컴퍼스수정사
Compass Bowl,컴퍼스볼
Compass Bridge,컴퍼스선교
Compass Card,컴퍼스카드
Compass Course,컴퍼스침로
Compass Deck,컴퍼스갑판
Compass Deviation,자차
Compass Error,컴퍼스오차
Compasses,컴퍼스(제도용)
Compensating Device,보상장치(補償裝置)
Compensating Machine,보상기
Compensation,보정
Compensation Tank,보정탱크
Compensation for Openning,개구부(開口部) 의 보강(補强
Complement,승무원수
Complementary Transistor,상보 트랜지스터 논리
Complete Combustion,완전연소
Composite Beam,합성보
Composite Boiler,콤퍼짓보일러
Composite Drawing,종합 의장도(艤裝圖)
Composite Flange,복합형플랜지
Compound Generator,복권 발전기
Compound Motor,복권 전동기
Compound Press. Gauge,복합 압력계
Compound Turbine,콤파운드터빈
Compressed Air,압축 공기(壓縮空氣)
Compressed Load,압축하중
Compressed Stroke,압축행정
Compressibility,압축성
Compression Ignition Engine,압축착화기관
Compression Ratio,압축비
Compulsary Item,필수항목(必須項目)
Compulsory Ship Station,의무선박국
Compulsory Watch,청취의무
Compulsory insurance requirements,강제보험요건
Computer Aided,컴퓨터를 이용한 제조
Computer Aided Design,컴퓨터를 이용한 설계
Computer Aided Engineering,컴퓨터를 이용한 엔지니어링
Computer Aided Instruction,컴퓨터를 이용한 학습
Computer Aided Learning,컴퓨터
"Computer Aided Testing,",컴퓨터를 이용한 검사
Computer Integrated,컴퓨터에 의한 통합 생산
Computer Integrated Manufacturing System,컴퓨터통합제조시스템
Computer Numerical Control,컴퓨터 수치 제어
Concave Fillet Weld,오목필릿용접
Concentrate on Problem Solution,문제해결 집중
Concentrated Load,집중 하중(集中荷重)
Concentration of Stress,응력 집중(應力集中)
Concentric Reducer,동심(同心) 레듀샤
Concept Design,개념 설계(槪念設計)
Concrete Ship,콘크리트선
Concurrent Engineering,동시공학(同時工學)
Condensate Pump,복수(復水) 펌프
Condenser,콘덴서
Condenser Type Spot Welder,콘덴서식 점용접기
Condensing Plant,복수기
Conduction Current,도전 전류
Conductivity,도전율
Conductor,단선
Conductor multi,다심
Conductor single,단심
Conference of the Parties (COP),당사국총회
Confidential,비밀의，대외비의
Confined Area,좁은 구역
Conformity,부합성(符合性)
Congested Area,혼잡(밀집) 구역
Conical Buoy,원추형부이
Connecting Bend,접속벤드
Connecting Bridge,연락교
Connection Diagram,접속도(接續圖)
Conning Station,조타(지휘)위치
Consensus,총의
Consequential Damage,간접 손해(間接損害)
Consistancy,일관성(一貫性)
Constant Angular Velocity,정 각속도
Constant Linear Velocity,정 선속도 방식
Constant Speed Drive unit,정속 구동장치
Constant Voltage Constant,정전압 정주파 전원
Constant Voltage Welding Machine,정전압용접기
Construction Period,건조기간(建造期間)
Construction Profile,구조도
Consumable Electrode,용극
Consumable Nozzle,소모노즐
Consumable Nozzle Electro-slag Welding,소모노즐식 일렉트로 슬래그용접
Consumables,소모품(消耗品)
Contact Condition,접촉 상태(接觸狀態)
Contact Damage,접촉손상(선체의)
Contact Group on Piracy in Somalia (CGPCS),소말리아해적퇴치연락그룹
Contactor,접촉기
Container,컨테이너
Container Lashing Equipment,컨테이너고박장치
Container Refrigerator Cooling Sea Water Pump,컨테이너냉동기냉각수펌프
Container Ship,컨테이너선
Contamination,오염(汚染)
Contingency Plan,불예측사태 대응계획
Continueous Survey for Refrigerating Installation,냉동기계속검사
Continuity Test,도통 시험
Continuous Fillet Weld,연속 필렛용접
Continuous Survey,계속 검사(繼續檢査)
Continuous Synopsis Record,선박이력기록부
Continuous Welding,연속용접
Continuous rating,연속 정격
Contra Type Stern,비대칭선미
Contra-rotating Propeller,상반회전프로펠러
Contract Design,계약 설계(契約設計)
Contract Review,계약 검토(契約檢討)
Contract Work Change,계약사양변경
Contracted Mould,축척현도
Contraction Coefficient,수축 계수(收縮係數)
Contraction Scale,축척(縮尺)
Contractual Obligation,계약상 의무(義務)
Contrarotating Propeller,이중반전 (二重反轉) 프로펠라
Contribution,분담금
Control,제어
Control Air Pipe,제어용공기관
Control Chart,관리 도표(管理圖表)
Control Circuit,제어회로
Control Oil Pipe,제어용유압관
Control Panel,제어반
Control Rod,제어봉
Control Span,관리 범위(管理範圍)
Control Station,제어장소
Control Surface,제어판
Control System,제어계통
Control Table,제어테이블
Convection,대류
Convenient Flag Ship,편의 치적선(置籍船)
Convention,협약
Convention of International Regulations for Preventing Collisions at Sea,해상충돌예방협약
Conventions emanating from the Legal Committee,법률위원회 소관 협약
Conversion,환산
Conversion Project,개조 공사(改造工事)
Converter,신호변환기
Convex Fillet Weld,볼록필렛용접
Conveyor,컨베이어
Coolant Quenching Liquid,냉각액(원자로)
Cooler,냉각기
Cooling Air Jacket,냉각공기재킷
Cooling Coil,냉각코일
Cooling Test,냉각시험
Cooling Tower,냉각탑
Cooling Water,냉각수
Cooling Water Jacket,냉각수재킷
Cooper`s Store,음료품창고
Coral Boat,산호채취어선
Cordage,밧줄
Core,노심
Core Diameter,봉 지름
Core Electrode,유심용접봉
Core Loss,철손
Core type Transformer,내철형 변압기
Coreloss Current,철손 전류
Cork Carpet,코르크카핏
Cork Fencer,코르크 방현재
Cork Mat,코르크매트
Cork Paint,코르크페인트
Corner Doubling,모서리덧댐판
Corner Joint,모서리 이음
Correction Factor,수정 계수(修正係數)
Corrective Action,시정 조치
Corrective Action Request,시정 조치 요구서
Corrective Maintenance,개량보전
Correspondence Group,통신작업반
Corridor,통로(通路)
Corridor Bulkhead,통로격벽
Corrosion,침식
Corrosion Control,방식 관리(防蝕管理)
Corrosion Cracking,부식균열
Corrosion Fatigue,부식피로
Corrosion Inhibitor,부식 억제제
Corrosion Margin,부식여유
Corrosion Rate,부식도(腐蝕度)
Corrugated Bulkhead,파형격벅
Corrugated Bulkhead (Corr. Bhd),파형격벽(波形隔壁)
Corrugated Shell,주름외판
Corrugated Vessel,주름외판선
Cosmetic Nature,미관상(美觀上) 문제
Cost Accounting,원가계산(原價計算)
Cost Control,원가 관리(原價管理)
Cost Savings,원가 절감
Cost of Obsolescene,진부화(陳腐化) 손실
Cost-Benefit analysis,비용-편익 분석
Cotter,코터
Council,이사회
Council Reform,이사회 개편
Counter,선미돌출부
Counter Sinking,카운터싱킹
Counter-balance Valve,카운터밸런스 밸브
Counterclockwise,시계반대방향
Counterfiow Heat Exchnger,역류열교환기
Counterflow,역류(逆流)
Coupling Bolt,카플링 볼트
Coupling Flange,커플링플랜지
Course,침로
Course Developer,코스 개발자
Course Keeping,보침
Course Keeping Ability,보침성능(保針性能)
Course Recorder,진로기록기
Course Steered,평균침로
Covenant /Charter / Statute,규약 / 헌장 / 규정
Cowl Head Ventilator,고깔형 통풍통
Coxswain,정장
Crab Factory Ship,게가공선
Crab Mother Ship,게잡이 모선
Crack Arrester,균열 멈추개
Crack Arrestor,균열 멈추기
Crack Initiation and Propagation,균열 발생및 전파
Craddle,크래들
Crane,크레인
Crane Barge,기중기바지선
Craneman`s House,크레인조종실
Crank,크랭크
Crank Arm,크랭크암
Crank Bearing,크랭크축베어링
Crank Pin,크랭크핀
Crank Pin Bearing,크랭크핀베어링
Crank Pump,크랭크식펌프
Crank Shaft,크랭크축
Crankcase,크랭크 실(室)
Crankshaft Deflection,크랭크축의 디프렉숀
Crash Ahead/Astern,클래쉬 전진/후진
Crash Duration,특급(特急) 소요기간
Crater,크레이터
Crawler Crane,크롤러크레인
Creation and Maintenance of the Data Base,데이타 베이스의 생성및 유지관리
Creation of Employment,고용 창출
Credential,신임장
Credential Committee,신임장 위원회
Creepage,크리페이지
Crew Space,선원실
Crew's effects,승무원의 일용품
Crew`s Quarter,선원거주지역
Criteria,기준(基準)
Criteria for Rework,재작업(再作業) 기준
Criteria of Acceptance,합격판정 기준
Critical Damping Resistance,임계 제동 외부저항
Critical Fusion Frequency,임계 융합 주파수
Critical Path,주공정(主工程)
Critical Speed,위험속도(危險速度)
Critical Temperature,임계 온도 저항기
Crosing Vessel,횡단선
Cross Beam,횡보
Cross Bitt,크로스비트
Cross Flooding,보상침수
Cross Sea,역파
Cross Section,횡단면(橫斷面)
Cross Tie,크로스 타이
Cross Wire Welding,크로스 와이어 용접
Crosscut Chisel,홈파기끌
Crosshead Lubricating Oil Pump,크로스헤드윤활유펌프
Crossover Way,교차통로(交叉通路)
Crosstie,크로스타이
Crowbar,쇠지레
Crowler Unit,크롤러주행장치
Cruciform Bollard,십자(十字)形 볼라드
Cruiser Ship,유람선(游覽船)
Cruiser Stern,순양함형 선미(船尾)
Cruising Circle,순항권
Cruising Range,순항 거리(巡航距離)
Cruising Speed,순항속력
Crushing Test,압괴시험
Cryogenic Temperature,저온(底溫)
Cumulative,누적(累積)의
Curie Point,퀴리점
Curie Temperature,퀴리 온도
Curing,경화건조(硬化乾燥)
Current Controlled Negative,전류제한 負 저항
Current Meter,유속계
Current Mode Logic,전류 논리 모드
Current Sailing,조류항법
Current Standing Wave Ratio,전류 정재파 비
Current Transformer,계기용 변류기
Current Transformer (C.T),계기용 전류변환기
Current to Pneumatic,전류 - 공기압 전환기 .
Curtain Plate,커튼판
Cut Steel Plate,절단된 철판
Cutting Drawing,절단 도면(切斷圖面)
Cutting Flame,절단염
Cutting Shoulder,절단 턱
Cutting Tip,절단 팁
Cutting Torch,절단 토치
Cutwater,물가르개
Cyber Security,사이버보안
Cyclic Digital Transmission,사이클릭 디지털 정보 전송
Cylinder,실린더
Cylinder Barrel,실린더배럴
Cylinder Block,실린더블록
Cylinder Bore,실린더내경
Cylinder CutOff Test,실린더 텃오프시험
Cylinder Jacket Water Pump,실린더재킷 냉각수펌프
Cylinder Liner,실린더 라이너
Cylinder Liner (Cyl. Liner),실린더 라이너
Cylinder Lubricating Pump,실린더윤활펌프
D mld (Moulded Depth),형(型) 깊이
D-HF,해상 디지털 HF 통신시스템
D/B ( Double Bottom),이중저(二重底)
D/B W.B.T(Double Bottom Water Ballast Tank),이중저 발라스트탱크
DAMAGE CONTROL BOOK,보수서
DAMAGE STABILITY,손상 복원성
DAMPER WINDING,난조 방지 권선
DAP(Detailed Assembly Procedure),세부조립 절차서
DATA BASE,데이터 저장소
DAVID TRILOR RESEARCH CENTER,미해군 수조시험 연구소
DC,LRIT 데이터 센터
DC (Direct Current),직류(直流) 전류
DC Arc Welding,직류아크용접
DC MOTOR,직류 전동기
DC Motor,직류 전동기
DCFW (Double Continuous Fillet Welding),양면연속(兩面連續) Fillet 용접
DCRP(D.C Reversed Polarity),역극성(逆極性)
DCSP(D.C Straight Polarity),정극성(正極性)
DDP,LRIT 데이터 분배 계획
DEAD SHIP CONDITION,데드쉽
DEADWEIGHT,재화 중량(톤)
DEADWEIGHT MEASUREMENT,재화중량 측정
DEBIT NOTE,차변표
DECIBEL,데시벨(소음 측정단위)
DECK,갑판
DEEPSLOT SQUIRRELCAGE INDUCTION MOTOR,심구 농형 유도 전동기
DEHUMIDIFIER,제습기
DELIVERY,인도
DELIVERY AGAINST PAYMENT,지불도 조건
DELIVERY ORDER,화물 인도 지시서
DELIVERY POINT,인도(입고) 요구장소
DEMAND DRAFT,환어음
DEMAND TYPE CODE,자재 소요 유형 CODE
DEPARTMENT OF TRADE,영국 통상성
DEPRATMENT OF TRANSPORTATION,미국 운수성
DESIGN LOAD WATER LINE,계획 만재 홀수선
DESIGN PRESSURE,설계 압력
DET NORSKE VERITAS,노르웨이 선급
DETAIL DRAWING,상세도면
DETAILED ASSEMBLY,상세작업요령서
DETAILED ASSEMBLY PROCEDURE,상세작업요령서
DETAILED ASSEMBLY PROCESS,작업시방서
DETERMINISTIC STABILITY,결정론적 복원성
DEUTSCHE INDUSTRIE NORMEN,독일공업규격
DEUTSCHES INSTITUT FUR NORMUNG,독일 국가 규격
DEW POINT,"이슬점, 노점 (露點 )"
DFT (Dry Film Thickness),건도막(乾塗膜) 두께
DGPS(Differential Global Positioning System),정밀위성항법 장치
DIAMETER,직경
DIELECTRIC LOSS,유전손
DIELECTRIC SUBSTANCE,유전체
DIESEL ENGINE GENERATOR,디이젤발전기
DIESEL GENERATOR,발전기
DIESEL OIL,디젤 연료유
DIESEL OIL TANK,디젤 탱크
DIFFERENTIAL COMPOUND,차동 복권
DIFFERENTIAL GAIN,미분 이득
DIFFERENTIAL GAIN/DIFFERENTIAL PHASE,미분 이득 / 미분 위상
DIFFERENTIAL GLOBAL POSITIONING SYSTEM,정밀 위성항법장치
DIFFERENTIAL PHASE,미분 위상
DIFFERENTIAL PHASE SHIFT KEYING,차분위상 시프트 키잉
DIFFERENTIAL PULSE CODE MODULATION,차분펄스 부호 변조방식
DIFFERENTIAL TRANSFORMER,차동 변압기
DIGITAL ANALOG CONVERTER,디지털 아나로그 변환기
DIGITAL SIGNAL PROCESSOR,디지털 신호처리 장치
DIGITAL VOLTMETER,디지털 전압계
DILUENT,희석제
DIMENSION,치수
DIN(Deutsche Industrie Normen),독일 공업규격
DIRECT CURRENT,직류
DIRECT CURRENT ELECTRODE NEGATIVE,정극성
DIRECT CURRENT ELECTRODE POSITIVE,역극성
DIRECT CURRENT GENERATOR,직류 발전기 ( 直流發電機 )
DIRECT CURRENT REVERSE POLARITY,직류 역극성
DIRECT CURRENT STRAIGHT POLARIRY,직류 정극성
DIRECT DIGITAL CONTROL,직접 디지털 제어
DIRECT NUMERICAL CONTROL,직접 수치 제어
DISTORTION FACTOR,왜율
DISTRIBUTED CONTROL SYSTEM,분산 제어 시스템
DISTRIBUTED CONTSOLED,보일러플랜트자동운전제어시스템
DISTRIBUTED CONTSOLED SYSTEM,보일러플랜트자동운전제어시스템
DISTRIBUTION AUTOMATION SYSTEM,배전자동화 시스템
DISTRIBUTION SUBSTATION,배전 변전소
DISTRIBUTION TRANSFORMER,배전 변압기
DLWL(Design Load Water Line),계획만재 흘수선
DMPT group,데이터모델 프로젝트팀
DNV(Det Norske Veritas),노르웨이 선급(船級)
DO ( Diesel Oil),디젤유
DOCKING SURVEY,입거 검사
DOCUMENT AGAINST ACCEPTANCE,인수도 조건
DOPPLER EFFECT,도플러 효과
DOT(Department of Trade),영국 통산성
DOT(Department of Transportation),미국 운수성
DOUBLE BOTTOM,선저 밑바닥
DOUBLE BOTTOM WATER BALLAST TANK,선저 탱크
DOUBLE HETEROSTRUCTURE,더블 헤테로 접합
DOUBLE-SIDE SKIN SPACES,이중선체 공간
DOWN PAYMENT,선수금
DPS ( Dynamic Positioning System),자동위치 유지장치
DRAFT,홀수
DRAIN HOLE,배수공
DRINKING WATER,마시는 물
DRIVING CHAIN,구동체인
DRIVING CHAIN SPROKET,구동체인 SPROCKET
DRIVING SHEEVE,구동쉬브
DRY BULB,대기온도 건조기
DRY FILM THICKNESS(μ),건조된 도막 두께 ( ↔ WFT )
DSA(Direct Stability Assessment),직접 복원성 평가
DSC,디지털 선택 호출장치
DSQS (Daewoo Shipbuilding Quality Standard),대우조선 품질기준
DSV,잠수지원선
DUMMY ACTIVITY NUMBER,임시공정번호(자재발주 시점에 실제 생산공정에 자재할당이 곤란하여 사용)
DUMPING FACTOR,제동 계수
DURATION,기간
DWT (Deadweight Tonnage),재화중량톤
DYNAMIC MODEL,다이나모
DYNAMIC POSITIONING SYSTEM,본선 위치 유지 시스템
Damage Repair,손상부위 수리
Damage Survey Report,손상조사 보고서
Damper Winding,난조 방지 권선
Danage Survey,손상검사
Danaged Stability,손상후 복원성
Dang,갱
Dangerous Goods,위험물
Dangerous Space in a Tanker,탱커의 위험장소
Data Collection,자료 모음
Data set,데이터 세트
Datum Line,기준선(基準線)
Davit,대빗
Day Shift,교대근무시 야간근무
Day of Seafarer,선원의 날
Db (Decibel),데시벨(소음측정값)
Dead Flat,데드플랫
Dead Slow,최저속
Dead Stock,사장재고(死藏在庫)
Dead Weight : DWT,재화중량
Deadrise,선저 구배(船底勾配)
Deadweight Measurement,중사시험(重査 試驗)
Deadwood,데드우드
Deaeration,탈기
Deaerator,공기 분리기
Decca System,데카방식
Deceptive practices,기만적 관행
Dechlorinating,탈염소(脫鹽素)
Decision Making,의사결정(意思結定)
Deck Beam,갑판 보
Deck Below,갑판(甲板)아래
Deck Block,갑판 블록
Deck Composition,데크 콤포지션
Deck Covering,갑판 피복(甲板被覆)
Deck Crane,갑판 크레인
Deck Decompression Chamber,선상가압실
Deck Exhaust Pipe,갑판 배기관
Deck Fittings,갑판 의장품(艤裝品)
Deck Girder,갑판 거어드
Deck Height,갑판높이
Deck Lighr,갑판유리
Deck Load,갑판 적하물(積荷物)
Deck Lomgitudinal,갑판 세로보
Deck Longitudinal,갑판 종재(甲板縱材)
Deck Machinery,갑판 기계(甲板機係)
Deck Openning,갑판 개구부(開口部)
Deck Passenger,갑판여객
Deck Pipe,갑판배관
Deck Plan,갑판 구조도
Deck Planer,목판대패
Deck Plating,갑판
Deck Prism Light,갑판 프리즘
Deck Scupper,갑판 배수구
Deck Side Line,갑판현측선
Deck Stanchion,갑판 기둥
Deck Stopper,갑판 스토퍼
Deck Store,갑판 창고
Deck Stowage,갑판 적재
Deck Stringer,갑판 스트링거
Deck Under,갑판하부측
Deck Wash Pump,갑판청소 펌프
Deck Water Seal,갑판의 가스역류방지
Deck wetness,갑판침수
Deckhouse,선실(船室)
Declaration of Maritime Labour Compliance,해사노동적합선언서
Declaration of Security (DOS),보안선언서
Decorative Light,장식등(裝飾燈)
Decreasing Piych Propeller,체감피치프로펠러
Deep Mixing Barge,심층혼합처리선
Deep Sea Lead,심해측심추
Deep Sounding Machine,심해측심기
Deep Tank,디이프 탱크
Deep-well Pump,탱크내부설치 펌프
Deepslot Squirrelcage,심구 농형 유도 전동기
Defect,결함(缺陷)
Deficiency,결함
Definition,정의(定義)
Deflection Anhle,처짐각
Deflection Plate,반사판(反射板)
Deformation,변형(變形)
Deformation of Cargo Hatch,창구변형
Degaussing System,소자장치
Degradation,성능 저하(成能低下)
Degreasing,탈지(脫脂)
Dehumidifier,제습기(除濕機)
Deicing,얼음떨기
Delegation of Authority,권한 위임
Delete,삭제，취소(取消)
Delivered Output,전달출력
Delivered Power,전달동력
Delivery,인도
Delivery Lead Time,납품 소요기간
Demurrage,정선료(停船料)
Denunciation and Withdrawal,폐기 및 탈퇴
Deoxidation Practice,탈산방법(脫酸方法)
Departure Condition,출항(出航) 컨디션
Deposit Metal,용착 금속(熔着金屬)
Deposition,기탁
Depreciation,감가상각(減價償却)
Depth of Hold,화물창깊이
Derating Exemption Certificate,구서(驅鼠) 면제증서
Derrick,데릭
Derrick Boom,데릭붐
Derrick Post,데리크 기둥
Derrick Table,데릭테이블
Desiccant,건조제(乾燥劑)
Design Change,설계 변경(設計變更)
Design Contractor,설계 계약업자
Design Criteria,설계 기준(設計基準)
Design Details,설계 상세(設計詳細)
Design Life,설계 수명
Design Load,설계 하중(設計荷重)
Design Model,설계모형(設計模型)
Design Requirements for,설계 요구사항
Design Review,설계 검토(設計檢討)
Design Standard (for),설계표준(設計標準)
Design by Zone by Ship type,선형별/구획별 설계
Design for Production,생산을 고려한 설계
Designed Condition,설계조건(說計條件)
Designed Load Draft (Td),계획만재 흘수
Destroyer,구축함(驅逐艦)
Detachable,취외가능(取外可能)한
Detail Design,상세 설계(詳細設計)
Detail Scheduling,소일정(小日程) 계획
Detector,검출기(檢出器)
Detention,출항정지
Detergent,계면활성제
Deutsches Institut fur,독일 국가 규격
Developed Area,전개면적
Deviation,편차.이탈(偏差離脫)
Deviation Alarm,편차경보
Diagonal Line,대각선(對角線)
Dial Gauge,다이얼 게이지
Dial Switch,다이얼 스위치
Dial Thermometer,다이얼 온도계
Dialatometer,팽창계
Diamond Plate,다이아몬드 판
Diaphram Plate,다이아프램 판
Die Forging,형단조
Diecasting,다이캐스팅
Dielectric Loss,유전손
Dielectric Strength Test,절연내력시험
Dielectric substance,유전체
Diesel Electric Drive (Propulsion),디젤전기추진
Diesel Electric Propulsion,디이젤 전기추진
Diesel Generator,디젤발전기
Diesel Generator (D/G),디이젤 발전기
Diesel Oil,디젤유
Diesel Oil Settling Tank,에이중유세틀링탠크
Differential,미분 이득 / 미분 위상
Differential (Diff.) Pressure,차압(差壓)
Differential Block,차동도르래
Differential Compound,차동 복권
Differential Gain,미분 이득
Differential Phase,미분 위상
Differential Phase Shift,차분위상 시프트 키잉
Differential Pulse Code,차분펄스 부호 변조방식
Differential Transformer,차동 변압기
Difrector,디프렉터
Digital Analog Converter,디지털 아나로그 변환기
Digital Signal Processor,디지털 신호처리 장치
Digital Voltmeter,디지털 전압계
Dihumidification,탈습
Dihumidifier,탈습제
Dimension,차원
Dimensional Control,치수 관리
Dimmer Switch,광도(光度)가감스위치
Dipper Bucket,디퍼버킷
Dipper Dredger,디퍼준설선
Direct Current,직류
Direct Current : DC,직류
Direct Digital Control,직접 디지털 제어
Direct Drive,직결구동
Direct Labor Cost,직접 노무비
Direct Numerical Control,직접 수치 제어
Direct Reversible Diesel Engine,자기역전디젤기관
Direct Reversing Gear,직접역전장치
Direct action,직접청구권
Direct current generator,직류 발전기 ( 直流發電機 )
Directional Control Valve,방향제어밸브
Director,살수기
Disassemble,분해(分解)
Disconnection,분리(分離)
Discrepancy,차이점(差異點)
Disk Cutter,디스크커터
Dismantling,해체(解體)
Dispensary,진료실
Dispensation,완화증서
Displacement Curve,배수량곡선
Displacement Tonnage,배수(排水) 톤수
Display Unit,표시장치(表示裝置)
Disposal of Garbage,폐기물의 처분
Distance Indicator,항적지시기
Distance Piece,틈메움쇠
Distilled Water,증류수
Distilling Plant,증류장치
Distortion,뒤틀림
Distortion Factor,왜율
Distress Message,조난통보
Distress Signal,조난신호
Distributed Control System,분산 제어 시스템
Distribution Automation,배전자동화 시스템
Distribution Board (D.B),분전반(分電盤)
Distribution Substation,배전 변전소
Distribution Transformer,배전 변압기
Divergent Nozzle,발산노즐
Dock Trial,계류 운전
Docking,입거
Docking Bracket,도킹 브래킷
Docking Plan,반목 도면(盤木圖面)
Docking Survey,입거 검사(入渠檢査)
Dog Shore,멈춤지주
Dog-Shore 【,조선】(진수할때까지배를떠받치는)버팀기둥
Domestic Vessel,내항선
Donkey Boiler,보조(補助) 보일러
Donkey Man,정박당직자
Door Mat,문매트
Door Sill,문지방(門地枋)
Doppler Effect,도플러 효과
Doppler Log,도플러로그
Doppler Soner,도플러소너
Dotted Line,점선(点線)
Double Acting Engine,복동기관
Double Air Compressor,이단공기압축기
Double Bevel,이중 개선(二重開先)
Double Bottom,선저 밑바닥
Double Bottom Construction Profile,이중저구조도
Double Cylinder Engine,쌍기통기관
Double Ender,쌍두선
Double Fillet Weld,양면 필렛용접
Double Heterostructure,더블 헤테로 접합
Double Hull,이중 선체(二重船體)
Double Insulation,이중절연
Double Plate Rudder,복판타
Double Reduction Gear,이단감속장치
Double Skin Construction,이중선체(S/Shell)구조
Double-J Groove Joint,양면 제이(J)이음
Doubling,덧댐
Down Light,국부(局部) 조명등
Down Stroke,하향행정
Down-Hand Welding,아래보기 용접
Downstream,후속공정(後續 工程)
Downton Pump,다운톤 펌프
Draft Gauge,통풍계
Draft Ladder,흘수사다리
Draft Marks,흘수표(吃水標)
Draft Stop,통풍막이판
Draft 【,항해】(배의)흘수(吃水)⇒<흘수(吃水):(물에 뜬 배의)선체(船體)가 물에 잠기는 깊이>
Drafting Group,초안작업반
Draftsman,제도사
Drag,드래그
Drag Head,드래그헤드
Drag Suction Hopper Dredger,드래그석션준설선
Dragging,드래깅
Drain Pipe,드레인 관
Drain Trap,드레인 트랩
Drainage System,배수(排水) 장치
Draw-off Hold Back Gear,장력조절기
Drawing Issue Schedule,도면출도 일정계획
Dreadnaught,초대형전함
Dredge Flow Meter,준설토사수유량계
Dredge Pump,준설펌프
Dredger,준설선(浚渫船)
Dredging Defth Meter,준설심도계
Dredging Pipe,준설관
Dresser Coupling,드레서 카플링
Drift Angle,편류각
Drifter,유망어선
Drifting Fish Aggregation Devices (DFADs),부유식 집어장치
Drill,드릴
Drill Machine,드릴머신
Drilling Barge,바지형굴착선
Drilling Rig,시추선(試錐船)
Drilling Tender,시추보급선
Drinking Water Fountain,냉식수기(冷食水器)
Dripproof,방적형(防滴形)
Driptray,기름(물) 받이
Driven Wheel,피동바퀴
Drop,선수침하
Drop Chisel Winch,중추윈치
Drop Test,낙하시험
Dry Cargo,건화물
Dry Powder Fire Extinguisher,분말소화기
Dry Provision Store,건조 식량고
Drydocking,입거(入渠)
Drying Tumbler,세탁물 건조기
Dual Duct,쌍덕트
Dual Fuel Engine,이중연료기관
Ductility Test,연성시험(延性 試驗)
Due Date Priority Rule,납기우선순위 규칙
Dumbwaiter,주방의 소형승강기
Dummy Activity,명목상(名目상) 활동
Dumping Condenser,과잉증기 응축기
Dumping Factor,제동 계수
Duplex Filter,복식(復式) 여과기
Duralumin,듀랄루민
Duration,기간(期間)
Dust Collector,집진기(集塵機)
Dutility,연성
Duty Cycle,사용률
Dye Penetrant Inspection,염료(染料) 침투시험
Dynamic Balance Test,동적 평형시험
Dynamic Balancing,동적 평형(動的平衡)
Dynamic Model,다이나모
Dynamo Engine,발전용기관
Dynamometer,동력계
E&T Group,편집기술작업반
E/I ( Erection Inspection),탑재검사(搭載 檢査)
E/Rm Arr't (Engine Room Arr't),기관실 배치도
EARLY FINISH DATE,조기작업 완료일
EARLY START DATE,조기작업 착수일
"EARTH LEAKAGE BREAKER, GROUND FAULT",누전 차단기
EARTH; GROUNDING,접지선
EBRD,유럽부흥개발은행
ECA,배출통제구역
ECDIS,전자해도 표시시스템
ECDIS (Electronic Chart Display and Information system),전자해도(電磁海圖) 시스템
ECHO,초음파 검사법
ECP (Electric Cable Pipe),파이프 전로(電路)
ECR (Engine Control Room),기관제어(機關制御)실
ECS (Electronic Chart System),간이전자해도 시스템
EDDY CURRENT,와전류
EDDY CURRENT TEST,와전류 탐상검사
EDI,전자자료교환
EEDI,선박에너지효율설계지수
EEOI,에너지효율운항지수
EEXI,현존선 에너지효율지수
EFFECTIVE HORSE POWER,유효 마력
EFFECTIVE ISOTROPICALLY RADIATED POWER,실효 등방 방사 전력
EFFECTIVE RADIATION POWER,실효 방사 전력
EGC,집단호출제도
EGCS,배기가스 정화 시스템(스크러버)
EGCS wash water,스크러버 배출수
EGW( Electro Gas Welding),일렉트로 가스용접
EHP (Effective Horse Power),유효마력(有效馬力)
EHS,위해성 평가 작업반
ELECTRIC CABLE PROTECTION,전기용 전선 보호
ELECTRIC ENERGY,전력량
ELECTRIC FLUX),전속
ELECTRIC POTENTIAL,전위
ELECTRIC POWER,전력
ELECTRIC POWER SUBSTATION,변전소
ELECTRICAL DISCHARGING MACHINING,방전 가공
ELECTRO COATINGS,전착 도료
ELECTRO GAS ARC WELDING,일렉트로 가스 용접
ELECTRO MAGNETIC INTERFERENCE,전자판 방해
ELECTRO MAGNETIC SPEED LOG,전자기 함속 속도 측정기
ELECTRO PNEUMATIC CONVERTER,전기 공기압 변환기
ELECTRO SLAG WELDING,일렉트로 슬랙 용접
ELECTROCARDIOGRAM,심전도
ELECTROLUMINESCENCE,전자 발광
ELECTROLYTIC CONDENSER,전해 콘덴서
ELECTROMAGNETIC COMPATIBILITY,전자적 적합성
ELECTROMAGNETIC FIELD,전자장
ELECTROMAGNETIC FORCE,전자력
ELECTROMAGNETIC INDUCTION,전자 유도
ELECTROMAGNETIC INTERFERENCE,전자기 방해
ELECTROMOTIVE FORCE,기전력
ELECTRON BEAM MACHINING,전자 빔 가공
ELECTRON BEAM WELDING,전자빔 용접
ELECTRON SPIN RESONANCE,전자 스핀 공명
ELECTRONIC COMMERCE,전자 상거래
ELECTRONIC CONCENTRATED ENGINE CONTROL,전자 집중 엔진제어 시스템
ELECTRONIC INDUSTRIAL ASSOCIATION,미국 전자 공업회
ELEVATION,측면도
ELONGATION,연신율
EMERGENCY CONTROL CONSOLE,비상 제어판
EMERGENCY POSITION INDICATING RADIO,비상용 위치표시 무선장치
EMERGENCY POSITION INDICATING RADIO BEACON,비상 조난 위치 표시 및 발신기
EMERGENCY SHUTDOWN,비상 차단
EMERGENCY SWITCH BOARD,비상 배전반
EMITTER COUPLED TRANSISTOR LOGIC,이미터 트랜지스터 논리회로
ENERGY MANAGEMENT SYSTEM,중앙 급전 시스템
ENGINE CONTROL ROOM,기관 제어실
ENGINE OPERATING STATION,기관 통제실
ENGINE ROOM,기관실
ENGINE SUB CONTROL ROOM,기관 보조 제어실
ENGINEERING WORK STATION,공학용 고성능 컴퓨터를 일컫는 말
ENGINEMAGNET,무정전 전원장치의 한 방식
ENVIRONMENTAL ASPECTS IN PRODUCT STANDARDS,제품 규격의 환경적 측면
ENVIRONMENTAL AUDITING,환경 감사
ENVIRONMENTAL LABELLING,환경 라벨링-환경 마크
ENVIRONMENTAL MANAGEMENT SYSTEM,환경 관리 체계
ENVIRONMENTAL PERFORMANCE EVALUATION,환경 성능 평가
ENVIRONMENTAL PROTECTION AGENCY,미국 환경청
ENVIRONMENTALLY SOUND AND SUSTAINABLE DEVELOPMENT,환경이 건강하게 지속될수 있는 개발
EPIRB,비상위치지시용 무선표지설비
EPIRB(Emergency Position Indicating Radio Beacon),비상 조난위치 발신기
EPL (EngPoLi),엔진출력제한
EPM ( Electro Photo Marking),전자사진 마아킹
EQUAL,동일하다. 같다.
EQUAL ANGLE,등변 형강재(산형재)
EQUASIS,유럽선박정보시스템
EQUIVALENT CIRCUIT,등가 회로
EQUIVALENT DIRECT RADIATION,상당 방열 면적
ERECTION,탑재
ERW (Electric Resistance Welding),전기저항 용접
ESBD(Emergency Switchboard),비상 배전반
ESPH,화학물질의 위해성 및 오염성 평가 작업반
EST (Early Start Time),최조(最早)개시시기
ESTIMATED TIME OF ARRIVAL,도착 예정시간
ESTIMATED TIME OF DEPARTURE,출발 예정시간
ETA,도착예정시각
ETA(Estimated Time of Arrival),도착예정 시간
ETD(Estimated Time of Departure),출발예정 시간
EU MRV,EU MRV
EUROPEAN COMMUNITIES,구주공동체
EUROPEAN UNION,구주 동맹
EX. WORKS,공장 인도조건
EXCESSIVE ACCELERATIONS,과도한 복원가속도
EXCITER,여자기
EXCITING CURRENT,여자 전류
EXHAUSED GAS BOILER,폐기 보일러
EXHAUST GAS,폐출 개스
EXPLOSION,방폭전기기기의 구조별표시방법
EXPLOSION - GRADE,방폭형 전기기기 표시기호
EXPLOSION - TEMP,방폭전기기기 최고표면온도
EXPLOSION PROVE,방폭형
EXTREME ULTRAVIOLET RADIATION,극자외선
Earth Connection,접지(接地)
Earth Detector,누전검출기
Earth Fault,전기 누전(漏電)
Earth Lamp,누전 검출등
"Earth Leakage Breaker,",누전 차단기
Earth Wire,접지선
Earth; Grounding,접지선
Earthened Distribution Systrem,접지식배선방식
Eccentric Load,편심하중
Eccentric Reducer,편심 레듀샤
Eccentric Wheel,편심륜
Eccentricity,편심(偏心)
Echo Sounder,음향 측심기(測深器)
Echo Sounding,음향측심
Economic Order Q'ty(EOQ),경제적 주문량
Economical Speed,경제 속도(經濟速度)
Ecpansion Stroke,팽창행정
Eddy Current,와전류
Eddy Making Resistance,와류저항
Edge Joint,변두리이음
Edge Joint Welding,변두리이음용접
Edge Preparation,개선 가공(開先加工)
Edge Preperation,끝가공
Edge Welding,변두리 용접
Eductor,이덕터
Effective Capacity,유효 능력(有效能力)
Effective Deck,유효갑판
Effective Hosepower : EHP,유효마력
Effective Isotropically,실효 등방 방사 전력
Effective Lrngth of Weld,유효용접길이
Effective Power,유효동력
Effective Radiation Power,실효 방사 전력
Effective Sectional Area,유효 단면적
Effective Throat,유효 각목(熔接脚目)
Effective Throat Thickness,유효목두께
Efficiency,효 율(效率)
Ejector,이젝터
Elastic After-effect,탄성후기효과
Elastic Coupling,탄성커플링
Elastic Deformation,탄성변형
Elastic Stability,탄성안전성
Elastic Stress,탄성응력
Elastic Vibration,탄성진동
Elasticity,탄성
Electric Arc Welding,아크 용접
Electric Brazing,전기브레이징
Electric Draft Gauge,전기식흘수계
Electric Energy,전력량
Electric Flux),전속
Electric Ignition Engine,전기점화기관
Electric Load Analysis,전기부하 분석
Electric Potential,전위
Electric Power,전력
Electric Power Substation,변전소
Electric Propeller Shaft Revolution Indicator,전기식프로펠러회전계
Electric Protection,전기방식법
Electric Radiator,전기방열기
Electric Resisrance Welding,전기저항용접
Electric Rudder Angle Indicator,전기식타각지시기
Electric Safety Lamp,전기안전등
Electric Shock,감전(感電)
Electric Smoke Indicator,전기식매연지시기
Electric Steel,전기로강
Electric Steering Engine,전동조타기
Electric Steering Telegraph,전기식조타텔리그래프
Electric Thermostat,전기식온도조절기
Electric Welding,전기용접
Electric Winch,전동식윈치
Electric Windlass,전동식윈드러스
Electrical Discharging,방전 가공
Electrical Installation,전장설치공사
Electrical Work,전장 공사(電裝工事)
Electro-Hydraulic System,전동유압장치
Electro-Magnetic Log(E.M Log),전자식 선속측정장치
Electro-Technical officer,전자기관사
Electro-hydraulic Steering Gear,전동유압식조타장치
Electro-slag Welding,일렉트로 슬래그 용접
Electrocardiogram,심전도
Electrode Holder,용접 호울더
Electrode Tip Holder,팁 홀더
Electrode Wire,전극와이어
Electrodeposit Copper,전기동
Electrolite,전해질
Electroluminescence,전자 발광
Electrolysis,전기분해
Electrolytic Condenser,전해 콘덴서
Electrolytic Corrosion,전기부식
Electromagnetic,전자기 방해
Electromagnetic Brake,전자기식제동기
Electromagnetic Coupling,전자기식커플링
Electromagnetic Electrokinematograph,전자해류계
Electromagnetic Field,전자장
Electromagnetic Force,전자력
Electromagnetic Induction,전자 유도
Electromagnetic Log,전자로그
Electromagnetic Valve,전자(電磁)밸브
Electromotive Force,기전력
Electron Beam Machining,전자 빔 가공
Electron Beam Welding,전자빔용접
Electron Spin Resonance,전자 스핀 공명
Electronic Buzzer,전자부저
Electronic Commerce,전자 상거래
Electronic Concentrated,전자 집중 엔진제어 시스템
Electronic Industrial,미국 전자 공업회
Electronic certificate,전자증서
Electronic seal,전자봉인
Electronic signature,전자서명
Electroplating,전기도금
Electrostatic Hazard,정전기(靜電氣) 위험
Elevation,앙각
Elevation (Elev.),측면도(側面圖)
Elliptical Blade,타원형날개
Elliptical Stern,타원형(楕圓形) 선미
Ellipticity,타원형
Elongation Percentage,연신율(延伸率)
Em'cy Shutdown Test,비상 차단시험
EmS Guide,선상 위험물 사고 시 비상대응지침
Embarkation Deck,승정갑판
Embarkation Ladder,구명정용 줄사다리
Embarkation Light,승정등
Emergency Boat,비상단정
Emergency Door,비상문(非常門)
Emergency Escape Trunk,비상탈출구 트렁크
Emergency Exit,비상탈출구
Emergency Fire Pump,비상소화펌프
Emergency Generator,비상발전기
Emergency Light,비상등
Emergency Mooring Wire Rope,경계 와이어로프
Emergency Position,비상용 위치표시 무선장치
Emergency Power Supply,비상전원 공급장치
Emergency Ration,비상식량
Emergency Shut Down Test,비상차단시험
Emergency Shutdown,비상 차단
Emergency Stop Test,긴급정지시험
Emigrant Ship,이민선
Emitter,이미터
Emitter Coupled Transistor,이미터 트랜지스터 논리회로
Empirical Data,경험적(經驗的) 자료
Employee Involvement,종업원 참여(參與)
Enclosed Ceiling,틈없는내장
Enclosed Portable Type Cargo Light,특수하역등
Enclosed Space,밀폐구역(密閉區域)
Enclosed spaces,폐위구역
End Link,끝고리
End Tab (Run-off Tab),앤드 태브
Endurance Limit,내구한계(耐久 限界)
Endurance Trial,내구 시험(耐久試驗)
Energy Management System,중앙 급전 시스템
Enforcement,집행
Engine Control Console,기관제어콘솔
Engine Room Arrengement,기관실배치도
Engine Room Bulkhead,기관실격벽
Engine Watch,기관당직
EngineMagnet,무정전 전원장치의 한 방식
Enlarged Scale,배척(培尺)
Ensign,상선기
Ensign Staff,국기 깃대(船尾깃대)
Entropy,엔트로피
Entry Guide,엔트리 가이드
Entry into force,발효
Environmental Criteria,환경기준(環境基準)
Environmental Effects,환경 영향
Environmental Protection,환경 보호(環境保護)
Equilibrium,평형(平衡)
Equip,배를)의장하다
Equipment List,장비 목록표
Equipment Number,의장수(艤裝數)
Equipment Replacement,장비 대치(裝備代置)
Equivalent Circuit,등가 회로
Equivalent Direct Radiation,상당 방열 면적
Erection,탑재
Erection Man,선대조립공
Erection Schedule,탑재 일정계획
Erection Sequence,탑재 순서(搭載順序)
Ergonomics,인간공학(人間工學)
Erosion,침식(浸蝕)
Escape Scuttle,탈출구
Escape Trunk,탈출통로
Escape pipe,도출관
Esge Grain,곧은결 널판
Establish Acceptance Standards,합격기준 설정(設定)
Estimated Labor Load,추정(推定) 인력부하
Etching,에칭
Eull Power Trial,전출력시운전
Eutectic Welding,공정용접
Evaluation of Alternatives,대안(代案)의 평가
Evaluation of Current Methods,현행방법의 평가
Evaluation of Production Performance,생산실적분석
Evaporating coil,증발 코일
Even Keel,이븐 키일(트림 0)
Evidence for protecting shipyard,조선소 방어를 위한 증빙자료(證憑資料)
Excavator,굴삭기
Exceptional Case,예외적인 경우
Exchange of Notes,교환각서
Exciter,여자기
Exciting Current,여자 전류
Exclusive Economic Zone (EEZ),배타적경제수역
Excursion Boat,회유선
Exemption,면제 규정
Exhaust Gas Boiler,배기(排氣)가스보일라
Exhaust Gas Economizer,배기가스이코노마이저
Exhaust Gas Recirculation (EGR),배기가스 재순환 시스템
Exhaust Gas Turbine,배기가스터빈
Exhaust Manifold,배기 메니홀드
Exhaust Steam Oil Separator,배기분유기
Exhaust Valve,배기 밸브
Existing Ship,현존선(現存船)
Expanded Metal,익스팬디드 메탈
Expanded Metal Grating,팽창격자
Expansion,팽창
Expansion Engine,팽창기관
Expansion Hatch,익스팬션해치
Expansion Joint,신축(伸縮) 이음
Expansion Pipe Joint,신축관이음새
Expansion Plan,전개도
Expansion Tank,팽창(膨脹)탱크
Expedite,촉진(促進)
Expension Loop,신축(伸縮) 루우프
Experimental Model Basin,모형(模型) 실험수조
Expert System,전문가 시스템
Expire Date,시효만기(時效滿期)일
Explicit acceptance,명시적 수락
Explosion,방폭전기기기의 구조별표시방법
Explosion - Grade,방폭형 전기기기 표시기호
Explosion - Temp,방폭전기기기 최고표면온도
Explosion Risk,폭발 위험(爆發危險)
Explosion prove,방폭형
Explosion-Proof Lamp,방폭등(防爆燈)
Explosion-Proof Motor,방폭형 전동기
Explosion-proof (Fire-proof) Apparatus,방폭기기
Explosive Atmosphere,폭발위험 구역
Explosive Welding,폭발용접
Exposed Core,노출 심선부
Exposed Deck,노천갑판(露天 甲板)
Exposed Wind Area,바람맞이면적
Extended Producer Responsibility (EPR),생산자책임재활용제도
Extension Rod,연장(延長)막대
Extent of Work,작업범위(作業範圍)
External Audit,외부감사관
External Design Agency,설계 용역(設計用役)
External Pressure,외압
Extra Stock on the Plating,강재의 잉여부
Extra Work,추가공사(追加工事)
Extraction Tower,추출탑(抽出塔)
Extreme Breadth,전폭(全幅)
Extreme Length,전장(全長)
Extreme Ultraviolet radiation,극자외선
Extruding Machine,압출기
Eye Bolt,아이볼트
Eye Plate,아이 플레이트
Eye Sorice,아이스프라이스
Eyebrow/ Brow,물받이 (Door 등의 상부)
F W Tank,청수탱크
FA (Factory Automation),공장 자동화
FABRICATION SEQUENCE,제작순서도
FABRICATION SEQUENCE DIAGRAM,제작순서도
FACTORY AUTOMATION,공장 자동화
FAILURE MODE EFFECT ANALYSIS,고장 모드 효과 해석
FAL Convention,국제해상교통간소화협약
FAL Forms,FAL 양식
FAR EASTERN FREIGHT CONFERENCE,구주 운임 동맹
FARADAY'S LAW,패러데이 법칙
FAST TIME CONSTANT CIRCUIT,소 시상수 회로
FASTENER,화스너
FCAW(Flux Cored Arc Welding),플럭스 코어드 아크 용접(熔接)
FD( Forced Draft ) Fan,강제통풍 팬
FEDERAL COMMUNICATION COMMISSION,미국 연방 통신 위원회
FEM(Finite Element Method),유한요소(有限要所)법
FEU(Forty-Feet Equivalent Unit),컨테이너(40ft) 환산적재량
FIBER GLASS REINFORCED PLASTICS,유리섬유 강화 플라스틱
FIBER-GLASS REINFORCED PLASTIC,유리섬유보강 플라스틱
FIELD EFFECT TRANSISTOR,전계 효과 트랜지스터
FIELD STRENGTH,전계 강도
FILLET WELDING,필렛용접
FILTER,필터 [ 광학 ]
FINISH TO FINISH,선행작업종료일 + - 본작업종료
FINISH TO START,선행작업종료일 + - 본작업일수
FIRE & GAS DETECTION SYSTEM,화기가스 감지 시스템
FIRE & WASH DECK,소화 및 갑판수세라인
FIT-UP INSPECTION,취부검사
FLAME CLEANING,화염 크리닝
FLANGE [FLG],후렌지
FLASH,섬광
FLAT BAR,평형강
FLAT POSITION,아래 보기 자세
FLAT POSITION WELDING,아래 자세 용접
FLEMING'S LEFTHAND RULE,플레밍의 왼손법칙
FLEX COPPER BACKING,(편면잠호용접용) 동당금
FLEXIBLE ADHESIVE BACKING,(편면잠호용접용) 고형 후락스 백킹
FLEXIBLE MANUFACTURING SYSTEM,다품종 소량 생산 시스템
FLINITE ELEMENT METHOD,유한요소분석법
FLOATING,1차 진수
FLOATING GATE AMPLIFIER,부동 게이트 증폭기
FLOW COATING,흘림도장
FLUX CHANGES PER INCH,매 인치 당 자속 반전수
FLUX CORED ARC WELDING,후럭스 코드 아크 용접
FLYING SPOT SCANNER,비점 주사 장치
FM(Frequency Modulation),주파수 변조
FMS (Flexible Manufacturing Sys.),유연(柔軟) 생산체계
FOAM,거품
FOB(Free On-Board),수출항 본선인도 가격
FOC(Fuel Oil Consumption),연료 소모량
FONAR,적합 연료유 이용 불가시 보고서
FORCED DRAFT FAN,강제통풍장치
FORCED MONTHLY CONSUMPTION QUANTITY,인위적인 월평균 소모량
FORE DRAFT AT F.P.,선수 홀수
FORE PEAK TANK,선수 피이크 탱크
FORE PERPENDICULAR,선수부 수선
FORECASTLE DECK,선수갑판
FORTY FEE EQUIVALENT UNIT,40 피트 콘테이너
FORWARD,앞쪽으로
FORWARD ERROR CORRECTION,순방향 오류 정정법
FOUNDATION,"고정대, 받침대"
FP (Fore Perpendicular),선수 수선(船首垂線)
FPP(Fixed Pitch Propeller),고정피치 프로펠라
FPSO,부유식 원유생산 저장 하역설비
FPT(Forepeak Tank),선수 피이크 탱크
FRAME,늑골
FRAME GROUND,프레임 접지
FRAME NO.,선체부재위치를 표시하는 단면번호
FREE ALONGSIDE SHIP,선측 인도조건
FREE IN,적하비 화주 부담
FREE IN AND OUT,"적하비, 양하비 화주 부담"
FREE OF CHARGE,상업 용어(공짜)
FREE OUT,양하비 화주 부담
FREE on BOARD,선상 인도 조건
FREEBOARD,건현
FREEBOARD DECK,건현갑판
FREEBOARD LENGTH,건현 길이
FREON,프레온가스(전기 냉장고의 냉매)
FREQUENCY,공진주파수
FREQUENCY DIVISION MULTIPLEX,주파수 분할 다중 통신
FREQUENCY DIVISION MULTIPLEX ACCESS,주파수 분할 다원 접속
FREQUENCY MODULATION,주파수 변조
FREQUENCY OF OPTIMUM TRAFFIC,최적 사용 주파수
FREQUENCY SHIFT KEYING,주파수 편이 방식
FRESH WATER,청수
FRESH WATER TANK,청수 탱크
FRFR,재정 규정 및 규칙
FRP(Fiber Reinforced Plastics),섬유강화 플라스틱
FSA,공식안전성평가
FSD (Fabrication Sequence Diagram),제작 절차서
FSS Code,화재안전장치 기준
FTP Code,화재시험절차 기준
FUEL GAS,탈황설비
FUEL GAS DESULFURIZATION,탈황설비
FUEL OIL,연료유
FUEL OIL & DIESEL OIL,연료유
FUEL OIL TANK,연료 탱크
FUELING AT SEA,해상 연료 수급 장치
FULL PENETRATION,완전용입용접
FUNCTION TEST,작동 시험
FUSE,고리퓨즈
FWT (Fresh Water Tank),청수(淸水) 탱크
Fabrication (Fab.),제작(製作)，가공
Fabrication Line Plan,가공 송선계획
Fabrication Shop,가공 공장
Face Bend Specimen,표면굽힘 시험편
Face Cavitation,앞면캐비테이션
Face Lathe,정면선반
Face Plate,면재(面材)
Facilities Layout,설비 배치(設備配置)
Facing Up,맞비빔 맞춤
Facsimile,팩시밀
Facsimile Recorder,팩시밀리 기록기
Factory Automation,공장 자동화
Factory Ship,공모선
Factory Shipa,가공선
Fail-Safe,페일 세이프
Fail-safe,페일세이프
Failure Mode Effect,고장 모드 효과 해석
Failure Modes and Effects Analysis (FMEA),고장 형태 및 영향 분석
"Failure Modes and Effects, and Criticality Analysis (FMECA)","고장 형태, 영향 및 심각도 분석"
Failure Rate,고장율(故障率)
Fair treatment of seafarers,선원의 공정한 대우
Fairing,순정작업
Fairing (up),곡직(曲直)
Fairing of Lines,선도순정(線圖純整)
Fairleader,페어리이더
False Bottom,가저(假底)
Faraday's Law,패러데이 법칙
Fashion Plate,패선판
Fast Time constant Circuit,소 시상수 회로
Fathometer,측심기(測深器)
Fatigue,피로
Fatigue Allowance,피로 여유(疲勞餘裕)
Fatigue Analysis,피로 해석
Fatigue Strength,피로강도(疲勞强度)
Fatigue Tedt,피로시험
Fatigue Test,피로 시험
Faucet,수도꼭지
Fault Tree Analysis (FTA),결함수 분석
Faying Flange,페잉플랜지
Feasibility Study,타당성(妥當性) 연구
Feathering Step,수평유지디딤판
Federal Communication,미국 연방 통신 위원회
Feeder,피더장치
Feeder Panel,급전반
Feedwater Regulation Valve,급수(給水)조절 밸브
Feeler Gauge,필러(틈새)게이지
Fender,방현재
Fender Tower,펜더타워
Fiber Glass,유리섬유
Fiber glass Reinforced,유리섬유 강화 플라스틱
Fiberglass Reinforced Plastic (FRP),섬유 강화플라스틱
Fiddle Head,선수장식
Field Effect Transistor,전계 효과 트랜지스터
Field Engineer,현장기사(現場技士)
Field Fabrication,현장제작(現場製作)
Field Plan,현업(現業) 생산계획
Field Run/Routing Pipe,형취관(形取管)
Field Strength,전계 강도
Fife Rail,돌출난간
Filler Metal,용가재
Fillet Weld in Parallel Shear,옆면필릿용접
Fillet Welding,필렛 용접
Film Lubrication,유막윤활
Filter,필터 [ 광학 ]
Fin Stabilizer,핀 안정기(安定機)
Fin-stabilizer,안정지느러미
Final Coating,겉칠
Final Drawing,승인완료 도면
Final Sighting,최종 축심 투시 (最終軸芯透視)
Financial security,재정보증
Findings and Conclusions,현상 및 결론
Fine Control,미세조정(微細調整)
Finish Paint,마감 도장
Finish Symbol,다듬질 기호
Fire & Gas Detection,화기가스 감지 시스템
Fire Alarm System,화재경보기장치
Fire Axe,소방도끼
Fire Bucket,소방버킷
Fire Classification,화재의 분류(分類)
Fire Clay,내화점토
Fire Control Station,소화 통제실
Fire Cracker Welding,불꽃전파용접
Fire Damper,방화용 댐퍼
Fire Dangerous Zone,화재위험구역
Fire Detector,화재탐지기
Fire Drill,소방훈련
Fire Extinguisher,소화기(消火器)
Fire Foam,소화거품
Fire Hose Box,소화호스박스
Fire Insulation,방화재(防火材)
Fire Prevention,화재 방지
Fire Protection,방화(防火)
Fire Protection Construction,방화구조
Fire Resistance Test,내화 시험(耐火試驗)
Fire Retardant Paint,난연성(難燃性)페인트
Fire Retarding Material,난연재
Fire control plan,화재제어도
Fire damper,방화 댐퍼
Fire detector,화재 탐지기
Fire-fighter’s outfits,소방원장구
Fire-proof(Fire-resisting) Test,내화시험
Firebrick,내화(耐火) 벽돌
Firemain Line,소화용 주관(主管)
Firing Order,착화순서
First Engineer,일등기관사
First-In First-Out Method,선입선출(先入先出)법
First-line Superviser,일선(一線) 감독자
Fish Finder,어군탐지기
Fish Meal Factory Ship,어류가공선
Fisheries Training Boat,어업실습선
Fishing Boat,어선(漁船)
Fishing Gear,어구
Fishing Platform,낚시대판
Fishing deck hand,어선의 갑판부원
Fishing vessel,어선
Fishplaie,덧댐판
Fit and Weld,취부 및 용접
Fit-up,취부(取付)
Fitting Length,취부장(取付長)
Fitting Locker,선구고
Fitting Out Basin,의장부두
Fix Jig,고정 지그
Fixed Oil,불휘발성기름
Fixed Pitch Propeller,고정피치 프로펠러
Fixed carbon dioxide fire-extinguishing system,고정식 CO
Fixed dry chemical powder fire-extinguishing system,고정식 분말 소화장치
Fixture,고정구(固定具)
Flag Locker,기상자
Flag Rack,기서랍
Flag State,기국
Flag State Control,기국 통제
Flag State Surveyor,기국 검사관
Flag State investigation,기국 조사
Flakes,백점
Flaking,플레이킹
Flame Adjustment,불꽃조정
Flame Annealing,불꽃어닐링
Flame Cone,불꽃심
Flame Cutting,불꽃절단
Flame Failure,실화(失火)
Flame Gouging,불꽃홈파기
Flame Hardening,불꽃경화
Flame Machining,불꽃절삭
Flame Planer,플레임 플레이너
Flame Screen,차염(遮炎) 스크린
Flammable Vapour,가연성(可燃性) 증기
Flanged Bracket,플랜지브래킷
Flanged Edge Weld,플랜지끝용접
Flap,플랩
Flap Door,덮개문
Flare-up Light,불꽃
Flash,섬광
Flash Fillet Weld,평면필릿용접
Flash Point,인화점(引火點)
Flash Tester,인화점시험기
Flashing Light,섬광등
Flashing Light Signal,섬광신호
Flashing Light for Vessel Carrying Dangerous Cargo,위험물적재선박표시등
Flat Bar,평형강
Flat Bar Grating,평강격자
Flat Bottom,평저
Flat Panel Base,평판(平板) 베이스
Flat Position Welding,아래보기 용접
Flat(Downward) Position,아래보기자세
Flattner`s Rudder,플래트너식러더
Fleet,함대
Fleming's Lefthand Rule,플레밍의 왼손법칙
Flexibility,유연성
Flexible Budget,변동 예산(變動豫算)
Flexible Hose,플랙시블(신축) 호스
Flexible Joint,플렉시블조인트
Flexible Manufacturing,다품종 소량 생산 시스템
Flexible Mounting,플렉시블 설치(設置)
Flexible Pipe Joint,플렉시블관이음쇠
Float Free Launching,부양이탈진수
Float Gauge,플로트액면계
Float Time,공정 여유(餘裕)시간
Float Valve,플로우트 밸브
Floating Dock,부양식 독
Floating Floor,플로팅 플로어
Floating Gate Amplifier,부동 게이트 증폭기
Flood Gate,수문
Flood Light,투광등(投光燈)
Floodable Length,가침장
Flooding Calculation,침수계산
Flooding Test,충수(充水)범람시험
Floodlighting Projector,프로젝터
Floor,늑판
Floor Plate,늑판(肋板)
Floor Space,바닥면적
Floor Timber,늑재목
Flooring,플루어링
Flow,흐름
Flow Chart,흐름도표
Flow Diagram,경로도(經路圖)
Flow Measurement,유량측정(流量 測定)
Flow Meter,유량계(流量計)
Flow Pattern,유동가공방식
Flue Gas,연소(燃燒) 가스
Fluid,유체
Fluid Fire Exyinguisher,액체소화기
Fluidborne Noise,유체전달 소음(騷音)
Fluorescent Lamp,형광등(螢光燈)
Fluorescent Paint,형광(螢光) 페인트
Flush Weld,평용접
Flushing,플러싱
Flux,플럭스
Flux Changes per Inch,매 인치 당 자속 반전수
Flux Injection (Powder) Gas Cutting,용융재취입식(분말식)가스절단
Flux and Reflux,조수(潮水)의 간만
Flying Bridge,항해선교(航海船橋)
Flying Spot Scanner,비점 주사 장치
Flywheel,플라이휘일
Foam Fire Extinguisher,포말 소화기
Foam Monitor,포말 분사장치
Fog Signal,무중신호
Folding Lavatory,접는세면대
Following Operation,후속 공정(後續工程)
Following Sea,추파
Food Wastes,음식 쓰레기
Foot Valve,흡입측 역류방지밸브
Force Majeure,불가항력
Force Majeure / Act of God,불가항력(不可抗力)
Force Pump,압상펌프
Forced Circulation,강제순환
Forced Draft,강제통풍
Forced Draft Fan,강제통풍(强制通風)팬
Fore Block,선수(船首) 블록
Fore Body,선수부
Fore Cant Frame,선수방사형늑골
Fore Construction,선수구조(船首構造)도
Fore Perpendicular,선수수선
Fore Poppet,선수포펫
Forebody,전부선체(前部 船體)
Forecastle Bulkhead,선수루후단격벽
Forecastle Deck (F'cle Dk),선수루(船首樓) 데크
Forecastle 【,항해】앞갑판((군함의))옛적 그리스 혹은 이집트가 지중해에서 이름을 날릴 시절..그들의 선박의 선수부는 유난히 위로 돌출되어 있었으니..그것을 보고 앞쪽의 성.. Forecastle이라 하였다.이 부분은 특히 상대선과 근접한 상황에서 위에서 활을 쏘거나 창을 던질수 있도록 하여승리에서 이기도록 하였다 한다.
Foreign Matter,이물질(異物質)
Foremast,선수(船首) 마스트
Forepeak Tank,선수탱크
Foreward(fwd),선수방향(船首方向)
Forge and Bellow,풀무
Forged Steel,단조강(鍛造鋼)
Forging,단조
Forging Hammer,단조 해머
Forging Machine,단조기
Forklift Truck,지게차
Form Fire Extinguishing System,포말소화장치
Form Freeboard,형상건현
Formal Safety Assessment (FSA),공식안전성평가
Forming,성형 가공(成形加工)
Forward Error Correction,순방향 오류 정정법
Forward Spud,앞쪽스퍼드
Forward Welding,전진용접
Foster Subcontractor,외주업체 육성(育成)
Foul Anchor,닻엉킴
Fouling,오손
Foundry,주조공장(鑄造工場)
Fractional Distillation,분별증류(分別蒸溜)
Frame,늑골
Frame Bending Machine,플레임 벤딩머신
Frame Body Plan,늑골정면도
Frame Ground,프레임 접지
Frame Line,늑골선
Frame Section,늑골단면
Frame Space,늑골간격
Frame Space (F.S),늑골 간격(肋骨間隔)
Frame Work,늑골구조
Framework of Information Flow,정보흐름 체계
Fraudulent registration of ships,허위선박등록
Fraudulent registries of ships,허위선박등록소
Free Bend,자유굽힘
Free Fall Launching,자유낙하진수
Free Float,자유 여유시간
Free Port,자유항
Free Surface Effect,자유수면 효과
Free of Charge,무료(無料)로
Free-fall lifeboat,자유강하식(낙하식)구명정
Freeboard,건현
Freeboard Deck,건현 갑판(乾舷甲板)
Freeboard Ratio,건현비
Freefall Lifeboat,자유낙하식 구명정
Freeing Port,방수구(갑판상의)
Freezing Carrier,냉동선
Freezing Point,빙점
Frequency,공진주파수
Frequency Division,주파수 분할 다원 접속
Frequency Modulation,주파수 변조
Frequency Shift Keying,주파수 편이 방식
Frequency analysis,발생빈도 분석
Frequency of Optimum,최적 사용 주파수
Fresh Water Generator,조수기(造水機)
Fresh Water Heater,청수가열기
Fresh Water Load Line,담수만재흘수선
Friction Brake,마찰브레이크
Friction Clutch,마찰클러치
Friction Coefficient,마찰계수(摩擦係數)
Friction Loss,마찰손실
Friction Wheel,마찰바퀴
Frictional Resistance,마찰저항
Front Bulkhead,전단격벽
Front Elevation,정면도(正面圖)
Frost bite,동 상(凍傷)
Froude Number,프루드수
Fruit Carrier,과일운반선
Fuel,연료
Fuel Consumption,연료소비량
Fuel Gas,연료가스
Fuel Injection Pump,연료분사(噴射) 펌프
Fuel Injection Valve,연료분사밸브
Fuel Oil Blender,연료유블랜딩장치
Fuel Oil Gravity Tank,연료유중력탱크
Fuel Oil Tank,연료유 탱크
Fuel Oil Tank Emergency Shut-off Valve,연료유탱크비상차단밸브
Fuel Sampling,연료유 샘플링
Fuel Valve,연료밸브
Fuel Valve Cooling Oil Cooler,연료밸브기름냉각기
Fuel Valve Testing Equipment,연료분사밸브 시험기
Fuel cell,연료전지
Full Fillet Weld,완전필릿용접
Full Load,전부하
Full Load Displacement,만재배수(滿載排水)량
Full Penetration (F.P),완전용입 용접
Full Power,전출력
Full Scantling Vessel,중구선
Full Size,실척
Full Speed,전속
Fully Balanced Rudder,완전평형타
Fully Cavitating Propeller,완성캐비테이션프로펠러
Fume Extraction,흄(연무) 배출
Fumigation,훈증소독(燻蒸消毒)
Function Test,작동 시험
Functional requirements,기능 요건
Fundamental Skill of Trades,직종별 기본기량
Funnel Emergency Shut-off Device,연돌비상차단장치
Funnel Mark,연돌(煙突) 마크
Funtional Requirement of Machinery system,기계장비의 기능상의 요구사항
Furce Fit,압력맞춤
Furing,퍼링
Furl Oil Sludge Tank,연료유슬러지탱크
Furniture,가구(家具)
Fuse Switch,퓨즈스위치
Fusible Plug,가용(可鎔) 플러그
Fusion Welding,용접
Fusion Zone,융합부
Future Direction,향후 방향
G/A (General Arrangement),일반배치(一般配置)도
GAIN OVER TEMPERATURE,이득 초과 온도
GALLIUM ARSENIDE,갈륨 비소
GALVANIZE,도금
GALVANIZED,아연도금 .
GAS CIRCUIT BREAKER,가스 차단기
GAS FILLED LAMP,가스든 전구
GAS METAL ARC WELDING,가스 금속아크 용접
GAS TUNGSTEN ARC WELDING,가스 텅스텐 아크 용접 (TIG 용접)
GATE CONTROLLED SWITCH,게이트 제어 스위치
GATE TURN OFF THYRISTOR,게이트 턴오프 사이리스터
GAZ TRANSPORT,당사 건조형 멤브레인방식 LNG선을 개발한 프랑스회사
GBS Verification Audit Scheme,GBS 적합성 검증 감사
GBS-Safety Level Approach (SLA),안전수준접근법
GEAR BOX,기어 박스 (감속기등)
GEF,지구환경기금
GENERAL AGREEMENT OF TARIFFS AND TRADE,관세 무역 일반 협정
GENERAL ARRANGEMENT,일반 배치도
GENERAL PETROLEUM AND MINERAL ORGANIZATION OF SAUDI ARABIA,사우디아라비아 석유광물공단
GENERAL PURPOSE INTERFACE BUS,범용 인터페이스 버스
GENERAL PURPOSE SYSTEM SIMULATOR,범용 시스템 시뮬레이터
GENERAL PURPOSE TEST EQUIPMENT,범용 시험 장치
GENERALIZED SYSTEM OF PREFERENCES CERTIFICATE OF ORIGIN,특혜관세의 적용을 받기위하여 발생되는 원산지 증명
GENERATION INTACT STABLILITY,2세대 비손상 복원성
GENERATOR,발전기의 용도
GENERATOR ENGINE,발전기
GEOSAR,정지궤도 위성조난안전 시스템
GERMANISCHER LLOYD,독일선급협회
GHG TC-Trust FUND,온실가스 기술협력 신탁기금
GIA,글로벌산업연합
GICOMS,항행 안전정보 시스템
GIRDER,거어더
GIRTH,띠장
GL(Germanisher Lloyd),독일 선급(船級)
GLOBAL LOCAL AREA NETWORK,전세계적인 종합물류 NETWORK
GLOBAL MARINE DISTRESS & SAFETY SYSTEM,범세계 해상조난 및 안전장치
GLOBAL POSITIONING SYSTEM,범용 지구 측위 시스템
GLOW DISCHARGE,글로우 방전
GLOW STARTER,글로우 스타터
GM (Metacentric Height),메타센터 높이
GMAW(Gas Metal Arc Welding),가스금속 아크용접
GMDSS,전 세계 해상 조난 및 안전시스템
GMDSS(Global Maritime Distress and Safety System),세계적인 해상조난 안전시스템
GODOLINIUM GALLIUM GARNET,가돌리늄 갈륨 가닛
GOUGING & WELDING,용접부 파내고 재용접하기
GOVERNOR ROPE,가버너로프
GPS(Global Positioning System),선위(船位)측정 장치
GRIDING,사상
GRINDING,연삭
GRIT BLASTING,GRIT를 사용해서 철판을 세정하는것
GROSS NATIONAL PRODUCT,국민 총생산
GROSS NATIONAL WELFARE,국민 복지 지표
GROSS REQUIREMENT QUANTITY,총 소요량
GROSS TONNAGE,총톤수
GROUND,접지
GROUND CONTROL APPROACH,지상 관제 진입 장치
GROUND POSITION INDICATOR,대지 위치 표시기
GROUND PROXIMITY WARNING SYSTEM,지상 접근 경보 장치
GROUNDING SHORT CIRCUIT RELAY,이상 지락 검출 계전기
GROUP CODED RECORDING,군 부호 기록
GRP( Glass Reinforced Plastics),유리섬유강화(强化) 플라스틱
GSI (General Stock Item),일반저장자재
GSP (Group Starter Panel),전동기 종합기동반
GT (Gross Tonnage),총톤수
GT equivalence,동등 톤수
GTAW (Gas Tungsten Arc Welding),가스텅스텐아크용접
GUIDE RAIL,가이드레일
GUIDE SHOE,가이드슈
Gain over Temperature,이득 초과 온도
Gallery,난간
Galley,갤리선
Gallium Arsenide,갈륨 비소
Galv. (Galvanizing),아연 도금(亞鉛鍍金)
Galvanic Action,전식작용(電蝕作用)
Galvanic Corrosion,전기적(電氣的) 부식
Galvanized Steel,아연도강(亞鉛鍍鋼)
Gangway,현문(舷門)
Gangway Port,갱웨이 포트
Gantry Cane,문형크렌
Gantry Crane,갠트리 크레인
Gap and Sag Method,갭 색 법
Garbage Record Book (GRB),폐기물 기록부
Garboard Strake,용골(龍骨)옆판
Gas Brazing,가스 경납땜
Gas Circuit Breaker,가스 차단기
Gas Cutting,가스 절단
Gas Detection System,가스 감지장치
Gas Free,가스 프리
Gas Free Fan,가스퍼리 팬
Gas Monitor,가스감시기
Gas Perging,가스 퍼징
Gas Pressure Welding,가스압접
Gas Purging,가스 정화(淨化)
Gas Testing for Tank Entry,탱크 진입전(進入前) 가스성분검사
Gas Trial,가스 트라이얼
Gas Turbine,가스터빈
Gas Welding,가스용접
Gas filled lamp,가스든 전구
Gas-Free Certificate,가스프리 증명서
Gas-Shielded Arc Welding,가스차폐 아크용접
Gasket,가스켓
Gasoline Engine,가솔린 기관
Gastight Bulkhead,기밀격벽(氣密 隔壁)
Gate,탕구
Gate Controlled Switch,게이트 제어 스위치
Gate Turn Off thyristor,게이트 턴오프 사이리스터
Gate Valve,게이트 밸브
Gauge Board,계기판(計器板)
Gauge Length,표점간거리
Gear Pump,기어 펌프
Geared Duesel Fngine,기어드디젤기관
Geared Trolley,기어드 트롤리
General Alarm,비상경보
General Cargo Ship,일반 화물선
General Considerations,일반적인 고려점
General Outfitting,일반 의장공사
General Purpose Interface,범용 인터페이스 버스
General Purpose System,범용 시스템 시뮬레이터
General Purpose Test,범용 시험 장치
General Tools,장비품
Generator,발전기의 용도
Generator Room,발전기실
Geo-navigation,지문항법
Geometrical Inaccuracy,기하학적 부정확
Geometry,기하 형상(幾何形象)
Germicidal Lamp,살균(殺菌) 램프
Gig,기그
Gill Netter,자망어선
Gimnasium,운동실
Girder,거더
Girdre Space,거더간격
Girth,거어스
Glass Wool,유리섬유
Glass Wool Heat Insulating Material,유리섬유보온재
Global Compact for Migration & Global Compact on Refugees,유엔 글로벌 이주 협약 및 유엔 글로벌 난민협약
"Global Counter Piracy Guidance for Companies, Masters and Seafarers","선사, 선장, 선원을 위한 글로벌 해적 대응 지침서"
Global Environment Facility (GEF),지구환경금융
Global Industry Alliance (GIA),저탄소 해운을 위한 국제산업연합
Global Integrated Shipping Information System (GISIS),세계통합 해운 정보시스템
Global Maritime Energy Efficiency Partnership (GloMEEP),국제해사에너지효율파트너십
Global Maritime Technology Cooperation Centers Network (GMN),국제해사기술협력센터네트워크
Global Positioning System,범용 지구 측위 시스템
Global Warming Potential (GWP),지구온난화지수
Glossary of Terms,용어 설명(用語說明)
Glow discharge,글로우 방전
Glow starter,글로우 스타터
Goal,목표(目標)
Goal-Based New Ship Construction Standards,신개념 선박건조기준
Godolinium Gallium Garnet,가돌리늄 갈륨 가닛
Goggles,보호안경
Goliath Crane,골리아스 크렌
Gong with a Pilot Lamp,표시등붙이징
Gooseneck Bracket,구즈넥 브래킷
Gooseneck Ventilator,거위목형 통풍통
Gouging,가우징
Governer Gear,조속장치
Governor,조속기(調速機)
Grab Bucket,그라브
Grade,등급(等級)
Grader Vessel,그레이더선
Gradual Failure,열화 고장(劣化故障)
Grain,입자
Grain Capacity,그레인 용적
Grain Cargo,낱알화물
Grain Carrier,곡물운반선
Grain Code,산적 형태 곡물의 안전운송을 위한 국제규칙
Grand Assembly,선행탑재(先行搭載)
Grand-block Joining,선행탑재(PE)
Graphitization,흑연화
Grating,격자
Grating Bearer,격자 받침
Gravity Arc Welding,중력식 아크용접
Gravity Davit,중력식대빗
Gravity Tank,중력식탱크
Gravity Tank (Head Tank),중력(重力)탱크
Grease Nipple,그리이스 주입구
Grease Pump,그리이스 펌프
Great Pacific Garbage Patch (GPGP),태평양 거대 플라스틱 섬
Green Light,우현등
Green Water,그린 워터
Greenhouse Gas (GHG),온실가스
Grey water,중수
Grid,격자(格子)
Grill Room,선객식당
Grinding,연삭
Grit,기계 등에 끼이는) 잔모래; 왕모래; 자갈; 거친 가루; 석질(石質
Groove,홈
Groove Depth,홈(개선) 깊이
Groove Face,홈면(개선면)
Grooving Machine,홈파기 기계
Gross Tonnage,총톤수
Gross negligence,중과실
Ground,접지
Ground Chain,선체연결체인
Ground Connection,접지접속
Ground Control Approach,지상 관제 진입 장치
Ground Position Indicator,대지 위치 표시기
Ground Proximity Warning,지상 접근 경보 장치
Grounding Short Circuit,이상 지락 검출 계전기
Group A,그룹 A 화물
Group B,그룹 B 화물
Group C,그룹 C 화물
Group Coded Recording,군 부호 기록
Group Flsshing Light,다섬광등
Group Incentive,단체 장려급
Group Occulting Light,다명암등
Group Technology,집단관리기법
Guarantee Engineer,보증기사
Guarantee Period,보증기간(保證期間)
Guarantee Work,보상공사
Guard Bar,보호봉
Guard Rail,가드레일
Gudgeon,거젼
Guide Bend Test,형틀 굽힘시험
Guide Piece,가이드 피이스
Guide Roller,안내롤러
Guided Bend Test,틀굽힘시험
Guided Cutting Apparatus,틀절단장치
Guimbal,짐벌
Gun Metal,포금
Gun Platform,포좌
Gun Room,준사관실
Gunwale Angle(Bar),거널 앵글(바)
Gusset Plate,거세트 판(板)
Gutter Pipe,배수관(排水管)
Gutter Water Way,거터 배수로
Guy Winch,가이 윈치
Gymnasium,체육관(體育館)
Gypsy Wheel,집시휠
Gypsy Wheel / Wildcat,양묘기의 체인바뀌
Gyro Pilot,자이로파일럿
Gyrocompass,자이로 콤파스
Gyroscope,자이로스코프
Gyrostabilizer,자이로안정기
HALL EFFECT,홀 효과
HARMONIC WAVE,고조파
HARMONIZED COMMODITY DESCRIPTION AND CODING SYSTEM,신국제 통일 상품분류
HATCH COAMING,창구 연재
HATCH COVER,창구 덮개
HAZID,위험성 식별
HBCM (Hull Block Construction Method),블록건조법
HCD,인간중심설계
HEAT AFFECTED ZONE,열 영향 구역
HEAT ONLY BOILER,열전용보일러
HEATING VENTILATION AND,공기조화시스템
HEATING VENTILATION AND AIR CONDITION,냉난방 장치
HEAVY FUEL OIL,중유
HEAVY FUEL OIL TANK,중유 탱크
HERTZ,주파수
HETERO BIPOLAR TRANSISTOR,헤테로바이폴라 트랜지스터
HF Radio,단파대역 무선통신장비
HFO (Heavy Fuel Oil),중질유(重質油)
HI-POT TEST,고전압 내압 시험
HIGH BUILD COATING,후도막 도장
HIGH FREQUENCY,고주파
HIGH FREQUENCY GENERATOR,고주파 발전기 ( 高周波發電機 )
HIGH INTENSITY DISCHARGE LAMP,고휘도 방전램프
HIGH LEVEL TRANSISTOR,고수준 트랜지스터 논리
HIGH OUTPUT FLUORESCENT LAMP,고출력 형광램프
HIGH POTENTIAL TEST,내전압
HIGH PRESSURE MERCURY [VAPOUR] LAMP,고압수은 램프
"HIGH YIELD STRENGTH STEEL, HIGH YIELD-TENSILE RATIO STEEL","고항복 강도강, 고항장비강"
HIGHER STRENGTH LOW ALLOIED STEEL,고장력 저합금강
HIGHER TENSILE STEEL,고장력강
HIGHFIDELITY,고충실도
HNS (Hazardous and Noxious Substances),유해 위험물질
HOISTING MACHINE,권상기
HOME AUTOMATION,가정 자동화
HORIZONTAL POSITION,수평 자세
HORIZONTAL POSITION WELDING,수평자세 용접
HORSE POWER,마력
HOT LINE,핫 라인
HOT WATER,더운물
HSC CODE,고속선박 코드
HSSC,검사 및 증서조화제도
HULL PRODUCTION SCHEDULE,구조 생산 계획
HVO,Hydro-treated Vegetable Oil
HYBRID IC,혼성 집적 회로
HYDRAULIC PRESSURE,유압 (油 壓 )
HYDRAULIC PUMP,유압 펌프
HYDRO TEST,수압 시험
Half Beam,반보
Half Model,반쪽모형
Half Round Bar,반원형 단면봉
Half Round Bar Steel,반원단면강
Half-Breadth Plan,반폭도(半幅圖)
Half-siding,평저부반폭
Hall Effect,홀 효과
Halon,할론
Halyard,기(旗) 게양용 줄
Hamful Substance,유해물질(有害物質)
Hammer Dressing,해머마감질
Hammering Test,해머질시험
Hand Flare,신호홍염
Hand Gear,수동장치
Hand Jig,수동 지그
Hand Lead,측심추
Hand Log,핸드로그
Hand Pump,핸드펌프
Hand Spike,핸드스파이크
Hand Steering Gear,수동조타장치
Hand Tacometer,손회전계
Handysize B/C,핸디사이즈 B/C (5만톤 이하 B/C)
Hanger Point,지지점(支持點)
Hanger Shed,비행기격납고
Harbor Limit Speed,항내제한속력
Harbor Master,항장
Harbor Radar,항만레이더
Harbor Seck,하버갑판
Harbor Shelter,대피정박지
Harbor Speed,항내속력
Hard Over,하드오버
Hard Port,전타좌회전
Hard Starboard,전타우회전
Hardness Test,경도시험(硬度試驗)
Harmful aquatic organisms and pathogens,유해 수중생물 및 병원균
Harmonic Wave,고조파
Hatch Beam,해치빔
Hatch Board,해치덮개판
Hatch Carline,창구측면종통재
Hatch Coaming,창구코밍
Hatch Cover,창구덮개
Hatch Cover (Folding/Side Rolling/ Pontoon),해치커버
Hatch End Beam,창구 단보
Hatch Grating,창구격자
Hatch Ladder,창내사다리
Hatch Locking Bar,해치로킹바
Hatch Rest,창구덮개판받침
Hatch Tarpauline,해치타풀린
Hauling Crriage,홀링캐리지
Hawser,호저
Hawser Drum,호저드럼
Hawser Reel,호저릴
Hazard and operability (HAZOP),위험요소 및 운용성
Hazardous Substance,위험 물질(危險物質)
Head Line Winch,헤드라인윈치
Head Reach,최대정지거리
Head Sea,맞파도
Head Seat,선수좌판
Head Set,헤드폰형 송수화기
Headroom,상부 공간(上部空間)
Heat Affected Zone,열 영향부(熱影響部)
Heat Balance,열 평형(熱平衡)
Heat Conduction,열전도
Heat Conductivity,열 전도도(熱傳導度)
Heat Engine,열기관
Heat Exchanger,열교환기(熱交換器)
Heat Insulation,열절연
Heat Insulation Materials,열절연재
Heat Rate,열소비율
Heat Resistant Paint,내열성(耐熱性)페인트
Heat Treatment,열처리(熱處理)
Heat straightening,가열교정(加熱矯正)
Heating Arrangement,난방장치
Heating Coil,가열(加熱)코일
Heating Method,가열 방법(加熱方法)
Heating Surface,전열면
Heating Torch,가열 토치
Heave-to,최저속안전운항
Heaving,상하동요
Heaving Line,히빙라인
Heaving and Dipping,상하 동요(上下動搖)
Heavy Derrick,중량물데릭
Heavy Derrick Rigs,헤비데릭장치
Heavy Sea Anchoring,황천묘박
Heel,횡경사
Heel Disk,힐디스크
Heel Pintle,힐핀틀
Heeling Pump,힐링펌프
Heigh Alloy Steel,고합금강
Heighly Skewed Propeller : HSP,고스큐 프러펠러
Heliarc Welding,헬리아크용접
Helmet Type Diving Apparatus,타급기잠수호흡기
Hemp Rope,대마로프
Herical Angle,나선각
Hertz,주파수
Hetero Bipolar Transistor,헤테로바이폴라 트랜지스터
Hexagon Head Bolt,육각(六角)머리 볼트
Hexagon Wrench,육각(六角) 렌치
Hi-Pot Test,고전압 내압 시험
Hierarchy of Schedules,스케쥴의 체계(體系)
High Carbon Steel,고탄소강
High Drug Puwer Anchor,고파지력 닻
High Frequency,고주파
High Frequency Induction Welding,고주파 유도용접
High Frequency Resistance Welding,고주파 저항용접
High Level Transistor,고수준 트랜지스터 논리
High Potential Test,절연내력
High Pressure Gas Accident,고압가스 사고
High Stress Zone,고응력부(高應力部)
High Suction,상부흡입구
High Temp. Cooling Water System (H.T.C.W System),고온 냉각수 시스템
High Temperature Corosion,고온부식
High Tensile Steel,고장력강(高張力鋼)
High Titanic Type,고티탄계
High Voltage,고전압
High Voltage Test,내전압(耐電壓) 시험
High frequency generator,고주파 발전기 ( 高周波發電機 )
High intensity discharge,고휘도 방전램프
High manganese steel for cryogenic service,극저온용 고망간강
High output fluorescent lamp,고출력 형광램프
High pressure mercury,고압수은 램프
HighFidelity,고충실도
Hinge,힌지
Hinged Door,여닫이문
Historical Data for Similar Work,유사작업 실적자료
Hobbing Machine,호빙머신
Hogging,호깅
Hoist,호이스트
Hoist Drum,호이스트드럼
Hold Beam,창내보
Hold Bulkhead,창내격벽
Hold Capacity,창내용적
Hold Frame,창내(艙內) 늑골
Hold Stringer,창내스트링거
Hold Watching Step,화물창 점검대
Hold Well,창내물고임통
Holding Power,파지력
Holding-Down Bolt,홀딩다운 볼트
Holiday,도장(塗裝)누락부
Hollow Blade,중공날개
Hollow Pillar,중공기둥
Hollow Shaft,중공축
Home Automation,가정 자동화
Honing Machine,호오닝가공 기계
Hook,훅
Hook Block,갈고리 도르래
Hopper Door,호퍼도어
Hopper Dredger,호퍼준설선
Horizontal (Position) Welding,수평용접(水平熔接)
Horizontal Engine,수평기관
Horizontal Fillet Welding,수평필렛용접
Horizontal Girder,수평 거어드
Horizontal Position,수평자세
Horizontal Position of Welding,수평용접
Horizontal Roller,수평롤러
Horizontal Shaft,수평축(水平軸)
Horizontal Stiffener,수평 방요재(防搖材)
Horn Buzzer,혼부저
Horn Buzzer with a Pilot Lamp,표시등붙이부저
Horn Cleat,혼(뿔형) 크리이트
Horning Machine,호닝기계
Hose,호스
Hose Reel,호스감개
Hose Reel Type CO2 Fire Extinguisher,호스릴형탄산가스소화기
Hose Rest,호스 받침대
Hose Test,사수시험
Hose Valve,호스 취부되는 밸브
Hospital Ship,병원선
Hot Air Heating,온기난방
Hot Air Seasoning,열기건조
Hot Bulb Engine,소구기관
Hot Cracking Test,고온균열 시험
Hot Rolling,열간압연
Hot Water Heating,온수난방
Hot forming,열간 성형(熱間成形)
Hours Underway,항행시간
Hover Craft,호버크래프트
Hub,허브
Huge Vessel Light,대형선박 표시등
Hull,선체
Hull Appendage,선체 부가물(附加物)
Hull Block Painting,블록 도장(塗裝)
Hull Construction,선각 구조(船殼構造)
Hull Form Coefficient,선형 계수(船型係數)
Hull Fouling,선체 오손(船體汚損)
Hull Girder,선각거더
Hull Girder Bending Strength,선체굽힘강도
Hull Natural Frequency,선체고유진동수
Hull Opening,선체 개구(船體開口)
Hull Outfit,선체 의장(船體艤裝)
Hull Parallel Part,선체평행부
Hull Parts List,선각부재(船殼部材)표
Hull Piping,선장 배관(船裝配管)
Hull Preservation,선체 보존(船體保存)
Hull Production Schedule,구조 생산 계획
Hull Steel,선각 강재(船殼鋼材)
Hull Strength,선체 강도
Hull Stress Monitoring System,선체응력감시장치
Hull Structure,선체구조
Hull Valve,선체붙이밸브(선외변)
Hull Weight,선각중량
Hull-return System,선체귀선방식
Human Engineering,인간 공학(人間工學)
Human System Integration (HSI),인간-시스템 통합
Human element analyzing process (HEAP),인적요인 분석절차
Humidity Control,습도 조정(濕度調整)
Hummering Rock Breaker,타격식쇄석기
Hump,험프
Hump Speed,험프속도
Huricane Lamp,폭풍등
Huristic Knowledge,체험적(體驗的) 지식
Hurricane Deck,허리케인갑판
Hybrid IC,혼성 집적 회로
Hydrant Valve,소화(消火) 밸브
Hydraulic Crane,수압식크레인
Hydraulic Jack,수압잭
Hydraulic Jack Unit,유랍잭유닛
Hydraulic Lift (Cherrypicker),고소차(高所車)
Hydraulic Oil,유압작동(油壓作動)유
Hydraulic Power Pack,유압(油壓)발생장치
Hydraulic Press,수압프레스
Hydraulic Release Unit,수압이탈장치
Hydraulic Riveter,수압리베터
Hydraulic Tank,수압탱크
Hydraulic Test,수압시험
Hydraulic Trigger,수압방아쇠
Hydraulic Winch,수압윈치
Hydridynamics,유체역학
Hydroaeroplane,수상비행기
Hydrochloric Acid,염산(鹽酸)
Hydrofoil,수중날개
Hydrofoil Boat,수중익선(水中翼船)
Hydrogen Test,수소시험
Hydrometer,비중계(比重計)
Hydrophone,수중청음장치
Hydrophore Unit,압력탱크장치
Hydroplane,하이드로플레인
Hydrostatic Pressure,정수압
Hydrostatic Test,수압 시험(水壓試驗)
Hydrostatic test,수압시험
Hygrometer,습도계(濕度計)
Hyperbaric evacuation system,고압탈출설비
I-bar,아이(I)형재
I-beam,아이빔
I/E ( Inclining Experiment),경사 시험(傾斜試驗)
IACS : International Association of Classification Societies,아이악스
IACS(International Association of Classification Socities),국제 선급연합회
IAE,영향평가검토
IAEA (International Atomic Energy Agency),국제 원자력기구
IAEG-SDGs,SDG에 관한 유엔 범부처 전문가 그룹
IBC Code,위험화학품 산적운송 선박의 구조 및 설비에 관한
ICAO,국제민간항공기구
ICAO (International Civil Aviation Organization),국제민간항공기구
ICC,ICC
ICCP(Impressed Current Cathodic Protection),유전양극식 방식
ICCT,국제청정교통위원회
ICS (International Chamber of Shipping),국제해운회의소
ICSC,국제공무원위원회
ID (Internal Diameter),내경(內徑)
IDE,국제 LRIT 데이터 교환기
IDENTIFICATION FRIEND OR FOE,적-아 식별기
IEC(International Electrotechnical Commission),국제 전기표준회의
IEC/IEEE 80005,IEC/IEEE 80005
IEEE (Institute of Electrical and Electronic Engineers),미국 전기전자학회
IG ( Inert Gas ) Generator,불활성 가스 발생기
IGC (International Gas Code),국제 가스코우드
IGC Code,국제액화가스산적운송코드
IGF Code,가스연료 추진 선박의 안전에 관한 국제기준
IHO (International Hygrographic Office),국제수로기구 (國際水路機構)
III Code,IMO 협약이행코드
IIW(International Institute of Welding),국제용접학회
ILLC(International Load Line Convention),국제 만재흘수선 조약
ILLUMINATION,조도단위
ILO (International Labor Organization),국제노동기구
ILO (International Labour Organization),국제노동기구
IMDG Code,국제해상위험물규칙
IMLI,국제해사법대학원
IMO (International Maritime Organization),국제 해사기구
IMO : International Maritime Organization,아이엠오
IMO Award for Exceptional Bravery at Sea,바다의 의인상 대상
IMO Compendium,IMO Compendium
IMO DCS,선박연료유 사용량 보고제도
IMO Goodwill Maritime Ambassador Scheme,IMO 명예 대사 제도
IMO Greenhouse Gas Study (GHG Study),IMO 온실가스 연구
IMO Model Courses,표준훈련과정
IMO Number,선박식별번호
IMO Regional Presence Scheme,지역 주재소 제도
IMO Tonnage,아이엠오톤수
IMO/ILO joint database,IMO/ILO 공동 데이터베이스
IMPA (International Maritime Pilots' Association),국제 도선사협회
IMPEDANCE,임피던스
IMPEDENCE,특성임피던스
IMPORTANCE FACTOR,중요도계수
IMPRESSED CATHODIC CURRENT PROTECTION,전류에 의한 선체부식방지 장치
IMPRESSED CURRENT CATHODIC PROTECTION,부식방지
IMSBC Code,국제산적고체화물운송규칙
IMSSEA,국제해사안전보건아카데미
IMST Fund,안보신탁기금
INCLINING EXPERIMENT,경사 시험
INCOMPLETE FUSION,불안전용융
INCOMPLETE PENETRATION,불완전 용입
INCREASE IN DISPLACEMENT PER onE CENTIMETER,1센티미터당 배수톤수 증가
INDIAN STANDARD,인도표준공업규격
INDIRECT ILLUMINANCE,간접조도
INDIRECT LIGHTING,간접조명
INDUCED CURRENT,유도 전류
INDUCED ELECTROMOTIVE FORCE,유도 기전력
"INDUCTION MOTOR, INTEGRATION MOTOR","유도 전동기 , 적분 모터"
INDUSTRIAL ENGINEERING,산업공학
INDUSTRIAL PERSONNEL,산업인력
INERT GAS,不 활성 가스
INERT GAS GENERATOR,INERT 가스 제조장치
INERTIAL NAVIGATION SYSTEM,관성 항법 장치
INERTIAL REFERENCE SYSTEM,관성 기준 장치
INFRARED,적외선
INITIAL PROGRAM LOADER,초기 프로그램 적재기
INJECTION LASER DIODE,주입형 레이저 다이오드
INMARSAT,국제해사위성기구
INMARSAT (International Maritime Satellite) system,국제해사위성시스템
INNER BOTTOM,DOUBLE BOTTON의 TANK TOP
INORGANIC ZINC,무기질 아연(도료의 종류)
INPUT OUTPUT CONTROL SYSTEM,입출력 제어 시스템
INS (Integrated Navigation System),통합항법장치
INSA (International Shipowners' Association),국제선주협회
INSPECTION,검사
INSPECTION RELEASE CERT.,최종검사합격증
INSPECTION REQUIREMENT,검사요구
INSTANTANEOUS AUTOMATIC GAIN,순시 자동 이득 조절
INSTITUTE OF ELECTRICAL AND ELECTRONIC,전기 전자 학회
INSTRUMENTATION,계장
INSULATED GATE BIPOLAR TRANSISTOR,고전력 스위칭용 반도체
INSULATED GATE FET,절연 게이트 FET
INSULATING CORE TRANSFORMER,절연 철심 변압기
INSULATION,절연 B 종
INSULATION CABLE,절연 전선
INSULATION RESISTANCE,절연저항시험
INSULATION RESISTANCE TEST,절연저항시험
INSULATION TEMPERATURE,절연 허용 온도
INTACT STABILITY,비손상 복원성
"INTEGER PROGRAMMING, INFORMATION","정수 계획법 , 정보 제공자"
INTEGRATED AUTOMATION SYSTEM,종합 자동 제어 시스템
INTEGRATED INJECTION LOGIC,직접 주입 논리 회로
INTEGRATED SERVICES DIGITAL,종합 정보 통신망
INTELLIGENT TIME DIVISION MULTIPLEXING,지능 시분할 다중화
INTER COATING,층간 도장
INTERATIONAL CHAMBER OF COMMERCE,국제상업회의소
INTERFACIAL REFLECTION; REFLECTION FROM,계면 반사
INTERFERENCE,간섭
INTERGOVERNMENTAL MARITIME CONSULTATIVE ORGANIZATION,정부간 해사자문기구로 설립.82년 5월 22일자로 IMO로 명칭 변경
INTERMEDIATE DISTRIBUTING FRAME,중간 배선판
INTERMEDIATE FREQUENCY,중간 주파수
INTERMEDIATE FREQUENCY TRANSFORMER,중간 주파 트랜스
INTERMEDIATE SURVEY,중간 검사
INTERNAL DIAMETER,내경
INTERNAL FIELD,내부 전계
INTERNAL QUALITY AUDIT,내부품질검사
INTERNAL/EXTERNAL,내부/외부 외관검사
INTERNATION ASSOCIATION OF CLASSIFICATION SOCIETES,국제선급협회연합
INTERNATIONAL AMATEUR RADIO UNION,국제 아마츄어 무선협회
INTERNATIONAL ASSOCIATION OF INDEPENDENT TANKER OWNERS,국제독립탱커선주협회
INTERNATIONAL ASSOCIATION OF PORTS AND HARBORS,국제항만협회
INTERNATIONAL ATOMIC ENERGY,국제 원자력 기관
INTERNATIONAL ATOMIC ENERGY AGENCY,국제 원자력 기구
INTERNATIONAL BANK FOR RECONSTRUCTION AND DEVELOPMENT,국제 부흥 개발 은행
INTERNATIONAL BULK CODE,국제 BULK CODE
INTERNATIONAL BUSINESS MACHINE,미국 컴퓨터 제조회사
INTERNATIONAL CONFERENCE on COMPUTER APPLICATION IN SHIPBUILDING,선박의 콤퓨터응용에 관한 국제회의
INTERNATIONAL CONVENTION FOR THE PREVENTING OF POLLUTION FROM SHIP,해상오염방지조약
INTERNATIONAL CONVENTION FOR THE PREVENTION OF POLLUTION FROM SHIPS,해양 오염 방지협약(73/78년)
INTERNATIONAL CONVENTION FOR THE SAFETY OF LIFE AT SEA,해상인명(의안전)에 관한 국제 조약
INTERNATIONAL CONVENTION on LOAD LINES,국제만재홀수선 조약
INTERNATIONAL ELECTROTECHNICAL,국제 전기표준 협회
INTERNATIONAL FREQUENCY REGISTRATION,국제 주파수 등록 위원회
INTERNATIONAL GAS CODE,국제 가스 CODE
INTERNATIONAL INSTITUTE OF WELDING,국제 용접 협회 (= I.I.S)
INTERNATIONAL LABOUR ORGANIZATION,국제 노동 기구
INTERNATIONAL MARINE SATELLITE CONSORTIUM,국제 海事 위성 기구
INTERNATIONAL MARITIME INDUSTRY FORUM,국제해사산업평의회
INTERNATIONAL MARITIME ORANIZATION,국제 해상 기구
INTERNATIONAL MARITIME ORGANIZATION,국제해사기구
INTERNATIONAL MONETARY FUND,국제 통화 기금
INTERNATIONAL ORGANIZATION FOR,국제 표준화 기구
INTERNATIONAL ORGANIZATION FOR STANDARDIZATION,국제표준화기구
INTERNATIONAL RADIO CONSULTATIVE,국제 무선통신 자문 위원회
INTERNATIONAL REGULATIONS FOR PREVENTING COLLISION AT SEA,해상충돌방지에 관한 국제협약
INTERNATIONAL RULES FOR THE INTERPRETATION OF TRADE TERMS,무역 조건의 해석에 관한 국제 규칙
INTERNATIONAL SYSTEM OF UNITS,국제 단위계
INTERNATIONAL TELECOMMUNICATION,국제 전기 통신 조약
INTERNATIONAL TELECOMMUNICATION UNION,국제 전기 통신 연합
INTERNATIONAL TELEGRAPH AND TELEPHONE,국제 전신전화 자문위원회
INTERNATIONAL TOWING TANK CONFERENCE,국제시험수조협회
INTERNATIONAL TRADE FEDERATION,국제 운수 노조 연맹
INTERPASS TEMPERATURE,층간 온도
INTERTANKO (International Association of Independent Tanker Owners),국제독립탱커 선주 협회
INVERTED ANGLE,비등변형강재 (산형재의 일종)
IOPP (International Oil Pollution Prevention Certificate),국제 기름 오염 방지 증서
IPER,IPER
IPSAS,국제공공회계기준
IS (Intrinsically safe),본질안전(本質安全)
IS(Intrinsic Safety) Barrier,본질안전 격리판
ISF (International Shipping Federation),국제해운연맹
ISM (International Safety Management) Code,국제안전관리규정
ISM Code,국제안전관리규약
ISMA (International Ship Managers' Association),국제선박관리자협회
ISO(International Standardization Organization),국제 표준화기구
ISOLATION AMPLIFIER,아이솔레이션 증폭기
ISOMETRIC DRAWING,설치도
ISPS Code,국제선박 및 항만시설 보안 규칙
ISSUE FOR APPROVAL,승인 제출도
ISSUE REQUESTED QUANTITY,불출 대기 수량
ITCP,기술협력 프로그램
ITU,국제전기통신연합
ITU (International Telecommunication Union),국제전기통신연맹
IUMINOUS FLUX,광속
Ice Anchor,얼음앵커
Ice Belt,빙대
Ice Breaker,쇄빙선
Ice Class Rules,내빙선(耐氷船) 규정
Ice Crusher,쇄빙기
Ice Making Capacity,제빙능력
Ice Patrol,유빙감시선
Ice Strengthning Construction,대빙구조
Ice-flower Like Structure,선상조직
Ice-free Port,부동항
Identical,동형(同型)의
Idle Time,유휴시간(遊休時間)
Idling,공전(空轉)
Ignitability,점화성
Igniter,점화기
Ignition Point,발화점(發火點)
Ignition Timing Adjustment,점화시기조절
"Illegal, unreported and unregulated fishing (IUU)",불법·비보고·비규제 어업
Illumination,조도단위
Illumination Level,조도(照度)
Illumination Lighting,조명
Immerged Maximum Beam,침수부최대폭
Immersed Wedge,침하쐐기부
Immersion Suit,방수복
Immersion Time,도장후 주수(注水) 가능시간
Impact Analysis,영향 분석(影響分析)
Impact Assessment,영향평가
Impact Hardness Testing Machine,충격적 경도시험기
Impact Load,충격 하중(衝擊荷重)
Impact Test,충격 시험(衝擊試驗)
Impact Wrench,충격 렌치
Impedance,임피던스
Impedence,특성임피던스
Impeller,임펠라
Impingement Corrosion,충격부식
Implementation Budget,실행예산(實行豫産)
Impressed Current Cathodic,부식방지
Impressed Current Protection,외부전원방식법
Impulse,충격
Impulse Turbine,충동(衝動) 터어빈
Impurity,불순물(不純物)
In-Place Valve Repair,밸브 수리 (未取外)
In-Process,재공(在工)의
In-Process Inspection,공정중(工程中) 검사
In-Process Material Control,재공자재 관리
In-situ Repair,원위치에서 수리
In-water cleaning,수중 소제
Inboard,선체 내측(內側)으로
Incandescent Lamp,백열등(白熱燈)
Incentive System,능률급(能率給) 제도
Incinerator,소각기(燒却機)
Inclusion,개지물
Incombustible Material,불연성재료
Incomplete Penetration,불완전 용입
Inconsistent Requirement,불일치한 요구
Indent,흠집
Indicated Power,지시동력
Indicating Lamp,지시등(指示燈)
Indicator,지압기
Indirect Labor Cost,간접 노무비
Indirect illuminance,간접조도
Indirect lighting,간접조명
Individual Schedule,개별화물 일람표
Induced Current,유도 전류
Induced Drag,유도항력
Induced Electromotive,유도 기전력
Induction Brazing,유도브레이징
"Induction Motor, Integration","유도 전동기 , 적분 모터"
Industrial Engineering,산업공학
Inert Gas Deck Seal,불활성가스 덱실
Inert Gas Generator,불활성가스발생장치
Inert Gas Scrubber,불활성가스세척기
Inert Gas Smothering System,불활성가스 소화장치
Inert Gas System,불활성가스장치
Inertia Test,타격시험
Inertial Navigation System,관성 항법 장치
Inertial Reference System,관성 기준 장치
Inflammability Limit,가연한계(可燃 限界)
Inflammable Gas Detector,가연성 가스 검출기
Inflatable Laft,팽창구명뗏목
Inflatable Life Raft,팽창식 구명뗏목
Information Retrieval system,정보검색 시스템
Infrared,적외선
Infrared Ray,적외선(赤外線)
Ingot Steel,잉곳강
Inherent Weakness Failure,고유(固有)결함 고장
Inhibit Circuit,억제회로(抑制回路)
Initial Program Loader,초기 프로그램 적재기
Initial Stability,초기복원력
Injection,분사
Injection laser Diode,주입형 레이저 다이오드
Injector,분사노즐
Inner Bottom Longitudinal,내저종늑골
Inner Harbor,내항
Inner Hull,내각
Innerbottom Plating,내저판(內底板)
Innovative Method,혁신적인 방법
Inorganic Zinc Silicate,무기질(無機質) 아연 실리케이트
Input Output Control,입출력 제어 시스템
Insert Block,끼움블록
Insert Plate,끼움판
Inspection,점검
Inspection Certificate,검사 증명서
Inspection Cover,검사뚜껑
Inspection Hatch,관찰 해치
Installation Drawing,설치도(設置圖)
Installation Manual,설치 메뉴얼
Instantaneous Automatic,순시 자동 이득 조절
Institute of Electrical and,전기 전자 학회
Instruction Manual,취급 설명서
Instrumentation,계장
Insulated Gate Bipolar,고전력 스위칭용 반도체
Insulated Gate FET,절연 게이트 FET
Insulating Core Transformer,절연 철심 변압기
Insulation,절연
Insulation Cable,절연 전선
Insulation Resistance,절연 저항(絶緣抵抗)
Insulation Temperature,절연 허용 온도
Insulation cable,절연전선
Intact Stability,비손상시의 복원력
"Integer Programming,","정수 계획법 , 정보 제공자"
Integrated Approach,종합적인 접근방식
Integrated Injection Logic,직접 주입 논리 회로
Integrated Services Digital,종합 정보 통신망
Intelligent Time Division,지능 시분할 다중화
Intent/Intention,고의
Interchangeability,호환성(互換性)
Interconnection Pipe,연결관
Intercooler,중간냉각기(氣體의)
Interface,인터페이스
Interface Meeting with Other Dept,타부서와 관련사항 협의
Interfacial reflection;,계면 반사
Interference,간섭
Interference Fitting,죔새 끼워맞춤
Interim Report (on),중간(中間) 보고서
Interim guidelines for Maritime Autonomous Surface Ships (MASS) trials,MASS 시운전 임시지침서
Intermediate Beam,중간보
Intermediate Distributing,중간 배선판
Intermediate Frame,중간늑골
Intermediate Frequency,중간 주파 트랜스
Intermediate Survey,중간 검사(中間檢査)
Intermediate(Interm.) Shaft,중간축(中間軸)
Intermittent Chain Welding,단속(斷續) 체인용접
Intermittent Failure,간헐고장(間歇故障)
Intermittent Fillet Weld,띠엄 필렛용접(단속용접)
Intermittent Staggered Welding,단속지그재그형용접
Internal Buoyancy,내부부력
Internal Conbustion Emgine,내연기관
Internal Conbustion Turbine,내연터빈
Internal Field,내부 전계
Internal Stress,내부응력
International,국제 전기 통신 연합
International Amateur Radio,국제 아마츄어 무선협회
International Atomic Energy,국제 원자력 기관
International Convention for The Safety Of Life At Sea : SOLAS,해상인명안전협약
International Convention for the Prevention of Polution from Ships : MARPOL,해양오염방지협약
International Frequency,국제 주파수 등록 위원회
International Load Line Convention,국제만재흘수선 협약
International Marine,국제 海事 위성 기구
International Maritime,국제 해상 기구
International Maritime Bureau (IMB) Piracy Reporting Centre,국제해사국 해적 신고 센터
International Maritime Prize,국제 해사 상
International Maritime Research and Development Board (IMRB),국제해사연구개발이사회
International Organization,국제 표준화 기구
International Radio,국제 무선통신 자문 위원회
International Ship Security Certificate (ISSC),국제선박 보안증서
International System of Units,국제 단위계
International Telegraph and,국제 전신전화 자문위원회
Interpolation Method,보간법(補間法)
Intersection of Welding,용접의 교차(交叉)
Intial IMO Strategy on Reduction of GHG Emissions from Ships,선박 온실가스 배출 감축을 위한 IMO 초기전략
Invalidity,무효
Invar,인바아
Inventory,비품류(備品類)
Inventory Carrying Cost,재고(在庫) 유지비용
Inventory Control,재고 관리(在庫管理)
Inventory Holding Cost,재고 유지비용
Inventory Requirement,재고 소요량
Inverted Angle (I.A),역산형강
Inverter,인버터
Investment Casting,정밀주조
Irregular Variation,불규칙(不規則) 변동
Isherwood System,이셔우드식
Isolating Transformer,절연(絶緣) 변압기(면도기등에사용）
Isolation Amplifier,아이솔레이션 증폭기
Isometric Drawing,입체도면(立體圖面)
Issue Work Order,작업지시서 발행
Issue for Approval,승인 제출도
Iuminous flux,광속
JAPAN SHIP EXPORTER'S ASSOCIATION,일본선박수출조합
JAPAN WELDING SOCIETY,일본용접협회
JAPANESE INDUSTRIAL STANDARD,일본표준공업규격
JAPANESE INDUSTRIAL STANDARDS,일본 공업 규격
JAPANESE SOCIETY OF MATERIALS & SCIENCE,일본재료학회
JB ( Junction Box),전로접속(電路接續)함
JCS,일본전선 공업협회
JIS(Japanese Industrial Standard),일본 표준공업규격
JIT (Just In Time),적시보급(適時補給)
JOINT VENTURE,합작 투자
JP-5(Jet Propellant-5),항공 제트연료
JPO,국제기구 초급전문가
JSA (Japanese Standards Association),일본규격협회
JUNCTION FET,접합형 FET
"JUST IN TIME, JUST on TIME","정시간에 내어, 정시간에"
JV (Joint Venture),합작 투자
Jacet Cooling Fresh Water Cooler,재킷청수냉각기
Jack,선수기
Jack Bolt,잭 보울트
Jack Staff,선수(船首) 깃대
Jack-up Test,잭-업 시험
Jacket Cooling Fresh Water Pump,재킷냉각청수펌프
Jacob's Ladder,파이로트 레다
Japanese Industrial,일본 공업 규격
Jeddah Amendment to the Djibouti Code of Conduct 2017,지부티 행동강령 2017
Jenny,주낚바퀴
Jet Propulsion,제트추진
Jet Pump,제트펌프
Jet fire,고속 유출 화재
Jet-engine,제트기관
Jettison,화물가스 배출구 (危急時)
Jetty,돌출제방
Jib Crane,지브 크레인
Jigs,치구 (治具)
Jigs and fixtures,치구 및 고정구
Jigzag Intermitent Weld,지그재그용접
Job Analysis,직무 분석(職務分析)
Job Enlargement,직무 확대(職務擴大)
Job Inventory,직무일람표
Job Requirement,직무 요건
Job Satisfaction,직무 만족
Job Sequencing,작업순서결정
Job Summary,직무 개요(職務槪要)
Job content,직무내용
Joggled Lap Joint,맞물림 겹치기이음
Joggling (Lap) Joint,턱붙임(걸침)이음
Joggling Machine,턱붙임기계
Joiner Plan,선실목공도
Joinery Work,선실내장공사
Joint Detail,이음부 상세
Joint Inspection Unit,합동감사기구
Joint Length,이음부 길이
Journal,저널
Journal Bearing,저널베어링
Jumboization,선박개조(길이연장)
Jumping Stopper,점핑 스토퍼
Junction FET,접합형 FET
Jurisdiction,관할권
KALIUM DIHYDROGEN PHOSPHATE,인산 2 수소 칼륨
KALIUM TANTALUM NIOBATE,칼륨 탄탈륨 니오브
KEEL LAYING,기공
KEY PERFORMANCE INDICATOR,주요성과지표
KEYBOARD SEND/RECEIVE SET,건반 송수신 장치
KILOVOLT AMPERE,피상 전력단위
KILOWATT,유효전력단위
KILOWATT HOUR,전력량단위
KNOTS,노트
KNUCKLE LINE,너클선
KOREA DISTRIBUTION AUTOMATION SYSTEM,한국형 배전자동화 시스템
KOREA ENERGY DEVELOPMENT ORGANIZATION,코리아 에너지 개발기구
KOREA SHIPBUILDING QUALITY STANDARDS,한국조선품질표준
KOREAN (INDUSTRIAL) STANDARD,한국표준공업규격
KOREAN DEVELOPMENT BANK,한국 산업 은행
KOREAN REGISTER OF SHIPPING,한국 선급 협회
KOREAN STANDARD,한국공업규격
KOREAN WELDING SOCIETY,한국용접협회
KP,판(KEEL PLATE) 용골판
KR(Korean Register of Shipping),한국 선급협회
KRISO (Korea Research Institute of Ship and Ocean Engineering),한국해사기술연구소
KS(Korean Industrial Standard),한국 표준공업규격
KSQS(Korean Shipbuilding Quality Standards),한국 조선품질표준
KUP,강제적 지식요건
Kalium Dihydrogen,인산 2 수소 칼륨
Kalium Tantalum Niobate,칼륨 탄탈륨 니오브
Kedge Anchor,작은닻
Keel,용골
Keel Block,반목(盤木)
Keel Laying Block,최초(最初)탑재블록
Keel Line,용골선(龍骨線)
Keel Plate,용골판
Kerf,커프
Kerf Allowance,절단부의 절취되는 양
Key,키
Key Performance Indicator,주요성과지표
Key Plan,기본도(基本圖)
Key Seating Milling Machine,키홈파기밀링기
Key Way,키홈
Key Way Cutting Machine,키홈절삭기
Keyboard Send/Receive set,건반 송수신 장치
Keyed Propeller,키박이프로펠러
Keyless Propeller,키리스프러펠러
Keyway,키 홈
Killed Steel,킬드강
Kilovolt Ampere,피상 전력단위
Kilowatt,유효전력단위
Kilowatt Hour,전력량단위
Kind 1 Shaft,제일종축
Kind 2 Shaft,제이종축
Kingpost,킹포스트
Kingston Valve,킹스톤밸브
Kink,꼬임
Kitchenette,간이(簡易)취사장
Knee,니
Knife Switch,나이프스위치
Knight Head,나이트헤드
Knuckle,너클
Knuckle Line,너클선(절곡선)
Knuckle Molding,너클몰딩
Korea Distribution,한국형 배전자동화 시스템
Korean Register of Shipping,한국 선급 협회
Korean Register of Shipping : KR,한국선급
Korean Standard,한국공업규격
Kts (Knots),노트 (N.M/Hr)
Kyoto Protocol,교토의정서
L/C ( Letter of Credit),신용장(信用狀)
L/C (Launching),진수(進水)
LABORATORY,시험실
LABORATORY AUTOMATION,실험실 자동화
LACK OF FUSION,융합불량
LAMBERTIAN SURFACE,균등확산면
LAMP VOLTAGE,램프 전압
LANDING SHIP FOR TANKS,전차 상륙용 함선
LARGE SCALE INTEGRATION,대규모 집적 회로
LASER DOPPLER VELOCIMETER,레이저 도플러 속도계
LASH (Lighter Aboard Ship),래쉬선(船)
LATEST DATE,지연작업 착수일
LATEST FINISH DATE,지연작업 완료일
LAUNCHING,진수
LBP (Length Between Perpendiculars),수선간장(垂線間長)
LBP : Length between Perpendiculars,수선간길이
LCD(Liquid Crystal Display),액정(液晶) 표시장치
LCG (Longitudinal Center of Gravity),종방향 중심(重心)
LCL(Lower Control Limit),관리 하한선
LCV (Lower Calorific Value),저발열량(低發熱量)
LEADLESS INVERTED DEVICE,직결 반전 디바이스
LEAK TEST,누설검사
LEAKAGE CONDUCTANCE,누설 컨덕턴스
LEAKAGE CURRENT,누설 전류
LEAKAGE FLUX,누설 자속
LEAKAGE INDUCTANCE,누설 인덕턴스
LEAKAGE REACTANCE,누설 리액턴스
LEAKAGE TRANSFORMER,누설 변압기
LED(Light Emitting Diode),발광(發光) 다이오드
LEL (Lower Explosion Limit),저 폭발한계
LENGTH BETWEEN PERPENDICULARS,수선간 길이
LENGTH OF SKIRT PART,스커트길이
LENGTH OF WATER LINE,수선장
LENGTH OVER ALL,선체 전길이
LEOSAR,저궤도 위성조난안전 시스템
LESS THAN CONTAINER / CAR LOAD CARGO / LOTS,한 화차 미달량(콘테이너 복수화주)
LETTER OF CREDIT,신용장
LETTER OF GUARANTEE,(화물선취) 보증서
LETTER OF INTENT,발주 의향서
LEVEL 1 VULNERABILITY CRITERIA,1단계 기준
LEVEL 2 VULNERABILITY CRITERIA,2단계 기준
LFT(Latest Finish Time),최지(最遲)완료시간
LICENCE AGREEMENT,기술 제휴
LIFE CYCLE ANALYSIS,라이프 싸이클 분석
LIFT on / LIFT OFF,LIFT on/LIFT OFF SYSTEM에 의한 FULL CONTAINER 선
LIGHT ACTIVATED NEGATIVE EMITTER,래너
LIGHT ACTIVATED SILICON CONTROLLED,광 SCR
LIGHT ACTIVATED SWITCH,광 스위치
LIGHT EMITTING DIODE,발광 다이오드
LIGHT SOURCE,광원
LIGHT SOURE COLOUR;LIGHT SOURCE COLOR,광원색
LIGHT WEIGHT,경하중량
LIGHTNING STROKE,뇌격
LIGHTNING SURGE,뇌 서지
LIMIT SWITCH,스위치
LINE CONSTANT,선로 상수
LINE CONTROL UNIT,회선 제어 유닛
LINE CURRENT,선로 전류
LINE VOLTAGE,선간 전압
LIQUEFIED NATURAL GAS,액화 천연 가스
LIQUEFIED PETROLEUM GAS,액화 석유가스
LIQUID CRYSTAL DISPLAY,액정 표시 장치
LIQUID PENETRANT TEST,"액체침투탐상검사(DYE CHECK, RED CHECK등)"
LLOYD'S REGISTER OF SHIPPING,영국 선급 협회
LNG(Liquified Natural Gas),액화 천연가스
LO ( Lubricating Oil),윤활유(潤滑油)
LO Dirty Tank,윤활유더티탱크
LO Gravity Tank,윤활유중력탱크
LO Purifier,윤활유청정기
LO Sludge Tank,윤활유 슬러지탱크
LO Sump Tank,윤활유섬프탱크
LOA ( Length Overall),전장(全長)
LOAD CAPACITY,부하 용량
LOAD FACTOR,부하율
LOAD FACTOR [CF],하중계수
LOAD FACTOR [Cf],하중계수
LOAD LINE,만재 홀수선
LOAD TEST,부하 시험
LOAD WATER LINE,홀수선
LOAD-OUT,선적
LOCAL AREA NETWORK,근거리 통신망
LOCAL GROUP START PANEL,기기측에 설치된 시동반
LOCAL LIGHTING,국부조명
LOCALIZED GENERAL LIGHTING,국부적 전반조명
LONDON INTERBANK OFFERED RATES,런던 금융시장에서 이루어지는 일류 은행간 자금운용(대출)시 적용되는 금리
LONDON METAL EXCHANGE,런던 금속 거래소
LONG RANGE NAVIGATION,로란 STATION으로 부터 나온 전파를 잡아서 자기 배의 위치 찾음.
LONGITUDINAL,종통재
LONGITUDINAL CENTER OF BUOYANCY FROM MIDSHIP,부력의 종방향중심
LONGITUDINAL CENTER OF FLOATATION FROM MIDSHIP,부선면의 종방향 중심
LONGITUDINAL CENTER OF GRAVITY FROM MIDSHIP,선체 무게 중심의 중방향중심
LOOP TEST,루프시험
LORAN(Long Range Navigation),로오랜 (선위 측정 장치)
LOW FREQUENCY,저주파
LOW NOISE AMPLIFIER,저잡음 증폭기
LOWEST USABLE FREQUENCY,최저 사용 주파수
LPG(Liquified Petroleum Gas),액화 석유가스
LR(Lloyd's Register of Shipping),영국 선급(로이드)
LRIT,선박장거리위치추적
LRIT Coordinator,LRIT 조정기구
LSA Code,구명설비 기준
LST (Latest Start Time),최지(最遲)개시시기
LTE-M,초고속 해상무선통신
LUBRICANT OIL,윤활유
LUBRICANT OIL TANK,윤활유 탱크
LUBRICATION OIL,윤활유
LUMEN,루멘
LUMEN METHOD; FLUX METHOD,광속법
LUMINAIRE FOR EXPLOSIVE ATMOSPHERE,방폭조명기구
LUMINOUS CEILING,광 천정
LUMINOUS EXITANCE,광속 발산도
LUMINOUS FLUX MAINTENANCE FACTOR,광속 유지율
LUMINOUS INTENSITY,광도
LUMINOUS RANGE,가시거리
LUT,위성조난통신 육상수신국
LUX,룩스
Laboratory,실험실(實驗室)
Laboratory Automation,실험실 자동화
Labour Cost,노무비(勞務費)
Labyrinth Seal,래비린스 시일
Lack of Fusion,융합 불량
Lack of Oxygen,산소 부족(酸素不足)
Ladder Winch,사다리윈치
Ladder Wire Rope,사다리와이어
Laden Voyage,적하항해(積荷 航海)
Lambertian surface,균등확산면
Lamellar Tearing,다층균열(多層龜裂)
Laminated Wooden Ship,합판선
Lamination,라미네이션
Lamp voltage,램프 전압
Land Trial,육상시운전
Landing,랜딩
Lap Joint,겹 이음
Lap Welding,겹치기 용접
Lapping,랩핑
Large Scale Integration,대규모 집적 회로
Laser Doppler Velocimeter,레이저 도플러 속도계
Laser Machining,레이져 가공
Lashing,래싱
Lashing Wire,래싱 와이어
Latent Defect,잠재불량(潛在不良)
Latent Heat,잠열
Lateral Bending,횡굽힘
Lateral Pressure,횡압력
Lateral Vibration,횡방향(橫方向) 진동
Lathe,선반(旋盤)
Launch Preparations,진수 준비(進水準備)
Launch/retrieval System,착수양수장치
Launching Barge,진수바지
Launching Calculation,진수 계산(進水計算)
Launching Ceremony,진수식
Launching Cradle,진수크레이들
Launching Drag,진수드래그
Launching Platform,진수식대
Launching Way,런칭웨이
Laundry,세탁실(洗濯室)
Lavatory,화장실(化粧室)
Lay Floor Covering,덱크카바링 설치
Lay-Up Ship,계선(繫船)
Lay-up,계선
Layer,층
Lead Hammer,납 망치
Lead Paint,공명단 도료
Lead Storage Battery,납축전지
Lead Time,조달 기간(調達期間)
Lead Wire,납실
Lead-alloy-sheathing,납피복
Leadless Inverted Device,직결 반전 디바이스
Leadman`s Platform,측심대
Leak Detection,누설 검지(漏泄檢知)
Leak Test,누설시험
Leakage Conductance,누설 컨덕턴스
Leakage Current,누설 전류
Leakage Flux,누설 자속
Leakage Inductance,누설 인덕턴스
Leakage Reactance,누설 리액턴스
Leakage Transformer,누설 변압기
Learning Curve,습득 곡선(習得曲線)
Least Developed Countries (LDCs),최빈개도국
Lee Board,리보드
Lee Helm,리헬름
Left-Handed Screw,왼나사
Left-handed Propeller,좌회전프로펠러
Leg Length,다리길이(각장)
Length Coefficient of Froude,프루드길이계수
Length on Waterline,수선상길이
Lengthening,점보나이징
Let-go-anchor,투묘
Lethal Gas,유독(有毒)가스
Letter of Intent,발주 의향서
Level Gauge Board,액면계기판
Level Switch,레벨스위치
Leveling,평준화(平準化)
Levels of Ambition,의욕 수준
Lever Block,레바 블록
Life Boats Throwing and Lowering Test,구명정승강시험
Life Buoy,구명 부이
Life Line,구명줄
Life Line Throwing Appliance,구명줄 발사기
Lifeboat,구명정
Lifejacket,구명조끼
Liferaft,구명뗏목
Lifesaving Equipment,구명 장비(救命裝備)
Lift,승강기
Lift by Stern,선미부양
Lift-on/Lift-off System : Lo.Lo System,리프트온/리프트오프방식
Lifting Beam,달아올림 보
Lifting Lug,매달기위한 고리
Light Activated Negative,래너
Light Activated Silicon,광 SCR
Light Activated Switch,광 스위치
Light Beacon,등표
Light Bouy,등불부표
Light Displacement,경하배수량
Light Scantling Vessel,경구조선
Light Ship,등대선
Light Welding,경용접(輕熔接)
Light emitting diode,발광 다이오드
Light source,광원
Light soure colour;light,광원색
Lightening Hole,무게줄임구멍
Lighthouse Tender,등대 관리선
Lighting Fitting,조명 기구
Lightning Arrester,피뢰기(避雷器)
Lightning Stroke,뇌격
Lightning Surge,뇌 서지
Lightweight,경하중량(輕荷重量)
Lignum Vitae,리그넘바이터
Limber Hole,림버구멍
Limit Gauge,한계게이지
Limit Switch,리밋 스위치
Limited Waters,제한 수역
Limiting Factors,제약적 요인
Line Balancing,공정간의 균형화
Line Constant,선로 상수
Line Control Unit,회선 제어 유닛
Line Current,선로 전류
Line Hauler,주낚줄감개
Line Heating,선상 가열(線狀加熱)
Line Voltage,선간 전압
Linear Expansion,선팽창(線膨脹)
Liner,정기선
Lining,라이닝
Liquefaction,액화
Liquefied Gas Tanker,액화가스탱커
Liquid Cargo,액체화물
Liquid Crystal Display,액정 표시 장치
Liquid Gasket,액체 가스켓
Liquid Oxygen,액화 산소
Liquified Gas,액화 가스
List,경사(傾斜)
Listening Rod,청음봉
Live Fish Carrier,활어운반선
Live Load,활하중
Living Quarters,거주구역(居住區域)
Living Space,거주 구역
Lloyd's Register of,영국 선급 협회
Load,부하
Load Balancing,부하 평준화(平準化)
Load Capacity,부하 용량
Load Curve,부하 곡선(負荷曲線)
Load Factor,부하율
Load Line Disk,만재흘수원표
Load Line Marks,만재흘수선
Load Test,부하 시험
Load Water Line,만재 흘수선
Loading Condition,적하상태(積荷狀態)
Local Area Network,근거리 통신망
Local Area Network : LAN,근거리지역 통신망
Local Strength,국부 강도(局部强度)
Local vibration,국부 진동
Loft,현장본뜨기
Log,로그
Log Speed,대수속력
Long Bridge,장선교루
Long Crested Seas,장파정파
Long Lead Time Material,조달기간장기 자재
Long Liner,주낚어선
Long-Term Effects,장기 효과(長期效果)
Long-term Resource Mobilization Strategy,장기재원 마련전략
Longitudinal Beam,종보
Longitudinal Bulkhead,종격벽
Longitudinal Bulkhead(Longl. Bhd),종격벽(縱隔壁)
Longitudinal Center of Buoyancy,종부심
Longitudinal Metacenter,종메티센터
Longitudinal Space (L.S),종통재(縱通材) 간격
Longitudinal Stability,종안정성
Longitudinal Strake,종보강재
Longitudinal Strength,종 강도(縱强度)
Longitudinal Vibration,종진동
Looking After,선미방향으로 봄
Looking Forward,선수방향으로 봄
Loran Chart,로란해도
Loran System,로란방식
Loss,낭비(浪費)
Loss of containers,컨테이너 유실
Lost Motion,헛돌기
Lounge,라운지
Louver,통풍용 공기흡입창
Low Atmospheric Pressure,저기압(低氣壓)
Low Carbon Steel,저탄소강
Low Frequency,저주파
Low Noise Amplifier,저잡음 증폭기
Low Sea Suction Valve,하부해수흡입밸브
Low Temperature Embrittlement,저온취성
Low Temperature Stress Relieving,저온응력제거
Low-flashpoint fuel,저인화점 연료
Lower management,현장 관리자
Lowest Usable Frequency,최저 사용 주파수
Lub. Oil Storage Tank (L.O Stor. Tk),윤활유 저장탱크
Lubricant,윤활제
Lubricating Oil : LO,윤활유
Lubricating Oil Pipe(L.O Pipe),윤활유관(潤滑油管)
Lubricator,주유기(注油器)
Luffing Cylinder,러핑 실린더
Luffing Davit,러핑대빗
Lumen,루멘
Lumen method; flux method,광속법
Luminaire for explosive,방폭조명기구
Luminous ceiling,광 천정
Luminous exitance,광속 발산도
Luminous flux maintenance,광속 유지율
Luminous intensity,광도
Luminous range,가시거리
Lurch,불규칙최대경사각
Lux,룩스
M/V (Motor Vessel),내연기선(內燃機船)
MACHINE OPERATER,기계 작동자
MACHINERY ARRANGEMENT,기관실 배치도
MACHINERY CENTRALIZED OPERATED,DNV(노르웨이 선급) 무인화등급
MACHINERY CONTROL ROOM,기관제어실
MAGNETIC BUBBLE MEMORY,자기 버블 기억장치
MAGNETIC DIRECTION INDICATOR,자기 방향 지시기
MAGNETIC INK CHARACTER READER,자기 잉크 문자 판독장치
MAGNETIC PARTICLE TEST,자기탐상검사
MAGNETIC PARTICLE TEST(INSPECTION),자분탐상검사
MAGNETIC PERMEABILITY,투자율
MAGNETO HYDRODYNAMICS GENERATION,전자 유체 역학 발전
MAIL TRANSFER,우편 송금
MAIN CIRCUIT BREAKER,주개폐기
MAIN DISTRIBUTION FRAME,주배선반
MAIN ENGINE,주기관
MAIN SWITCH BOARD,주배전반
MAINTENANCE TO QUALITY,품질보전
MALAYSIAN INTERNATIONAL SHIPPING CORPORATION,말레이지아 국영선사
MAN HOLE,맨 홀
MANAGEMENT INFORMATION SYSTEM,경영 정보 시스템
MANUFACTURER'S DESIGN,제작자설계보고서
MANUFACTURER'S DESIGN REPORT,제작자설계보고서
MANUFACTURING AUTOMATION PROTOCOL,제조 자동화 프로토콜
MANUFACTURING COLLABORATION,업무 제휴
MANUFACTURING DATA,제작자료기록서
MANUFACTURING DATA RECORD BOOK,제작자료기록서
MARINE DIESEL OIL,해상용 디젤 연료유(경유)
MARINE ENVIRONMENTAL PROTECTION COMMITTEE,해상환경보호위원회
MARINE GROWTH PROTECTION SYSTEM,해상생성물 고착방지 장치
MARITIME ADMINISTRATION OF DEPARTMENT OF TRANSPORTATION,미국 해사청
MARITIME SAFETY COMMITTEE,IMO 해사안전위원회
MARITIME TRANSPORT COMMITTEE,OECD 해운위원회
MARKING INSPECTION,마킹 검사
MARPOL(The Prevention of Marine Pollution from Ships),해상오염 방지협약
MATE'S RECEIPT,본선 수취증
MATERIAL,자재
MATERIAL REQUIREMENT SHEET,자재 소요 요구서
MATERIAL SPECIFICATION CODE,자재 부품번호
MAXIMUM CONTINUOUS RATING,최대 연속 출력
MAXIMUM USABLE FREQUENCY,최고 사용 주파수
MAXWELL BRIDGE,맥스웰 브리지
MAXWELL'S ELECTROMAGNETIC EQUATION,맥스웰의 전자방정식
MBM,시장기반조치
MBO (Management by Objectives),목표관리(目標管理)
MCC,임무조정본부
MCP,해사정보 공유체계
MCR(Maximum Continuous Rating),연속최대 출력
MCT (Multi Cable Transit),엠씨티 (다중 전선의 격벽관통 형식)
MDO(Marine Diesel Oil),해상용 디젤유
MDTF,다자 신탁기금
MEAN DRAFT,평균 홀수
MEAN TIME BETWEEN ERROR,평균 오류시간
MEAN TIME BETWEEN FAILURE,평균 고장 간격 시간
MEAN TIME TO FAILURE,평균 고장 시간
MEAN TIME TO REPAIR,평균 수리 시간
MEAN UP TIME,평균 동작 시간
MECHANICAL STRESS RELIEVING,기계적 응력 제거
"MEDICAL ELECTRONICS , MICRO ELECTRONICS,",의용 전자공학
MEDIUM AREA NETWORK,중규모 지역 통신망
MEDIUM FREQUENCY WAVE,중파
MEGA BYTE,컴퓨터 용량 표시 단위
MEGOHM,저항 단위
MENA,MENA
MEOSAR,중궤도 위성 조난안전 시스템
MEP(Mean Effective Pressure),평균 유효압력
MEPC(Maritime Environment Protection Committee),해양환경보호 위원회(IMO)
METACENTRIC HEIGHT,메타센터 높이
METAL CLAD,전선형태
METAL CLAD CIRCUIT BREAKER,차단기
METAL INERT GAS ARC WELDING,MIG 용접
METAL INERT GAS WELDING,MIG 용접
METAL INSULATED SEMICONDUCTOR IC,미스 IC
METAL NITRIDE OXIDE SEMICONDUCTOR,금속 질화 산화막 반도체
METAL OXIDE SEMICONDUCTOR,금속 산화막 반도체
METAL SEMICONDUCTOR FIELDEFFECT,금속반도체 효과 트랜지스터
METALLOGRAPHIC TEST,금속조직학 검사
METRIC TON,미터톤
MF Radio,중파대역 무선통신장비
MGPS(Marine Growth Preventing System),해양생물 성장억제 장치
MHB,산적 상태에서만 위험한 물질
MICACEOUS(SPARKLING) IRON OXIDE,"내후성, 내약품성, 우수중 방식도로"
MICRO PROCESSING UNIT,컴퓨터 처리 장치
MICROCOMPUTER DEVELOPMENT SYSTEM,마이크로 컴퓨터 개발
MICRONS,도막두께 측정치
MIDSHIP SECTION COEFFICIENT,중앙횡단면 계수
MIG(Metal Inert Gas Arc Welding),미그(MIG) 용접
MIL (Military Specifications and Standard),미국국방성표준규격
MILITARY SPECIFICATION AND STANDARDS,군용 사양 및 표준(미군 규격)
MILL SCALE,흑피
MILLION INTRUCTION PER SECOND,컴퓨터 성능 표시 단위
MINISTRY OF FOREIGN AFFAIRS & TRADE,외교통상부(통상산업부에서 개칭됨)
MIP(Mean Indicating Pressure),평균지시압력
MIR,해사 사용자 관리 및 인증체계
MLF (Material List of Fitting),설치자재목록
MMS,해사 메시지 관리체계
MMSI,해상이동업무 식별부호
MMSI (maritime Mobile Service Identification No.),해상이동통신 식별번호
MODU Code,이동식 해양굴착구조물 기준
MODULATOR - DEMODULATOR,컴퓨터간 통신을 위한 장치
MOLECULAR BEAM EPITAXY,분자선 에피탁시
MOMENT TO CHANGE onE CENTIMETER TRIM,1 CM 트림당 변화시킬 수 있는 모멘트
MONOLITHIC MICROWAVE IC,모노리식 마이크로파 집적회로
MOOING TRIAL / MAIN TURBINE,안벽시험/주터어빈
MOS FET,금속 산화막 반도체 전계효과
MOTOR,입력과 역률 ( 전동기 )
MOTOR CONTROL CENTER,모타제어반절연저항시험
MOTOR PROTECTION,전동기 보호방식
MOULDED DEPTH,형깊이
MP,해양오염물질
MP (Maintenance Prevention),보전예방(保全豫防)
MPI (Magnetic Particle Inspection),자분탐상 검사
MRCC,해상구조조정본부
MRN,해사사용자 식별자
MRP (Material Requirement Planning),자재 소요계획
MRV,온실가스 배출량 산정·보고·검증
MS,해사 서비스
MSBD(Main Switchboard),주배전반(主配電盤)
MSC(Maritime Safety Committee),해사안전 위원회(IMO)
MSDS,물질안전보건자료
MSI,해사안전정보
MSR,해사 서비스 관리 및 인증체계
MSW,해상싱글윈도우
MTC(Maritime Transport Committee),해사위원회(OECD)
MTCC,해사기술협력센터
MULTIPLEX,다중화
MUTUAL IMPEDANCE,상호 임피던스
MUTUAL INDUCTION,상호 유도
MVZ,주수직구역
Mach Number,마하수
Machinability,절삭성
Machine Down Time,기계중단기간
Machine Scheduling Plan,기계일정계획
Machine Shop,기계 공장
Machine Utilization Table,기계 이용표
Machinery Installation,기계 설치
Machinery Lay-Up,기계 장기 휴지(休止)
Machinery Space,기관 구역(機關區域)
Machining Allowance,기계가공 여유(餘裕)
Macro Bifouling,대형 생물오손
Magazine,화약고
Magnet Crane,전자(電磁) 크레인
Magneti Crane,자석기중기
Magnetic Blow,자기쏠림
Magnetic Bubble Memory,자기 버블 기억장치
Magnetic Compass,자기(磁氣) 콤파스
Magnetic Compass Pilot,자기컴퍼스자동조타장치
Magnetic Direction Indicator,자기 방향 지시기
Magnetic Ink Character,자기 잉크 문자 판독장치
Magnetic Permeability,투자율
Magnetic Sensor,자기센서
Magnetic Strainer,자석기름거르개
Magnetic Variation,자기변동
Magneto ( Machine ),자석발전기
Magneto Hydrodynamics,전자 유체 역학 발전
Magnetometric Sensing Vessel,자기탐사선
Maiden Voyage,처녀 항해(處女航海)
Maier Form,마이어선형
Main Air Compressor,주공기압축기
Main Anchor,주앵커
Main Ballast Tank,주밸러스트탱크
Main Circuit Breaker,주개폐기
Main Control Console,주제어반(主制御盤)
Main Deck,주갑판
Main Diesel Engine,주디젤기관
Main Dimensions,주요 치수
Main Distribution Frame,주배선반
Main Fleet,주력함대
Main Frame,정늑골재
Main Gas Turbine,주기가스터빈
Main Generator,주발전기
Main Gun,주포
Main Hull,주선체
Main Plate,주판(主板)
Main Reduction Gear,주감속장치
Main Switch,주개폐기
Main Turbine,주터빈
Maintainability,정비 용이성
Maintenance Hatch,정비용 해치
Maintenance Scheme,정비 계획(整備計劃)
Maintenance and Repair Team,정비 수리팀
Maintenance and Supply,정비및 보급
Make-up Pipe,현장맞춤관
Maker Drawing,제조업자 도면
Maker`s Certificate,제조자발행증명서
Makeup Water,보충수(補充水)
Malleable Cast Iron,가단주철
Man-Hour Cumulative Schedule,누적 시수계획
Management Information,경영 정보 시스템
Management Training Program,관리자 훈련계획
Manager Board,물막이
Mandrel,맨드렐
Maneuvering Test,조종성(操縱性) 시험
Manhole Cover,맨 호올 카바
Manifest,목록
Manipulator,매니퓰레이터
Manpower Planning,인력 계획(人力計劃)
Manpower Utilization,인력 운용
Manual Alarm System,수동경보장치
Manufacture Drawing,제작도면(製作圖面)
Manufacturing Automation,제조 자동화 프로토콜
Manufacturing Lead Time,제작소요기간
Mapping,매핑
MarAd (U.S. Maritime Administration),미국 해사청
Margin Plate,마아진 판
Marine Boiler,선박용보일러
Marine Casualty / Marine Incident,해양사고 / 해양사건
Marine Disaster Inquiry Agency,해난심판소
Marine Engineer,조기기사
Marine Environment,해양 환경
Marine Fire Fighting System,선박소방설비
Marine Growth Prevention System (MGPS),해양생물 성장방지시스템
Marine Seismic Profiling System,해저지층탐사장치
Marine Turbine,선박용터빈
Maritime Authority,해운관청(海運官廳)
Maritime Autonomous Surface Ships (MASS),자율운항선박
Maritime Cloud,해사 클라우드
Maritime Labour Convention 2006,2006년 해사노동협약
Maritime Security,해상보안
Maritime lien,선박우선특권
Marking,마킹
Marking Inspection,마킹 검사
Marking of Fishing Gear,어구 마킹
Marline,마알린
Marrying Wedge,쐐기불록
Masking Tape,도장오손방지테이프
Mass Density,질량밀도
Mast Table,마스트테이블
Master Compass,주컴퍼스
Master Schedule,대일정(大日程) 계획
Master Station,주전파국
Matching,매칭
Material Deficiency Report,자재결함 보고서
Material Handling,자재취급운반
Material List,자재 목록
Material Preparation,자재 준비(資材準備)
Material Procurement,자재 구매
Material Specification,자재 사양서(仕樣書)
Material Stowage and Issuing Plan,자재저장／불출계획
Mating Surface,결합면(結合面)
Matting Runner,통로용매트
Maximum Continuous Rating : MCR,최대연속정격출력
Maximum Speed,최대속력
Maximum Transfer in Stopping,정지시최대가로이동거리
Maximum Transverse Section,최대횡단면적
Maximum Usable Frequency,최고 사용 주파수
Maximum Voltage,최고전압
Maximum Waterplane,최대수선면
Maximum Working Pressure,최대사용압력
Maxwell Bridge,맥스웰 브리지
Maxwell's Electromagnetic,맥스웰의 전자방정식
Mean Draft,평균 흘수(平均吃水)
Mean Increase in Power in Waves,파중평균동력증가
Mean Increase in Rate of Revolutions in Waves,파중평균회전수증가
Mean Pitch,평균피치
Mean Speed,평균속력
Mean Time Between Failure,평균 고장 간격 시간
Mean Time To Failure,평균 고장 시간
Mean Time To Repair,평균 수리 시간
Mean Time between Error,평균 오류시간
Mean Time to Failure,고장평균시간
Mean Up Time,평균 동작 시간
Measured Mile Course,속력시험항로
Measured Mile Trial,표주간속력시험
Measures to prevent unlawful practices,불법행위 방지대책
Measuring Procedure,계측 순서(計測順序)
Meat Carrier,육류운반선
Mechanical Efficiency,기계효율(機械效率)
Mechanical Hazard,기계적 위험
Mechanical Properties,기계적 성질(性質)
"Medical Electronics , Micro",의용 전자공학
Medium Area Network,중규모 지역 통신망
Medium Frequency wave,중파
Megger Test,절연저항 시험
Melting Point,융점(融點)
Melting Rate,용융속도
Memorandum of Understanding (MoU),양해각서
Merchant Ship,상선
Mercury Boiler,수은보일러
Messenger Chain,작동체인
Metacenter,메타센터
Metacentric Height,메타센터 높이
Metal Arc Welding,금속 아크용접
Metal Clad,전선형태
Metal Clad Circuit Breaker,차단기
Metal Insulated,미스 IC
Metal Nitride Oxide,금속 질화 산화막 반도체
Metal Oxide Semiconductor,금속 산화막 반도체
Metal Semiconductor,금속반도체 효과 트랜지스터
Meteorological Observation Ship,해양기상관측선
Method IC,IC 방식
Method IIC,IIC 방식
Method IIIC,IIIC 방식
Michell Thrust Bearing,미첼식 스러스트 베어링
Micro Bifouling,미세 생물오손
Micro-Plastics,미세플라스틱
Microcomputer Development,마이크로 컴퓨터 개발
Micrometer,마이크로미터
Micrometer (㎛),길이단위 (1/1000 mm)
Microscopic Examination,현미경시험
Microstructure,미세 구조(微細構造)
Middle Body,중앙부선체
Middle Management,중간 관리자
Middlength Beam,중앙부폭
Midship,선체중앙
Midship Coefficient,중앙횡단면계수
Midship Engine,중앙기관
Midship Frame,중앙부늑골
Midship House,중앙부갑판실
Midship Section,중앙횡단면도
Midship Section Coefficient,중앙 횡단면계수
Midship Section Drawing,중앙횡단면도
Mil,밀(1/1000 inch)
Milepost,표주
Milling Cutter,밀링커터
Mineral Oil,광유
Mineralizer,무기물 투여기
Minimum Freeboard,최소건현
Minimum Revolution Test,최저회전수 시험
Minor Assembly,소조립(小組立)
Miscellaneous Machinery,기타 기계장비
Mixed Cargo,혼합화물
Mixing Chamber,혼합실
Mobile Scaffolds,이동식 작업대
Mock-Up,현도(실물크기 모형)
Model Test,모형시험(模型試驗)
Moderate-Size Shipyard,중형 조선소
Modular Construction,모듀울방식 건조
Moisture Resistant Insulating Material,내습성 절연재료
Molases Tanker,당밀운반선
Mold Loft,현도장(現圖場)
Molded Depth,형깊이
Molded Dimension,형치수
Molder,주형공
Molecular Beam Epitaxy,분자선 에피탁시
Molten Metal,용융금속
Molten Pool,용융 풀
Moment of Force,힘의 모멘트
Monitor Productivity Improvement,생산성 향상의 감시
Monkey Island,콤파스 데크
Monolithic Microwave IC,모노리식 마이크로파 집적회로
Monolithic Ship,단일재구조선
Mooring,계류
Mooring Arr't,계선장치
Mooring Buoy,계류 부이
Mooring Pipe,계류 파이프
Mooring Trial,계류시운전
Mooring Winch,계류 윈치
Morse Code,모스부호
Mortgage of ship,선박저당권
Motion Study,동작연구(動作硏究)
Motion of Electrode,운봉법(용접 運棒法)
Motivation,동기부여(動機賦與)
Motivation for Worker,작업자 동기부여
Motor,입력과 역률 ( 전동기 )
Motor Fan,전동송풍기
Motor Siren,전동사이렌
Motor protection,전동기 보호방식
Motorboat,모터보트
Moulded Dimension,형촌법(型寸法)
Moulded Line,형선(型線)
Moulding Machine,주형기계
Mount the Boring Bar,보링용 Bar설치
Mounting Angle,취부각도(取付角度)
Mouth Piece,송화구
Movable Ramp,이동식(移動式) 렘프
Movable Shelter,이동식 셀타
Mrine Growth Preventing Equipment,해양생물부착방지장치
Mud Box,머드 박스
Multi-chanel Echo Sounder,다소자 음향측심기
Multi-core Cable,다심(多芯) 케이블
Multi-core Tube,다심 튜우브
Multi-layer Weld,다층용접
Multi-purpose Cargo Ship,다목적화물선
Multiple Diesel Enhine,다중 디젤기관
Multiple Operater Welding Machine,복식용접기
Multiple Resistance Welding,다점저항용접
Multiple Screw Ship,다축선(다추진기선)
Multiple-electrode Spot Welding Machine,다전극 점용접기
Multiplex,다중화
Multiplex Safty Glass,다층안전유리
Multipurpose Cargo Ship,다목적 화물선
Mushroom Anchor,버섯모양 앵커
Mushroom Ventilator,버섯형 통풍기
Muster List,비상 배치표
Mutual Impedance,상호 임피던스
Mutual Induction,상호 유도
NARROW GAP WELD'G,협개선용접
NAS(National Aerospace Standard),미국 항공우주 규격
NATIONAL ASSOCIATION OF CORROSION,국제 방식 기술자 협회
NATIONAL ASSOCIATION OF CORROSION ENGINEERS,국제 부식기사 협회
NATIONAL ELECTRICAL MANUFACTURERS,국제 전기 제작 협회
NATIONAL INFORMATION SYSTEM,국가 정보 시스템
NATIONAL SCIENCE TEACHERS ASSOCIATION,전미과학교사협회
NATIONALLY RECOGNIZED TESTING,국가인정시험소
NAUTICAL MILE,해상 마일 (약 1.852 Km)
NAVIGATION CONSOLE,항해 CONSOLE
NBDP,협대역 직접인쇄 전신
NBR (Nitril Butadiene Rubber),합성고무의 일종
NC (Numerical Control),수치 제어(數値制御)
NC Machine,수치제어 기계
NCR(Non-Conformity Report),불일치 보고서
NCR(Normal Continuous Rating),정상 연속출력
NDE : Non-destructive Evaluation,엔디이
NDT : Non-destructive Test,엔디티
NDT(Nondestructive Test),비파괴(非破壞) 검사(檢査
NEGATIVE-GLOW LAMP,네온램프
NEGATIVEPHASE RELAY,역상 계전기
NEGATIVEPHASESEQUENCE COMPONENT,역상분
NEODYMIUM PENTAPHOSPHATE,네노디움 (5 인화 )
NEON TRANSFORMER,네온 변압기
NEON TUBE,네온관
NET TONNAGE,순톤수
NETWORK CONTROL UNIT,망 제어 장치
NEUTRAL,중성선
NEWLY INDUSTRIALIZING ECONOMICS,"놀라운 경제발전을 이룩한 대만, 홍콩,싱가폴, 한국등 아시아 국가"
NF (Norme Framaise),프랑스 표준규격
NFB(No Fuse Breaker),배선용 차단기
NIPPON KAIJI KYOKAI,일본해사협회
NIR,신규점검제도
NITROGEN,"化 : 질소, 원자번호7"
NITROGEN OXIDE,질화물
NK (Nippon Kaiji Kyokai),일본 선급(船級)
NM ( Nautical Mile),해리(1해리=1852m)
NMD ( Norwegian Maritime Directorate),노르웨이 해운국
NMFT,비차별원칙
NMTP,국가해상운송정책
NNSS (Navy Navigation Satellite System),항행위성수신장치
NO COMMERCIAL VALUE,환 가치 없음(무환)
NO FUSE BREAKER,배선용 차단기
NOLOAD LOSS,무부하손
NOLOAD SATURATION VOLTAGE,무부하 포화전압
NOMINAL RATING,공칭 정격
NOMINAL TRANSFORMATION RATIO,공칭 변압비
NON CORFORMITY NOTE,외부심사지적사항
NON DESTRUCTIVE EXAMINATION,비파괴 시험
NON DESTRUCTIVE TEST,비파괴검사
NON RETURN TO ZERO,비 복귀기록
NON RETURN TO ZERO INVERTED,비 제로 복귀 반전
NON WATER TIGHT,비수밀
NON-CONFORMITY REPORT,불일치 보고서
NON-DESTRUCTIVE TEST,비파괴검사
NONCONFORMITY REPORT,부적합보고서
NONPROLIFERATION TREATY,비핵확산 조약
NONSALIENT MACHINE,비돌극기
NORMAL CONTINUOUS RATING,정상연속 출력
NORTH AMERICAN FREE TRADE AGREEMENT,북미 자유무역협정
NOWPAP,북·서태평양 보전실천계획
NOx,질소산화물
NPSH(Net Positive Suction Head),유효 흡입양정
NS (Norske Standard),노르웨이 표준규격
NSC (Norwegian Shipping Control Act),노르웨이 해운선박법
NSRP (National Shipbuilding Research Program),미국국책 조선(造船)연구 프로그램
NSW,국가싱글윈도우
NT (Net Tonnage),순톤수
NUC (Not-Under Command) Light,운전부자유등(燈)
NUCLEAR MAGNETIC RESONANCE,핵 자기 공명
NUMERICAL CONTROL,수치제어에 의한 자동화 정비에 쓰이는 말
NWT Door (Nonwatertight Door),비수밀문(非水密門)
Naked Hull,나선체
Nameplate,명판
Narrowgap Welding,내로갭 용접
Nast Housing,마스트밑방
National Action Plan (NAP),국가별 행동계획
National Association of,국제 방식 기술자 협회
National Electrical,국제 전기 제작 협회
National Information System,국가 정보 시스템
Nationally Recognized,국가인정시험소
Natural Convector,자연대류방열기
Natural Exhaust,자연배출(自然排出)
Nautical Almanac,항해력
Nautical Astronomy,항해천문학
Nautical Instrument,항해 기기(航海機器)
Naval Architecture,조선공학
Naval Dockyard,해군공창
Navigation Bridge Deck,항해 선교갑판
Navigation Bridge Visibility,항해선교 가시도
Navigation Equipment,항해기기
Navigation Light,항해등(航海燈)
Near miss / Near accident,아차사고 / 준사고
Near-coastal Voyages,연안항해
Needle Valve,니이들 밸브
Negative Buoyancy Tank,음부력탱크
Negative Stability,음복원력
Negative-glow lamp,네온램프
Negativephase Relay,역상 계전기
Negativephasesequence,역상분
Negligence,과실
Neodymium Pentaphosphate,네노디움 (5 인화 )
Neon Transformer,네온 변압기
Neon tube,네온관
Nesting,네스팅
Net Hauler,양망기
Net Layer,방잠망부설선
Net Sling,하역망
Net Steel Weight,순강재중량
Net Time,정미시간(正味時間)
Network Control Unit,망 제어 장치
Neutral,중성선
New Outputs,신규 작업과제
New module in GISIS on Registries,선박등록소에 관한 GISIS 모듈
Niche areas,취약 구역
Night Shift,교대근무시 야간근무
Nipple Joint,니플이음
Nl/minute,표준상태의 Ltr/min.
No Fuse Breaker,배선용 차단기
No-Load Running,무부하(無負荷) 운전
No-Load Test,무부하 시험
Noload Loss,무부하손
Noload Saturation Voltage,무부하 포화전압
Nominal Diameter,호칭지름
Nominal Diameter (N.D),호칭경，공칭직경
Nominal Horse Power,공칭마력
Nominal Pitch,호칭피치
Nominal Pressure,호칭압력
Nominal Size,호칭 치수(呼稱値數)
Nominal Transformation Ratio,공칭 변압비
Nominal rating,공칭 정격
Nomogram,계산도표/노모그램
Non Gas-shielded Arc Welding,논 가스쉴드 아크용접
Non Return to Zero,비 복귀기록
Non Return to Zero Inverted,비 제로 복귀 반전
Non-Conformity / Findings / Observations,부적합사항 / 발견사항 / 관찰사항
Non-Convention Ship,협약 비적용 선박
Non-Metallic Material,비금속 물질
Non-Return Valve,역지(逆止)밸브
Non-Sparking Tool,방폭공구(防爆工具)
Non-Statutory Spare Parts,법정외 예비품
Non-absorbent Material,비흡습재료
Non-consumable Electrode,비용극
Non-exhaustive List of obligations,의무사항 목록
Non-ferrous Metal,비철금속
Non-freezing Mixture,부동혼합액
Non-opening Side Scuttle Fixed Light,고정 원현창
Non-powered Vessel,무동력선
Noncombustible Material,불연성(不燃性) 재료
Nonconducting Material,부도체(不導體)
Nonferrous Metal,비철금속(非鐵金屬)
Nonmagnetic Material,비자성체(非磁性體)
Nonrotating Rope,비회전 로우프
Nonsalient Machine,비돌극기
Nonslip,미끌림 방지
Norch Coefficient,노치계수
Normal Condition,정상 상태(正常常態)
Normal Distribution,정상 분포
Normal Duration,정상 소요시간
Normal Working Hours,정상근로시간
Normalizing,노멀라이징
Notch Bend Test,노치굽힘시험
Notch Brittleness,놋치 취성
Notch Effect,노치효과
Notch Sensitivity,노치감도
Note Verbale,구술서
Noxious Substance,유해물질(有害物質)
Nozzle Ring,노즐 링
Nozzle-control Governing,노즐조절
Nuclear Fuel,핵연료
Nuclear Magnetic Resonance,핵 자기 공명
Nuclear Ship,원자력선
Nuclear Submarine,원자력잠수함
Num Buoy,타원형부표
Number One Oiler,조기장
Number of Coats,도장 횟수
Number of Maximum Continuous Revolution,최대연속회전수
Number of Stroke,행정수
Numerical Control Marking,수치제어마킹
Numerical Mould Method,수치현도법
Numerical Pennant,숫자기
O.G (Operation Guidance),운항지침
O.L (Operation Limitation),운항 제한
OA ( Office Automation),사무 자동화
OBO(Ore-Bulk-Oil Carrier),광살유(鑛撒油)겸용선
OCCASIONAL SURVEY,임시 검사
OCCUPATIONAL SAFETY HEALTH ADMINISTRATION,미국 안전공단 (컨테이너 하역과 관련)
OCIMF(Oil Companies' International Maritime Forum),석유회사 국제해사 평의회
OCR (Overcurrent Relay),과전류 계전기
OD(Outside Diameter),외경(外徑)
ODA,공적개발원조
ODME (Oil Discharge Monitoring Equipment),기름배출 감시장치
OECD (Organization for Economic Cooperation and Development),경재협력 개발기구
OECD DAC,개발원조위원회
OEM (Original Equipment Manufacturer),주문자 상표방식
OFE ( Owner Furnished Equipment),선주공급 장비
OFFICE AUTOMATION,사무 자동화
OFFICE FOR PRICE ADMINISTRATION,미국 가격행정청
OFFSHORE PROJECT,해양 사업
OGM,LRIT 운영관리주체
OIL CIRCUIT BREAKER,유입 차단기
OIL COMPANIES INTERNATIONAL MARINE FORUM,기름 회사 국제 해상 포럼(법정)
OIL TIGHT,유밀
OILING BARE,방청
OILING OILING,방청
ON HAND QUANTITY,보유 재고수량
ON LOAD TAP CHANGER,부하시 탭 전환장치
ON LOAD VOLTAGE REGULATOR,부하시 전압조정기
ON THE JOB TRAINING (OFF THE JOB TRAINING),작업을 통한 훈련 (사외 위탁교육)
OPEN CIRCUIT VOLTAGE,"변압기, 용접기의 무부하 전압"
OPERATING REGISTER,발진 레지스터
OPERATING SYSTEM,컴퓨터의 기본작동을 제어하는 최상위 운영 시스템
OPERATING TEST,작동 시험
OPS,육상전력공급장치
OPTICAL BISTABLE DEVICE,광 2 안정 소자
OPTICAL CHARACTER RECOGNITION,광학식 문자인식
OPTICAL FIBER TUBE,광 섬유관
OPTICAL MARK READER,광학식 마크 판독장치
OPTICAL REDIATION,광방사
OPTICAL TRANSFER FUNCTION,광학적 전달함수
OPTIMUM WORKING FREQUENCY,최적 주파수 사용
OPTOELECTRONICS INTEGRATED CIRCUIT,광전자 집적 회로
ORE. BULK OIL CARRIER,"광석,BULK, 기름등을 복합 운송 할 수 있는 COMBINED CARRIER의 일종"
ORGANIC PHOTOCONDUCTIVE CELL,유기 광도전체
ORGANIZATION FOR ECONOMIC COOPERATION AND DEVELOPMENT,경제 협력 개발기구
ORGANOMETALLIC COMPOUND CVD,유기 금속 CVD 법
ORIGINAL EQUIPMENT MANUFACTURING,주문자 상표 부착 생산자
ORIGINAL EQUIPMENT MANUFACTURING(ER),공급원(자) 기업명의 판매
OSPAR Convention,OSPAR 협약
OUT PUT TRANSFORMER,출력 변성기
OUTER DIAMETER,외경
OUTFITTING,의장
OUTPUT TRANSFORMERLESS,무변성 출력
OUTPUT TRUNK,출력 트렁크
OVER CURRENT,과전류
OVER CURRENT BREAKER,과전류 차단기
OVER CURRENT GROUND RELAY,과전류 접지 계전기
OVER CURRENT RELAY,과전류 계전기
OVER LOAD,과부하
OVER LOAD RELAY,과부하 계전기
OVER VOLTAGE RELAY,과전압 계전기
OVERHEAD POSITION,위보기 자세
OVERHEAD POSITION WELDING,상향자세 용접
OVERLOAD WEIGHTING,과부하측정장치
OVERLOAD WEIGHTING DEVICE,과부하측정장치
OXYGEN,"산소, 원자번호 8"
Oakum,오컴
Oar,노
Oar Lifeboat,노구명정
Obliged Vessel,의무선
Oblique section,경사 단면(傾斜斷面)
Observance of the due date,완료일 준수
Observation,관찰사항
Observation Error,관측 오차(觀測誤差)
Ocan Current,해류
Occasional Inspection,임시 검사(臨時檢査)
Occupancy requirement,최소장비 가동율
Ocean Going Sea,원양구역
Ocean Weather Ship,정점관측선
Odd Number / Even Number,홀수/짝수
Off-load release capability,무부하 이탈능력
Office Automation,사무 자동화
Officer,해기사
Official Sea Trial,공시운전(公試運轉)
Official Trial,공식시운전
Offsets,선체치수(船體値數)표
Offshore Landing Station,해상부두
Oil Absorption Mat,기름흡착 매트
Oil Brake,유압브레이크
Oil Burner,오일버너
Oil Circuit Breaker,유입 차단기
Oil Coaming,기름누설방지테두리
Oil Content Meter,유분농도계
Oil Dispersant Sprinkling Device,유처리제살포장치
Oil Fence,오일펜스
Oil Filling Connection,오일필링커넥션
Oil Filling Pipe,주유관
Oil Lubricated Stern Tube Bearing,기름윤활식 선미베어링
Oil Mist Detector,유증기 검출기
Oil Paint,유성페인트
Oil Recovery Equipment,기름 회수기
Oil Seal,오일 시일
Oil Sump,오일섬프
Oil Switch,오일스위치
Oil Tanker,유조선
Oil/Bulk Carrier,벌크유조선
Oiler,조기수
Oiltight Bulkhead,유밀 격벽(油密隔壁)
Oiltight Test,유밀시험
Oily Sludge Burning Auxiliary Boiler,폐유연소보조보일러
Oily Water Separator,유수(油水) 분리기
On Load Tap Changer,부하시 탭 전환장치
On Load Voltage Regulator,부하시 전압조정기
On-Board,선상(船上)，선내
On-Board Outfitting,선내 의장(船內艤裝)
On-Board Services,선상 공무지원
On-Board Test Procedure,선내시험 절차서
On-block Outfitting,블록의장(艤裝)
On-ceiling Outfitting,상부(천장부위) 의장
On-floor outfitting,지상의장(地上艤裝)
On-load release capability,부하 이탈능력
On-unit Outfitting,유니트 의장
Onboard Test,선내시험
One-Sided Welding,일면 용접(一面熔接)
Open Boat,무갑판선
Open Circuit Voltage,개회로 전압
Open Floor,조립 늑판(組立肋板)
Open Grating,격자모양 발판
Open Hawser,오픈로저
Open Roadstead,자유정박지
Open Space(Blue Sky) Fitting,개방상태 설치
Open Type Bearing,개방베어링
Operating Manual,작동 설명서
Operating Oil Pump,작동유펌프
Operating Oil Tank,작동유탱크
Operating Register,발진 레지스터
Operation Measure,운항 조치
Operation Process Chart,작업 공정도표
Operational Precaution,작동시 주의사항
Optical Bistable Device,광 2 안정 소자
Optical Character,광학식 문자인식
Optical Fiber Cable,광(光) 케이블
Optical Fiber Tube,광 섬유관
Optical Laser,광 레이져
Optical Log,옵티컬로그
Optical Mark Reader,광학식 마크 판독장치
Optical Sensor,광 센서
Optical Transfer Function,광학적 전달함수
Optical rediation,광방사
Optimization,최적화(最適化)
Optimum Design,최적 설계(最適設計)
Optimum Working Frequency,최적 주파수 사용
Optoelectronics Integrated,광전자 집적 회로
Ordinary Frame,일반 늑골(一般肋骨)
Ordinary Temperature,상온(常溫)
Ore Carrier,광석 운반선
Organic Photoconductive,유기 광도전체
Organometallic Compound,유기 금속 CVD 법
Orifice,오리피스
Original Equipment,주문자 상표 부착 생산자
Oscilloscope,오실로스코프
Otter Board,오터보드
Otter Trawler,오터트롤러
Out Put Transformer,출력 변성기
Outboard,선외측(船外側으로)
Outboard Discharge Pipe,선외배출관
Outboard Motor,선외기관
Outboard Profile,선체측면도
Outdoor Piping,옥외배관(屋外 配管)
Outer Hull,바깥선각
Outfit,배의)의장
Outfit Planning,의장작업 계획
Outfitting,의장
Outfitting Quay,의장 안벽
Outfitting Scheduling System,의장 일정계획체계
Outfitting Zone,의장 구획(艤裝區劃)
Outligger,아웃리거
Output,출력
Output Transformerless,무변성 출력
Output Trunk,출력 트렁크
Outreach,아웃리이치
Outside Assembly Site,옥외 조립장
Outside Cabin,외측선실
Outside Staging,바깥발판
Outstanding Item,미해결(未解決) 사항
Over Current,과전류
Over Current Ground Relay,과전류 접지 계전기
Over Current Relay,과전류 계전기
Over Load,과부하
Over Load Relay,과부하 계전기
Over Speed Limit,초과속도한계
Over Voltage Relay,과전압 계전기
Over current breaker,과전류 차단기
Overall Efficiency,종합 효율(綜合效率)
Overall Evaluation,종합 평가(綜合評價)
Overall Propulsive Efficiency,종합 추진 효율
Overboard Discharge,선외배출(船外排出)
Overcurrent Protection Device,과전류 보호장치
Overflow,넘치다
Overflow Pipe,넘칠관
Overflow System,넘침장치
Overhaul,분해 점검(分解點檢)
Overhaul Inspection,개방검사
Overhead (Position) Welding,위보기 용접
Overhead Cost,간접비(間接費)
Overhead Factors,간접비(間接費) 요소
Overhead Travelling Crane,천장주행 크레인
Overheating,과열(過熱)
Overlap,오우브 랩
Overload,과부하
Overload Operation,과부하(過負荷) 운전
Overload Output,과부하 출력
Overload Trip,과부하 트립
Overloading,과적
Overrboard Discharge Pipe,현외배출관
Oversize,과대촌법(過大寸法)
Overspeed Protection,과속도 보호
Overtime,잔업(殘業)
Overweight,중량초과(重量超過)
Owner's Approval Comment,도면승인시의 선주(船主) 코멘트
Owner's Inspector,선주검사관
Owner’s right to limit liability,선주 책임제한권
Oxidation,산화(酸化)
Oxidizing Flame,산화염
Oxy-Arc Cutting,산소 아크절단
Oxy-acetylene Welding,산소 아세틸렌 용접
Oxy-arc Cutting,산소아크절단
Oxy-hydrogen Welding,산소 수소용접
Oxydizing Flame,산화불꽃
Oxygen Gouging,산소홈파기
Oxygen Purity,산소 순도(酸素純度)
Oxyhydrogen Welding,산수소용접
Oxyoropane Cutting,산소프로판절단
P & I Club (Protection and Indemnity Club),선주책임 상호보험 조합
P & ID (Piping and Instrumentation Diagram),배관및 계장도면
P&I insurance (Protection & Indemnity insurance),선주상호보험
P-V (Pressure-Vacuum) Valve,압력/진공 밸브
P/B (Power Brushing),동력공구 사용 전처리
P/C (Product Carrier),정제유 운반선
P/N (Part Number),부품 번호(部品番號)
PA (Public Adress),선내 지령장치
PACKAGE BLASTING MACHINE,SET로 된 브라스팅기기
PANTING STRINGER,선수 / 선미 파도 대비 중재
PARAMETRIC ROLL,파라메트릭롤
PART NUMBER,부품번호(MSC:MATERIAL SPECIFICATION CODE와 동의어)
PART(S) PER MILLION,100만분의 1(미소함유량의 단위)
PART(S) PER MINUTE,분당 회전수(측정 단위)
PBS (Push Button Switch),누름 단추스위치
PCB ( Printed Circuit Board),인쇄 회로기판
PCC(Pure Car Carrier),자동차 전용운반선
PCG (Productivity Control Group),생산성 관리단위
PCS,항만 커뮤니티 시스템
PD (Power Distribution) Panel,동력배전반
PDCA,데밍사이클
PDCA (Plan-Do-Check-Act) Approach,계획/실시/점검/조치의 순환방식
PE : Pre Erection,프리 이렉션
PEAK INVERSE VOLTAGE,피크 역전압
PEEP HOLE [P.H],화염관찰구멍
PENETRATION,관통
PERFORMANCE(BANK)GUARA,이행보증
PERFORMANCE(BANK)GUARANTEE,이행보증
PERIODICALLY UNATTENDED MACHINERY SPACE,DNV(노르웨이 선급) 무인화등급
PERT (Program Evaluation and Review Technique),공정관리 기법
PETROCHEMICAL FACILITY PROJECT,화공설비사업
PFOS,과불화옥탄술폰산
PFSO,항만보안책임자
PHASE DIFFERENCE,위상차
PHASE MODULATION,위상 변조
PHASE SHIFT KEYING,위상 편이 방식
PHOTO-ELETRIC DEVICE,광전장치
PHOTOCONDUCTIVE EFFECT,광도전 효과
PHOTOELECTFIC EFFECT,광전효과
PHOTOEMIS-SIVE EFFECT,광전자 방출효과
PHOTOVOLTAIC CELL,광전지
PHOTOVOLTAIC EFFECT,광기전 효과
PI (Performance Index),성과지표
PI (pressure Indicator),압력 지시기
PIC (Press. Indicating Controller),압력지시 제어기
PICO FARAD,용량 단위
PIEZO EFFECT,피에조 효과
PILOT HOUSE,조타실
PIPE ISOMETRIC DRAWING,배관설치도
PIPING AND INSTRUMENT DIAGRAM,배관 계장 계통도
PITCH,피치
PLANED MACHINERY SURVEY,예방 정비 계획 검사
PLANT DESIGN CONTROL SYSTEM,일정관리
PLANT DESIGN GENERAL SYSTEM,문서관리
PLANT PRODUCTION INFORMATION SYSTEM,작업관리
PLATE,판
PLATFORM,프렛폼
PLC (Programmable Logic Controller),프로그램가능 (可能) 논리제어기
PM (Preventive Maintenance),예방보전
PM (Productive Maintenance),생산보전(生産保全)
PML (Pallet Material List),파레트 자재목록표
PMS (Power Management System),발전기 외적(外的) 제어 시스템
PND (Production Need Date),생산 소요일
PO(Purchase Order),자재 주문서
POINT FINAL INSPECTION,최종도장검사
POLAR CODE,극지 해역을 운항하는 선박에 대한 국제 코드
POLLUTER PAYS PRINCIPLE,공해 방지 설비에 대한 비용. 오염자 부담 원칙
POR (Purchase Order Request),자재주문 요구서
POROSITY,기공(작은 구멍)
PORTSIDE STARBOARDSIDE. AFT. FORE,좌현. 우현. 선미. 선수
POST,포스트
POST WELD HEAT,응력제거 후열처리
POST WELD HEAT TREATMENT,응력제거 후열처리
POTABLE WATER TANK,식수 탱크
POTENTIAL TRANSFORMER,계기용 변압기
POWER ACTUATED PRESSURE RELIEF VALVE,동력 구동 압력 이완 밸브
POWER BRUSHING,동력공구를 사용해서 소제를(철판) 실시하는것
POWER FACTOR,역률
POWER GENERATOR,발전기
POWER OF ATTORNEY,위임장
PPB(Parts per Billion),십억분의 일(1/10억)
PPM(Parts per Million),백만분의 일(1/100만)
PQR LIST OF AUTOMATIC,PROCEDURE QUALIFICATION RECORD 적용No.
PQR LIST OF MANUAL,PROCEDURE QUALIFICATION RECORD 적용No.
PRACTICAL SPREADING RATE,사용 적정량
PRECISION MEASURING EQUIPMENT,정밀측정장치
PRESSURE HEAD,수두
PRESSURE SWITCH,압력 스위치
PREVATE ACTION REQUIREMENT,예방조치요구서
PRF),항만수용시설
PRINTED CIRCUIT BOARD,프린트 배선 회로용 기판
PRISMATIC COEFFICIENT,주형계수
PRIVATE AUTOMATIC BRANCH EXCHANGE,구내 자동 교환기
PROBABILISTIC STABILITY,확률론적 복원성
PROCEDURE QUALIFICATION REQUIRE,시공인정 기록서
PROCEDURE QUALIFICATION TEST RECORD,용접법승인 시험 기록서
PROCESS FLOW DIAGRAM,제조공정계통도
PROCESSES AND PRODUCTION METHODS,공정 및 생산 방식
PRODUCT CARRIER,석유제품운송선
PRODUCT LIABILITY,제조품 책임
PRODUCTION NEED DATE,생산소요요구일
PROFESSIONAL CADAM,EWS에서 운용되는 CADAM 시스템
PROGRESSIVE FLOODING,점진적 침수
PROJECT,공사
PROJECT ENGINEER,프로젝트엔지니어
PROJECT MANAGEMENT,프로젝트관리
PROJECTOR AVAILABLE BALANCE,계획 재고수량
PROPELLER SHAFT SURVEY,프로펠라 축 검사
PROTECTION AND INDEMNITY CLUB,선주 책임상호보험조합
PROTECTIVE RATIO,보호비
PROTECTIVE RELAY,보호 계전기
PS (Postscript),추신(追伸)
PS(Pressure Switch),압력 스위치
PS-LTE,재난안전통신망
PSC,항만국통제
PSC (Port State Control),항만국(港灣國) 통제
PSC White List PSC Gray List PSC Black List,항만국통제 화이트리스트
PSCO,항만국통제관
PSI (Pounds per Square Inch),압력단위 ( 1psi =1/14.22kg/cm2)
PSMA,항만국 조치협정
PSPC,보호도장 성능 기준
PSSA,특별민감해역
PSW,항만싱글윈도우
PT (Press. Transmitter),압력 발신기
PT : Penetration (Liquid)Test,침투(액)탐상시험
PT : Penetration Test,피티
PT(Liquid Penetrant Test),침투 탐상시험
PT(Penetrant Test),액체침투탐상검사
PTO (Power-Take-Off),추진기관 동력분리 장치(動力分離裝置)
PULSATING CURRENT,맥동 전류
PULSE AMPLITUDE MODULATION,펄스 진폭 변조
PULSE CODE MODULATION,펄스 부호 변조
PULSE DURATION MODULATION,펄스 지속 변조
PULSE FREQUENCY MODULATION,펄스 주파수 변조
PULSE NUMBER MODULATION,펄스수 변조
PULSE PHASE MODULATION,펄스 위상 변조
PULSE TIME MODULATION,펄스 시간 변조
PULSE WIDTH MODULATION,펄스 폭 변조
PUMP ROOM,펌프실
PUNCH CARD SYSTEM,천공 카드 시스템
PURCHASE ODER,자재주문서
PURCHASE ORDER,자재구매요구서
PURCHASE ORDER QUANTITY,주문 수량
PURCHASE ORDER REQUISITION,자재구매요구서
PURCHASE ORDER SPECIFICATION,자재 발주 사양서
PURCHASE REQUEST,구매 요구
PURCHASE REQUISION QUANTITY,구매 요구수량
PURCHASE SPECIFICATION,계약 사양서
PURCHASING POWER PARITY,구매력의 평가
PURE CAR CARRIER,자동차운송전용선
PURE LOSS OF STABILITY,순수 복원성 상실
PURLIN,서까래도리
PWBS (Product Work Breakdown Structure),제품중심 작업 구분체계
PWT(Potable Water Tank),음용수 탱크
Packing Ring,패킹링
Packing Stick,패킹경화
Pad,겹판
Padding,살돋움
Paddle Steamer,외륜선
Padlock,자물쇄
Paint Dipping,침적도장(沈滴塗裝)
Paint Scraper,페인트긁개
Painter,페인터
Panama Canal Signal Light,파나마운하신호등
Panama Canal Tonnage,파나마운하톤수
Panama Chock,파나마촉
Panamax B/C,파나막스(7만톤 B/C)
Panel Fitting,패널공사
Panel Line,평(平) 블록 라인
Panel Vibration,패널진동
Panel Work,패널작업
Panting,팬팅
Panting Action,팬팅작용
Panting Arrangement,팬팅구조
Panting Stringer,팬팅종통재(縱通材)
Pantry,식기/식품 대기실
Parachute Signal,낙하산붙이 신호
Parallel Middle Body,선체중앙평행부
Parallel Middlebody,선체중앙 평행부
Parallel Running,병렬운전(竝列運轉)
Paravane,파라베인
Pareto Analysis,파레토 분석
Paris Agreement,파리협정
Parkerizing,파커라이징
Part A,A편(강제규정)
Part Assembly,소조립
Part B,B편(권고지침)
Partial Joint Penetration : PJP,부분용입
Partial Penetration,부분용입 용접
Participants,참석자
Partition Wall,칸막이 벽
Party,당사국
Pascal,파스칼 (압력단위) (1 kPa=0.0102kg/cm2)
Pass Sequence,패스순서
Passageway,통로(通路)
Passenger Liner,정기여객선
Passenger Ship,객선
Passenger Ship Safety Certificate,여객안전증서
Passenger in transit,통과 승객
Passenger-cargo Ship,화객선
Passivation,반도체 칩 표면에 보호막을 씌움
Past Experiance,과거 경험(過去經驗)
Patrol Boat,순시선
Patterner,목형공
Payback Period Method,자본회수 기간법
Peak Frame,피크늑골
Peak Inverse Voltage,피크 역전압
Peak Tank,피크탱크
Pearl Boat,진주채취선
Peel Off,박리(剝離)
Peening,피닝
Peening Hammer,피닝해머
Pending,미결(未決)，보류
Pendulum Impact Testing Machine,진자식충격시험기
Penetration,페네트레이션
Penetration Piece,관통(貫通) 피이스
Percussion Welding,방전 충격용접
Perforated Plate,구멍난 부재판
Performance Test,성능 시험(性能試驗)
Period of Pitching,피칭주기
Period of Validity,유효기간(有效期間)
Periodic Maintenance,정기 정비(定期整備)
Periodical Survey,정기 검사(定期檢査)
Peripheral Devices,주변 장치
Permanent Ballast,고정(固定) 발라스트
Permanent Means of Access (PMA),상설접근설비
Permeability,침수율
Permiability,투수율
Permissible Delay,허용(許容) 인도지연
Permissible Length,허용길이
Perpendicular,수 직(垂直)
Personal Allowance,생리 여유(生理餘裕)
Personnel Safety,인명 안전
Pertinent factors,관련 요소
Petty Officer,하사관
Phase Difference,위상차
Phase Modulation,위상 변조
Phase Shift Keying,위상 편이 방식
Photo Marking,광학마킹
Photo Sensor,광전(光電) 센서
Photoconductive effect,광도전 효과
Photoelectfic effect,광전효과
Photoemis-sive effect,광전자 방출효과
Photovoltaic cell,광전지
Photovoltaic effect,광기전 효과
Physical location,데이터 저장위치
Pick-up Sensor,픽업 센서
Pico Farad,용량 단위
Pier Mooring,안벽계류
Piezo Effect,피에조 효과
Piling Barge,파일링선
Pillar and Girder Construction Prufile,필러거더구조도
Pilot Ladder,파이로트 레다
Pin Connection Device,핀연결장치
Pin Jig Setting,핀지그 조정
Pinhole,핀 호올
Pinion,피니언
Pinion Shaft,피니언축
Pintle,핀틀
Pintle Cover,핀틀 카바
Pipe Band,파이프밴드
Pipe Bender,관곡기
Pipe Pulling Out Device,파이프인발장치
Pipe Pushing-down Device,케이싱파이프삽입장치
Pipe Scaffolding,파이프발판
Pipe Schedule (Pipe Sch.),파이프 호칭두께
Pipe Shop,파이프공장
Pipe Supporting Gear,파이프지지장치
Pipe Tensioner,파이프텐셔너
Pipe Thread,파이프나사
Pipe Wrench,파이프렌치
Piping Diagram,배관 계통도
Piping Work,배관공사
Piping and Instrument,배관 계장 계통도
Piracy,해적
Piston,피스톤
Piston Cooling Oil Pump,피스톤냉각유펌프
Piston Cooling Water Pump,피스톤냉각수펌프
Piston Displacement,피스톤행정체적
Piston Horn,피스톤혼
Piston Pump,피스턴 펌프
Piston Ring,피스톤링
Piston Ring Tensioning Tool,피스톤링착탈공구
Piston Rod,피스톤롯
Piston Seizing,피스톤용착
Piston Spring,피스톤스프링
Piston Valve,피스톤밸브
Pit,핏트
Pitch,피치
Pitch Circle,피치원
Pitch Gauge,피치게이지
Pitch Template,피치형판
Pitching,피칭
Pitchometer,피치계
Pitting,점식
Pitting Corrosion,점식(點蝕)
Pivot Bearing,피벗베어링
Plain Trolley,평트롤리
Plan Approval,도면 승인(圖面承認)
Plan Bracket,평면브래킷
Plan Sailing,평면항법
Plan Scarf,평면스카프
Plan View,평면(平面)보기
Planimeter,면적계
Planing Machine,평삭기계
Planned Maintenance system,계획 정비제도
Planning and Scheduling,계획및 세부일정계획 수립
Planomiller,평삭밀러
Plant Barge,플랜트바지
Plant Design Control,일정관리
Plant Design General System,문서관리
Plant Production,작업관리
Plasma Arc Cutting,플라스마 아크절단
Plasma Arc Process,플래즈머 아크 공법
Plastic Deformation,소성변형
Plate Keel,평판용골
Plate Stem,판선수재
Plate Straightning Roller,판펴기롤러
Platen,정 반
Platform,프렛폼
Platform Deck (P/F Dk),중간갑판(中間甲板)
Plating,도금
Pleasure Boat,유람선
Plenary,본회의
Plimsoll's Line,만재 흘수선
Plotter,플로터
Plowing,머리박기
Pltform Deck,플랫폼갑판
Plug Thread,플러그나사
Plug Weld,플러그 용접
Plug Welding,플러그 용접
Plumb Line,추선
Plumbing Fixture,배관취부품
Plummer Block Bearing,중간축 베어링
Plunger,플런저
Plunger Pump,플런저펌프
Plus Thread,살돋움나사
Pnel Breaker,패널브레이커
Pneumatic Motor,공기압(空氣壓) 모터
Pneumatic Plant,압축공기설비
Pneumatic Tube Fire Alarm System,공기관식 화재경보장치
Pnumatic Riveter,공기 리베터
Poke Welding,손누름점용접
Poker-Type Gauge,포우커 게이지
Polarity,극성(極性)
Polluter Pays Principle (PPP),오염자부담원칙
Polyethylene Coating,폴리에틸렌 코팅
Polyurethane,폴리우레탄
Pontoon Bridge,부교
Pontoon Type Hatch Cover,폰툰해치커버
Pool fire,액체 표면 화재
Poop,선미루
Poop Deck,선미루(船尾樓) 갑판
Poppet Pressure,포핏압력
Poppet 【,항해】침목(枕木)(진수(進水)할때배밑을받치는
Porosity,기공(氣孔)
Porpoising,포포이징
Port,좌현
Port Facility Security Officer (PFSO),항만시설 보안책임자
Port Facility Security Plan (PFSP),항만시설 보안계획서
Port Hand Buoy,좌현부표
Port State,항만국
Port of Destination,행선항
Port of Discharge,양륙항
Port of Distress,피난항
Port of Entry,통관항
Port of Loading,적재항
Port of Registry,선적항
Port-MIS,항만운영정보시스템
Portable Dredger,조립식준설선
Portable Explosion Meter,휴대용가스탐지기
Portable Fire Extinguisher,휴대식소화기
Portable Tank,소형(少形)탱크
Portable Type,휴대식(携帶式)
Portable Type Magnetic Compass,휴대식자기컴퍼스
Portal Crane,문형(門形) 크레인
Position Measuring Device,선위측정장치
Post Heating,후열 처리(後熱處理)
Post-Panamax,포스트 파나막스
Post-Weld Stress Relieving,용접응력 제거
Post-heating,포스트히팅
Potable Water Tank,식수(食水) 탱크
Potential Hazard,잠재적(潛在的) 위험
Potential Transformer,계기용 변압기
Potentiometer,전위차계(電位差計)
Pounding,파운딩
Pour Point,유동점(流動點)
Powder Metallurgy,분말 야금(粉末冶金)
Power Actuated Pressure,동력 구동 압력 이완 밸브
Power Factor,역률
Power House,동력실
Power Panel,동력반(動力盤)
Power Plant,동력장치
Power Pump,동력펌프
Pre-Contract Negotiation,계약전(契約前) 협의
Pre-Erection (P.E),선행탑재(先行搭載)
Pre-Erection Outfitting PE,의장(艤裝)
Pre-Sighting,선행 축심투시
Pre-Trial Conference,시운전 관련회의
Pre-bending Pipe,선곡(先曲) 관제작
Pre-heating,프리히팅
Pre-springing,탄성역변형
Precautions in Use,사용상 주의사항
Precise Echo Sounder,정밀측심기
Precise Ship Posiyion Measuring,정밀선위측정장치
Precision Measuring Equipment,정밀계측 기기
Prefabricated Section,선행제작 부재
Prefabricated Unit,선행제작 유니트
Preferential Trip,선택적(選擇的) 정지
Preheating,예 열(豫熱)
Preheating Flame,예열불꽃
Preliminary Design,초기설계(初期設計)
Preliminary Planning,초기계획(初期計劃)
Preliminary Trial,예행시운전
Premature Wear,조기 마모(早期磨耗)
Preoutfitting,선행 의장(先行艤裝)
Preservation Design,방식설계(防蝕設計)
Press-to-talk System,프레스투토크방식
Pressure Controller,압력 조절기
Pressure Gauge,압력계
Pressure Head,압력수두
Pressure Log,압력로그
Pressure Regulator,압력 조절기
Pressure Strength,압축강도
Pressure Tank,압력 탱크
Pressure Test,압력시험
Prevate Action Requirement,예방조치요구서
Prevent Reoccurance,재발 방지(再發防止)
Prevention of Pollution,오염방지(汚染防止)
Prime Mover,원동기(原動機)
Primer,그림벽 등의)애벌칠 재료
Principal Particulars,주요항목
Principal Stress,주응력
Principal factors,주요 요소(主要要所)
Principle of the exclusivity of the flag State,기국주의
Printed Circuit Board,프린트 배선 회로용 기판
Priority,우선순위
Priority Action Item,우선조치 사항
Prismatic Coefficient,주형계수
Private Automatic Branch,구내 자동 교환기
Prize,나포선
Problem Areas,문제 분야(問題分野)
Problem-solving Team,문제해결(問題解決)팀
Procedure Qualification,시공인정 기록서
Process Analysis,공정 분석(工程分析)
Process Chart,공정 도표(工程圖表)
Process Control,공정 관리(工程管理)
Process Flow,공정 흐름
Process Lane,프로세스 레인
Process Planning,공정 계획(工程計劃)
Procurement Information,구매 정보(購賣情報)
Procurement Lead Time,조달기간(調達期間)
Producibility,생산 용이성(容易性)
Product Carrier,석유제품운반선
Product Mixing,혼류(混流) 생산방식
Production Control,생산 관리(生産管理)
Production Drawing,생산도면
Production Engineering,생산 기술(生産技術)
Production Flow Analysis,생산흐름 분석
Production Planning,생산 계획(生産計劃)
Production Technology,생산기술(生産技術)
Productive Time,생산 시간
Productivity Improvement,생산성 향상
Productivity Parameter,생산성지표
Profile Cutting,형강재(型鋼材) 절단
Progressive Speed Trials,점증(漸增)속력시운전
Projecrion Weld,돌기용접
Project Completion Report,프로젝트완료 보고서
Project Underway,진행중인 프로젝트
Project for the Future,향후 프로젝트
Projection,투영
Projection Welding,프로젝션 용접
Projector,투광기
Projector Compass,프로젝터컴퍼스
Prominade Deck,산책갑판
Proof Mark,검인
Propeller Blade,프로펠러날개
Propeller Blade Root,프로펠러날개뿌리
Propeller Blade Section,프로펠러날개단면
Propeller Blade Thickness,프로펠러날개두께
Propeller Blade Tip,프로펠러날개끝
Propeller Blade Width,프로펠러날개폭
Propeller Boss Casting,프로펠라 보스측(側) 주물부
Propeller Clearance,프로펠러여유공간
Propeller Diameter,프로펠러지름
Propeller Disc Area,프로펠러전원넓이
Propeller Efficiency,프로펠라 효율
Propeller Experiment in Open Water,프로펠러단독시험
Propeller Induced Exciting Foece,프로펠러기진력
Propeller Leading Edge,프로펠러앞날
Propeller Nut,프로펠러너트
Propeller Removing Device,프로펠러방출장치
Propeller Shaft Bearing,프로펠러축 베어링
Propeller Shaft Withdrawal Device,프로펠러축 발출장치
Propeller Thrust,프로펠러추력
Propeller Tip Clearance,프로펠러팁클리어런스
Propeller-hull Vortex Cavitation,프로펠러-선체소용돌이캐비테이션
Propepeller Warning Signal Light,프로펠러주의등
Proportional Action,비례동작(比例動作)
Propulsion,추진
Propulsion Auxiliary Machinery,추진보기
Propulsive Efficiency,추진 효율(推進效率)
Prospects for the Future,향후 전망(向後展望)
Protection Cover,승선자보호커버
Protection Zinc,보호 아연(保護亞鉛)
Protective Coatings,보호피막
Protective Cover,보호 카바
Protective Deck,방어갑판
Protective Ratio,보호비
Protective Relay,보호 계전기
Protocol,의정서
Proton Magnetometer,프로톤자력계
Prototype,원형(原型)
Prototyping,프로토타이핑
Provision Crane,프로비젼 크레인
Provision Store,식량창고
Provision(Prov.) Store,식량창고(食糧倉庫)
Provisional Classification Certificate,임시(臨時) 선급증서
Proximity Switch,근접(近接) 스위치
Public Space,공공 장소
Public authorities,공공기관
Pull the Precut Cable,케이블 포설(선행절단된)
Pulley,풀리
Pulsating Current,맥동 전류
Pulse Amplitude Modulation,펄스 진폭 변조
Pulse Code Modulation,펄스 부호 변조
Pulse Duration Modulation,펄스 지속 변조
Pulse Frequency,펄스 주파수 변조
Pulse Number Modulation,펄스수 변조
Pulse Phase Modulation,펄스 위상 변조
Pulse Time Modulation,펄스 시간 변조
Pulse Width Modulation,펄스 폭 변조
Pulsed Arc Welding,펄스 아크용접
Pump,펌프
Pump-jet,펌프제트
Punch,펀치
Punch Card System,천공 카드 시스템
Punching Machine,펀칭머신
Punkah Louver,펀카 루우브르
Punkah-louvre,펑커루버
Purchase Specification,계약 사양서
Purchased Products,구매품(購賣品)
Purifier,청정기(淸淨機)
Purifier Fuel Oil Heater,청정기연료유가열기
Purifier Lubricating Oil Heater,청정기윤활유가열기
Purifier Room,기름청정기실
Purser,사무장
Putty Pump,퍼티펌프
Pyrometer,고온 온도계
QA(Quality Assurance),품질보증(고객중심)
QC(Quality Control),품질관리(기업중심)
QCV (Quick Closing Valve),신속차단 밸브
QISSP (Quality and Inspection Standards for Ships Painting),선체도장 품질및 검사 기준
QM(Quality Management),품질경영
QUADRATURE AMPLITUDE MODULATION,직교 진폭 변조
QUALIFIED WELDER LIST,유자격용접사명단
QUALITY ASSURANCE,품질보증
QUALITY ASSURANCE MANUAL,품질보증규정
QUALITY ASSURANCE PROCEDURE,품질보증절차서절차로구성되어있
QUALITY ASSURANCE SYSTEM,품질 보증 시스템
QUALITY CONTROL,품질관리
QUALITY MANAGEMENT,품질경영
QUANTITY,수량
QUANTITY OF LIGHT,광량
QUANTUM ELECTRO DYNAMICS,양자 전자기학
Quadrature Amplitude,직교 진폭 변조
Qualification Test,자격 시험(資格試驗)
Qualified Products List,인정품목표
Qualitative risk assessment,정성적 위험성 평가
Quality Assurance Certificate,품질보증 인증서
Quality Assurance System,품질 보증 시스템
Quality Circle,품질관리 분임조
Quality Control,품질관리(品質管理)
Quality Control and Inspection of,품질관리 및 검사
Quality Deficiency Report,품질결함 보고서
Quality Evaluation,품질평가(品質評價)
Quality Standard,품질기준(品質基準)
Quantitative risk assessment (QRA),정량적 위험성 평가
Quantity (Q'ty),수량(數量)
Quantity of light,광량
Quantum Electro Dynamics,양자 전자기학
Quarantine Light,검역등
Quarantine Port,검역항
Quarter Deck,선미갑판
Quartermaster,조타수
Quay Crane,안벽크레인
Quenched Steel,담금강
Quenching,담금질
Quotation,견적(見積)
Qusrantine Boat,검역선
R & D (Research and Development),연구 개발(硏究開發)
RADAR : Radio Detecting and Ranging,레이더
RADIO DIRECTION FINDER,무선 방위 측정기
RADIO FREQUENCY,무선 주파수
RADIO INFLUENCE FIELD,무선 유도계
RADIO MAGNETIC INDICATOR,무선 자기 방위 지시장치
RADIOGRAPH TEST,방사선투과검사
RADIOGRAPHIC TEST,방사선투과검사
RB (Round Bar),원형봉
RCC,구조조정본부
RDF (Radio Direction Finder),무선방향 탐지기
RE-QUALIFICATION TEST,재자격 시험
REACTIVE CURRENT,무효 전류
REACTIVE POWER,무효 전력
REACTOR START MOTOR,리액터 시동 전동기
REAL ACTIVITY NUMBER,생산단위별 생산일정에 소요자재를 연결시키기 위한 수단
REAL TIME CONTROL FACILITY,실시간 처리기능
RECEIVING INSPECTION,입고검사체크리스트
RECEIVING INSPECTION CHECK LIST,입고검사체크리스트
RECEIVING QUANTITY,입고 수량
RECORD OF WELDER,용접사자격인정기록서
RECORD OF WELDER QUALIFICATION,용접사자격인정기록서
RECORDER,기록계
REDUCED LUMEN OUTPUT,감광
REDUCTION GEAR,감속 기어
REDUCTION OF AREA,단면 수축율
REEFER CONTAINER MONITORING SYSTEM,냉동 컨테이너 감시장치
REFERENCE,참조
REFUSE DERIVED FUEL,폐기물재생연료
REGENERATIVE BRAKING,회생 제동
REGISTER OF ITALIANO,이탈리아 선급협회
REGISTERED,공인전문기술자
REGISTERED PROFESSIONAL ENGINEER,공인전문기술자
RELATIVE HUMIDITY,상대 습도
RELAY,계전기
RELIEF VALVE,릴리프 밸브
RELUCTANCE,자기 저항
REMOTE TERMINAL UNIT,원격 조정반
REMPEC,지중해 지역 해양오염 비상대책센터
REORDER LEVEL QUANTITY,재발주점 수량
REQUEST DELIVERY DATE,인도(입고) 요구 일자
REQUEST TO SEND,송신 요구
RESEARCH AND DEVELOPMENT,연구 및 개발
RESISTANCE BULB,구저항으로 온도에 따라 저항치가 변함
RESISTOR CONDENSER TRANSISTOR LOGIC,저항 콘덴서 트랜지스터
RESISTOR TRANSISTOR LOGIC,저항 트랜지스터 논리회로
REVISION,개정
REVOLUTION PER MIN,회전속도 슬립 ( 전동기 )
REVOLUTION PER MINUTE,분당 회전수(측정 단위)
RINA(Registro Italiano Navale),이탈리아 선급(船級)
RIPPLE CURRENT MOTOR,맥동 전동기
RIPPLE FACTOR,맥동율
RO,대행기관
RO/RO (Roll-On/Roll-Off) Ship,로로 선(船)
ROI (Return on Invest),투자회수율
ROOM,방
ROOT MEAN SQUARE VALUE,실효값
ROOT MEANS SQUARE,RMS (교류의 정격 출력 계산 방법)
ROTATING FIELD,회전 자계
ROTOR,회전자
ROUND BAR,"둥근막대기 , 환봉 ."
ROUND WELDING,돌림 용접
ROV (Remotely Operated Vehicle),무인잠수정
RPB (Remote Start/Stop Push Button),원격시동／정지(停止) 스위치
RPM (Revolutions per Minute),분당(分當) 회전수
RPM : Revolution per Minute,분당회전수
RR,무선통신규칙
RROOT-MEAN-SQUARE,평균값
RS (Russia Register of Shipping),러시아 선급(船級)
RT (Radiographic test),방사선 투과검사
RT : Radiographic Test,방사선투과시험
RUSSIA REGISTER OF SHIPPING,러시아 선급협회
Rabbet,래빗
Rachet Wrench,래치트 렌치
Racing,공전
Rack,래크
Radar Mast,레이더 마스트
Radial Boat Davit,레이디얼보트대빗
Radial Drilling Machine,레이디얼드릴링머신
Radiator,방열기
Radio Activity Fire Extinguishing System,방사선화재방지장치
Radio Beacon Station,무선표시국
Radio Detection Finder Station,무선방위탐지국
Radio Direction Finder,무선 방위 측정기
Radio Frequency,무선 주파수
Radio Influence Field,무선 유도계
Radio Log,무선일지
Radio Magnetic Indicator,무선 자기 방위 지시장치
Radio Room,무선실(無線室)
Radio Wave System,속력계측 전자장비
Radiograhp,방사선사진
Radiography,방사선 사진법
Radius End (Rad. End),반경 끝단
Radius of Action,행동반경
Radius of Curvature,곡율반경(曲率半徑)
Radom,레이돔
Rail Gate,레일중간의 문(門)
Rain and Snow Clutter,눈비클러터
Raised Deck,융기갑판
Raised Quarter Deck,저선미루갑판
Raked Stem,경사 선수(傾斜船首)
Ram,램
Ram Bow,램선수
Ram Type Steering Gear,램타입 조타장치
Range of Tide,조석차
Rat Guard,쥐막이
Rate of Return on Investment,투자이익률 법
Rated Current,정격 전류(定格電流)
Rated Output,정격출력
Rated Pressure,정격압력(定格壓力)
Ratification,비준
Rating,부원
Raw Material,원자재(原資材)
Raychem,레이캠
Re-Coating Interval,재도장 (시간)간격
Re-Qualification Test,재자격 시험
Reach-rod,리치 로드
Reaction Rudder,반동타
Reaction Turbine,반동(反動) 터어빈
Reactive Current,무효 전류
Reactive Power,무효 전력
Reactor,원자로
Reactor Start Motor,리액터 시동 전동기
Real Time Control Facility,실시간 처리기능
Reamer Bolt,리머볼트
Receiving Inspection,입고 검사(入庫檢査)
Reception facilities,수용시설
Reciprocating Engine,왕복동(往復動) 기관
Recklessly,무모한 행위(무모하게)
Reclaimer Barge,리클레이머선
Recorder,기록계
Recoverde Oil Storage Container,회수기름저장컨테이너
Red Lead,광명단
Red Light,홍등
Red Side Light,좌현등
Reduced Work in High Places,고소작업 감소
Reduced lumen output,감광
Reducer,리듀서
Reducing Flame,환원염
Reducing Valve,감압 (減壓)밸브
Reduction Gear,감속 기어
Redundancy,여분(餘分)
Reefer Container Monitoring System,냉동(冷凍) 컨테이너 감시 장치
Reefer Vessel,냉동 운반선
Referance Ship,참고선
Reference (ref.),참조(參照)
Reference Plane,기준면(基準面)
Reference Point,기준점(基準點)
Reference drawing,참고도면(參考圖面)
Reflagging,선적국(船籍國) 변경
Refractory material,내화재(耐火材)
Refrigerant,냉매(冷媒)
Refrigerated Cargo Carrier,냉동(냉장)운반선
Refrigerated Cargo Vessel,냉동 화물선
Refrigerating Container Ship,냉동컨테이너선
Refrigerating oil,냉동유(冷凍油)
Refuse Collection,쓰레기 수집
Refuse Furnace,쓰레기 소각로
Regenerative Braking,회생 제동
Regenerative Cycle,재생사이클
Regional Action Plan on Marine Litter (RAP MALI),해양 쓰레기 지역실천계획
Regional Fisheries Management Organization (RFMO),지역수산관리기구
Register Tonnage,등록톤수
Registration,등록
Registration of ships,선박등록
Regular Time,정규시간 근무
Regulation,규정(規定)
Regulator,조절기
Regulatory Scoping Exercise (RSE),규정 적용 범위 분류작업
Rehardening Filter,경수화장치겸 여과기
Reinforced Structure,보강구조
Reinforcement,보강(補强)
Relative Emergence,상대건현
Relative Humidity,상대습도(相對濕度)
Relative Speed,상대속력
Relative Wind Velocity,상대풍속
Relay,계전기
Release Existing Seam Weld,기존용접부 절개
Reliability,신뢰성
Relief Valve,도출(逃出) 밸브
Relief valve,릴리프 밸브
Reluctance,자기 저항
Remidial Action,수정조치(修正措置)
Remnant Control,잉여재(剩餘材) 관리
Remote Control,원격 제어(遠隔制御)
Remote Control System Operation Test,원격조종장치 작동시험
Remote Indication,원격지시(遠隔指示)
Remote Operated Valve,원격조정 밸브
Remote Operator,원격운항자
Remote Terminal Unit,원격 조정반
Remotely Controlled System,원격제어시스템
Renewal of Piping,배관 신환(配管新換)
Renovation,개장(改裝)
Reorder Point,재주문점(再注文點)
Repair Dock,수리독
Repair Welding,보수 용접(補修熔接)
Repair of Defect,결함(缺陷)의 수리
Repatriation of seafarers,선원의 송환
Repetitive Aspects,반복 측면(反復側面)
Replacement Parts,대체 부품(代替部品)
Representative Concentration Pathway (RCP),대표농도경로
Request To Send,송신 요구
Required EEDI,EEDI 허용값
Rescue Boat,구조정
Rescue Ladder,구조용사다리
Rescue boat,구조정
Research Vessel,해양 관측선
Reservation,유보
Residual Stress,잔류응력(殘留應力)
Residuary Resistance,잉여저항
Resiliant Mount,탄성지지
Resilient Mounting,탄성설치(彈性設置)
Resin Chock,장비seat용 수지
Resistance Brazing,저항납땜
Resistance Test,저항시험
Resistance Welding,저항용접
Resistor Condenser,저항 콘덴서 트랜지스터
Resistor Transistor Logic,저항 트랜지스터 논리회로
Resolution,결의서
Resonance,공징
Resonance Vibration,공진(共振)
Resource Allocation,자원분배(資源分配)
Resource mobilization and partnerships,자원 마련 및 협력
Response,응답
Responsibility and Authority,책임과 권한
Restoring Force,복원력
Restoring or Righting Moment,복원모먼트
Restrected Water,제한수로
Restricted Maneuver Light,조종성능제한선등
Resultant Force,합력
Retest,재시험(再試驗)
Return Bend,리턴벤드
Reusable,재사용(再使用) 가능
Revenue Cutter,세관감시선
Reverse,역전
Reverse Buoyancy,예비부력
Reverse Frame,부늑골
Reverse Power Relay,역전력 계전기
Reverse Spiral Maneuvering Test,역나선형조종시험
Reversed Polarity,역극성
Reverser,리버서
Reversibility,가역성
Reversible Engine,역전기관
Reversing Clutch,역전클러치
Reversing Gear,역전장치
Reversing Test,역전시험
Review Group,검토그룹
Review of Drawing,도면 검토(圖面檢討)
Revised Budget,수정 예산(修正豫算)
Revised IMO GHG Strategy,개정 전략
Revolution Counter,적산회전계
Revolution Telegraph,회전수텔레그래프
Revolution per min,회전속도 슬립 ( 전동기 )
Rework,재작업(再作業)
Rheostat,가감 저항기
Rider Keelson,라이더부용골
Rider Plate,라이더 판
Rigger,줄매기공
Rigging Fittings,리깅용 부속품
Rigging Plan,줄매기장치도
Rigging Screw,리깅스크루
Right Handed Propeller,우회전프로펠러
Rigid Liferaft,고형구명뗏목
Rimmed Steel,림드강
Ripple Current Motor,맥동 전동기
Ripple Factor,맥동율
Rise of Floor,선저 구배(船底勾配)
Risk,위험도
Risk Assessment,위험성 평가
Risk Management,위험도 관리
Risk-based Approaches (RBA),위험도 기반 접근법
River Gunboat,하천포함
Riveterer,리벳공
Ro-Ro Passenger ship,로로 여객선
Ro-ro space,로로구역
Ro/Ro : Roll-on / Roll-off System,롤온/론오프 방식
Rock Breaking Weight,쇄암용 중추
Rock Cutter,쇄암선
Rock Drilling Barge,착암선
Rocket Signal,로켓신호
Rocking Bar,로킹바
Roll,압연
Rolled Steel,압연강(壓延鋼)
Roller,롤러
Roller Bend Test,롤러 굽힘시험
Roller Launching,롤러진수
Roller Path,롤러통로
Roller-spot Welding,롤러 점용접
Rolling,횡동요(橫動搖)
Root Bend Specimen,루트 굽힘시험편
Root Cavitation,뿌리캐비테이션
Root Face,루트면
Root Gap,루트 간격
Root Mean Square value,실효값
Root Pass,초층용접(初層熔摺)
Root Valve,루트 밸브
Root cause analysis,근본 원인 분석
Root of Joint,이음의 루트
Root of Weld,용접부의 루트
Rootbend Test,뒷면굽힘시험
Rope Cutter,로프커터
Rope Fender,로프방현재
Rope Guard,로프 가아드
Rope Handling,줄매기
Rope Hatch,로프해치
Rose Box,로우즈 박스
Rotary Air Pump,회전공기펌프
Rotary Engine,회전식기관
Rotary Pump,회전식펌프
Rotary Valve,회전식밸브
Rotary Vane Type Steering Gear,회전베인형 조타기
Rotary-drum Regenerator,회전드럼열교환기
Rotating Field,회전 자계
Rotating Type Warning Signal Light,회전식경계신호등
Rotor,회전자
Rough-turn Inspection,초벌검사
Roughness Resistance,거칠기저항
Round Bar,환봉(丸棒)
Round Bar Grating,환강격자
Round Stern,원형선미
Route,항로
Routine Inspection,일상 점검(日常點檢)
Routine Maintenance,일상 보전
Routing,순서계획(順序計劃)
Rowlock,노걸이
Rroot-mean-square,평균값
Rubber Coating,러버(고무) 코팅
Rubbish Shoot,쓰레기버림통
Rudder Adjustment,타각조정
Rudder Angle Indicator,타각(舵角)지시기
Rudder Area,타면적
Rudder Carrier,키캐리어
Rudder Coupling(Horizontal),타커플링(수평형)
Rudder Coupling(Vertical),타커플링(수직형)
Rudder Frame,타뼈대
Rudder Gudgeon,터거젼
Rudder Head,타머리
Rudder Hinge,타돌쩌귀
Rudder Horn,러더혼
Rudder Penant Chain,응급타체인
Rudder Quardravt,키쿼드런트
Rudder Stock,타두재(舵頭材)
Rudder Stopper,타멈추개
Rudder Tiller,타자루
Rudder Trunk,러더트렁크
Rules of Procedure,의사규칙
Rules of Thumb,경험에 의한 상식
Run About,런어바우트
Run Away,폭주
Run-Out Time,재고 소진(消盡)기간
Rung,사다리의 단(段)
Running Repair,해상수리
Running Stock,운용 재고(運用在庫)
Running-In,길들임 운전(運轉)
Running-in Trial,길들이기 조정운전
Rust-proof Oil,방청유
S-100,범용 표준 수로 정보
S-Mode,선박 항해 설비 표준화 모드
SAE (Society of Automotive Engineers),미국자동차 공업협회
SAFE WORKING LOAD,안전작동 부하
SAFETY CONSTRUCTION,안전 구조
SAFETY EQUIPMENT,안전 장비
SAFETY RADIO,선박 안전 무선설비
SAFETY RELIEF VALVE,안전 이완 밸브
SAFETY VALVE,안전변
SALIENT POLE FIELD,돌극 계자
SALIENT POLE MACHINE,돌극기
SAND BLASTING,모래를 사용해서 철판을 세정하는 것
SAR,수색구조
SART,수색 구조용 트랜스폰더
SATCOM (Satellite Communication),위성통신(衛星通信)
SAW(Submerged Arc Welding),서브머지드 아크용접 (잠호용접)
SBG (See Berufasgenossenshaft),독일 선박안전사항 검사기관
SC (Cargo Ship Safety Construction Certificate),안전구조증서
SC (Steel Casting),주강(鑄鋼)
SCA (Shipbuilders Council of America),미국조선업협회
SCANNING ELECTRON MICROSCOPE,전자 현미경
SCHDULE,계획
SCHEDULE,스케줄
SCR (Silicon Controlled Rectifier),실리콘제어 정류기
SCSL(Suez Canal Search Light),스에즈운하 탐조등
SCV,소규모 상업선박
SD (Strategic Direction),전략 방향
SDNR (Screw Down Non-Return) Valve,나사식 역지(逆止)밸브
SE (Cargo Ship Safety Equipment Certificate),안전설비증서
SEA ACCEPTANCE TRIAL,인도 시운전
SEA CHEST,해수 흡입 상자
SEA FASTENING,해상고박
SEA TRIAL,시운전
SEA WATER,해수
SEAMLESS BEARING STEEL TUBE,베어링용 무단목 강관
SEAMLESS STEEL OIL WELL CASING / TUBING AND DRILL PIPE,유정용 무단목 강관
SEAMLESS STEEL TUBES FOR HIGH PRESSURE GAS CYLINDER,고압가스 용기용 무단 목강관
SECONDARY ELECTRON CONDUCTION,전자 도전작용 (2 차 )
SECTION,단면
SEE-BEUFS GENOSSENSCHAFT,독일 항만청
SEGREGATED BALLAST TANK,해상오염 유해물질만을 항해중에 전용으로 보관하기 위한 탱크
SELF INSPECTION,자주검사
SELF POLISHING COPOLYMER,자체 마모용 도료(외판)
SELF SUPPORTING CABLE,자기지지형 가공 케이블
SEMI-DRYER ABSORBER,반건식세정기
SEMICONDUCTOR ON INSULATOR,절연 기판상의 반도체
SENSITIVENESS,감도
SENSITIVITY,감도계수
SENSITIVITY TIME CONTROL,감도의 시간 조정
SEPARATELY EXCITED GENERATOR,타려 발전기
SEPARATELY EXCITED MOTOR,타려 전동기
SES (Surface Effect Ship),표면효과(表面效果)선
SES : Ship Earth Station,선박지구국
SGP( Steel Gas Pipe),배관용 탄소강관
SHAFT HORSE POWER,축마력
SHELL TYPE PHASE TRANSFORMER,외철형 변압기
SHIELDED METAL ARC WELDING,피복아크 용접
SHIP CONTROL CONSOLE,조타실 제어 콘솔
SHIP INFORMATION BOOK,함운용 지침서
SHIPBUILDERS COUNCIL OF AMERICA,1920년에 창립된 미국조선 공업협회
SHIPPING ORDER,선적 지시서
SHP (Shaft Horse Power),축마력(軸馬力)
SHUNT GENERATOR,분권 발전기
SHUNT MOTOR,분권 전동기
SHaPoLi,축출력 제한
SIBERIA LAND BRIDGE SERVICE,극도에서 시베리아 대륙을 경유. 유럽지역으로 수송하는 해륙 복합수송 형태
SIGMA Welding,시그마용접
SILICON CARBIDE,탄화 규소
SILICON CONTROLLED RECTIFIER,실리콘 제어 정류기
SILICON CONTROLLED SWITCH,실리콘 제어 스위치
"SILICON INTENSIFIER TARGET TUBE, STATIC",정전유도형 트랜지스터
SILICON STEEL PLATE,규소강판
SINE WAVE,정현파
SINGLE POLE SINGLE THROW,단극 단투 개폐기
SINGLEPHASE INDUCTION MOTOR,단상 유도 전동기
SINGLEPHASE TRANSFORMER,단상 변압기
SIP,전략이행계획
SIS (Svensk Standard),스웨덴 공업규격
SLWL (Summer Load Water Line),하기만재 흘수선
SMALL COMPUTER SYSTEM INTERFACE,컴퓨터 주변장치 접속장치의 일종
SMALL WATERPLANE AREA TWIN HULL,소 수면선 쌍동선
SMAW (Shielded Metal Arc Welding),피복 아크용접
SMC,고위관리위원회
SMLS (Seamless) Pipe,이음새없는 관
SMS,안전관리체계
SNAME (The Society of Naval Architects and Marine Engineers),미국 조선(造船)및 해양 기술자 협회
SNMA (Swedish National Maritime Administration),스웨덴 해운국
SOC (Social Overhead Capital),사회간접자본
SOCIAL OVERHEAD CAPITAL,사회 간접 자본
SOCIETY OF AUTOMOTIVE ENGINEERS,미국 자동차 공학 협회
SOCIETY OF NAVAL ARCHITECTS & MARINE ENGINEERS,조선해양기사협회(미국)
SOIL PIPE,오물 배수관
SOLAS,국제해상인명안전협약
SOLAS (Safety of Life at Sea) Convention,해상인명안전협약
SOLID VOLUME RATIO(%),고형분 비율
SONAR (Sound Navigation and Ranging),음탐 장치(音探裝置)
SOUND NAVIGATION AND RANGING,음탐 장치
SOUNDING,탱크의 깊이를 잼
SOURCE INSPECTION,현지검사
SP (Strategic Plan),전략계획
SPC (Self Polishing Copolymer),자체마모형 도료
SPECIAL SURVEY,정기 검사
SPECIFICATION,사양서
SPECTRUM,스펙트럼 [ 방사의 ]
SPECULAR REFLECTION,경면 반사
"SPHERE PHOTOMETER,INTEGRATING",구형광속계
SPM (Single Point Mooring),일점 부이계류
SPRAYING VISCOSITY,흡착점도
SPREAD SOLAR POWER GENERATOR,위성 태양 발전
SPS Agreement,식품위생 및 안전성 확보와 직접 관련된 협정문
SPS CODE,특수선박 코드
SQC (Statistical Quality Control),통계적 품질관리
SR (Cargo Ship Safety Radiotelegraphy Certificate),안전무선통신증서
SSB (Single-Side -Band),단측파대 통신방식
SSPC (Steel Structure Painting Council),철강구조물도장(塗裝) 협의회
STABILITY,복원성
STACKED AVALANCHE INJECTION MOS,사모스
STAGE OF FLOODING,침수상태
STAINLESS STEEL,스테인레스강 (JIS 규격 기호임)
STAINLESS STEEL BOILER AND HEAT EXCHANGER TUBES,보일러 열교환기용 스텐레스 강관
STAINLESS STEEL PIPES,배관용 스텐레스강 강관
STANDARD DRAWING,표준도
STANDARD SIGNAL GENERATOR,표준신호 발생기
STANDARD WIRE GAUGE,표준 와이어 게이지
STARBOARD,우현
START TO FINISH,선행작업착수일 + - 본작업종료
START TO START,선행작업착수일 + - 본작업착수
STARTING ELECTRODE,시동전극
STARTING VOLTAGE,시동전압
STATENS SKEPPSPROVININGSANSTALT (SWIDISH MARITIME RESEARCH CENTERS),스웨덴 해사기술연구소
STATIC ELECTRICITY,정전기
STATIC INDUCTION,정전 유도
STBD STARBOARD SIDE,우현
STCW Convention,"선원의 훈련, 자격증명 및 당직근무의 기준에"
STCW-F Convention,"어선원의 훈련, 자격증명 및 당직근무의 기준"
STEAM SUPPLY,스팀 공급
STEEL CASTING,주강
STEEL FORGING,단강(탄소강)
STEEL HEAT EXCHANGER TUBES FOR LOW TEMPERATURE SERVICE,저온 열교환기용 강관
STEEL PIPE FOR ORDINARY PIPING,통상용접용 철파이프
STEEL PIPE FOR PIPING,배관용 탄소강관
STEEL PIPES FOR HIGH PRESSURE SERVICE,고압배관용 탄소강관
STEEL PIPES FOR LOW TEMPERATURE SERVICE,저온배관용 강관
STEEL STRUCTURE PAINTING COUNCIL,철강구조물 도장 협의회
STEERING GEAR,조타기
STEERING GEAR ROOM,타기실
STIFFENER,보강재
STOWAGE FACTOR,화물적하계수
STPA (Steel Tubing Piping Alloy),배관용 합금강관
STPG( Steel Tubing Piping General),압력배관용 탄소 강관
STPL (Steel Tubing Piping Low Temp.),저온배관용강관
STPT (Steel Tubing Piping High Temperature),고온배관용탄소 강관
STPY (Steel Tubing Piping Yosetsu),배관용아아크용접 탄소강관
STRATEGIC ADVISORY GROUP on ENVIRONMENT,환경 전략 자문 그룹
STRATEGIC ARMS REDUCTION TREATY,전략 무기 감축 협정
STREET LIGHTING,가로조명
STRESS COROSION CRACKING,응력 부식 균열
STRESS RELIEVING,응력 제거
STRESS RELIEVING CRACKING,응력제거 균열
STRUCTURE ANALYSIS PROGRAM,구조 해석 프로그램
STRUCTURED QUERY LANGUAGE,국제규약의 DATABASE 질의어
STRUTUAL LIGHTING; ARCHITECTURAL LIGHTING,건축화 조명
STS (Steel Tubing Special),고압배관용탄소강관
STUD WELDING,스터드 용접
SUA Convention,항해 안전에 대한 불법행위방지 협약
SUB-CONTRACTOR,협력회사
SUBMERGED ARC WELDING,잠호 용접
SUMMER LOADED WATER LINE,만재홀수선
SUPER CONDUCTING QUANTUM INTERFERENCE,스퀴드
SUPERVISORY CONTROL,원격감시제어장치
SUPERVISORY CONTROL & DATA ACQUISITION,지역 급전 시스템
SUPERVISORY CONTROL AND DATA,원격감시제어장치
SUPPORT,지지물
SURF-RIDING & BROACHING,서프라이딩/브로칭
SURFACE ACOUSTIC WAVE,찬성 표면파
SURFACE EFFECT SHIP,표면 효과선
SURGE ABSORBER,서지 흡수기
SURGE GENERATOR,서지 발생기
SURGE IMPEDANCE,서지 임피던스
SURGE VOLTAGE,서지 전압
SUS (Stainless Steel),스테인레스 강
SUSPENDED SOLID,부유물질(환경)
SVR (Solid Volume Ratio),고형분 용적비
SWASH (Small Water Plane Area Twin Hull),최소수선면 쌍동선
SWBM (Still Water Bending Moment),정수중 굽힘모멘트
SWEDISH STANDARD INSTRUCTION,스웨덴 규격 협회
SWG (Standard Wire Gauge),표준 와이어게이지
SWITCHBOARD,배전반
"SWITCHBOARD, SWITCHGEAR",배전반
SWL,안전사용하중
SWL (Safe Working Load),안전사용하중
SYMMETRICAL,대칭
SYNCHRONOUS GENERATOR,동기 발전기
SYNCHRONOUS IMPEDANCE,동기 임피던스
SYNCHRONOUS INDUCTION MOTOR,유도 전동기
SYNCHRONOUS MOTOR,동기 전동기
SYNCHRONOUS PHASE MODIFIER,동기 조상기
SYNCHRONOUS REACTANCE,동기 리액턴스
SYNCHRONOUS SPEED,동기 속도
Sacrifice Pipe,희생관
Safe Load,안전 하중(安全荷重)
Safety Cut-out Device,안전차단 장치
Safety Device,안전 장치(安全裝置)
Safety Equipment Certificate,안전증서
Safety Factors,안전계수
Safety Glass,안전유리
Safety Guard,안전 덮개
Safety Lamp,안전등
Safety Link,안전링크
Safety Relief Valve,안전 이완 밸브
Safety Stay,안전스테이
Safety Stock,안전 재고(安全在庫)
Safety Valve,안전 밸브
Safety Working Load,안전사용하중
Safety centre,안전센터
Sagging,새깅
Sagging and Running,도장(塗裝)의 처짐및 흘러내림
Sailer,갑판원
Sailing,범선항법
Sailing Ship with Auxiliary Machinery,기범선
Sailing Vessel (Ship),범선
Sailing Vessel With Auxiliary Enginr,보조기관붙이범선
Saimon and Trout Factory Ship,연어송어공장선
Saimon and Trout Mother Ship,연어송어잡이모선
Sal Log,살로그
Salient Pole Field,돌극 계자
Salient Pole Machine,돌극기
Salinity,염분(鹽分)
Salting Carrier,염장선
Salvage Pump,샐비지펌프
Sampan Signaling Light,통선등
Sampling Line,채취용배관
Samson Post,샘슨포스트
Sand,모래
Sand Ballast,모래밸러스트
Sand Block,모래반목
Sand Carrier,모래운반선
Sand Compaction Barge,샌드콤팩션바지
Sand Glass,모래시계
Sand Pump Dredger,모래펌프준설선
Sanitary Pump,위생펌프
Sash Door,새시도어
Saturated Steam,포화 증기(飽和蒸氣)
Saturation Temperature,포화 온도(飽和溫度)
Scaffold Erecting,발판 설치
Scaffold Plank,발판
Scaffold Removal,발판 철거(撤去)
Scaffolding Support,발판설치용 써포트
Scale,스켈
Scale Effect,축척효과
Scallop,스캘럽
Scantling Draft,최대(最大)만재흘수선 (선체구조강도상
Scantling Number Scantling Numeral,치수계수
Scantlings,구조(構造)의 치수
Scarf Joint,스카프이음(경납땜)
Scarphing Machine,스카프절삭기
Scavenging Air Receiver,소기(掃氣) 리시이버
Scavenging Stroke,소기행정
Schedule Impact,공정 영향(工程影響)
Scheduling,일정 계획(日程計劃)
Scheduling and Control,일정계획및 관리
Schematic Piping Diagram,배관 계통도
Scientific Management,과학적 관리법
Scope,적용범위(適用範圍)
Scope of Work,작업 범위
Scotch Boiler,스카치보일러
Scout,정찰함
Scram,비상정지
Scraper,스크레이퍼
Scratch,스크래치
Screw Conveyor,나사식 컨베어
Screw Propeller Ship,나선추진기선
Screw Pump,스크루우 펌프
Screw Type Chain Stopper,나사닻줄멈추개
Screwed Flange,나사 플랜지
Scrubber Unit,가스 세정기(洗靜機)
Scudding,순주
Scull,스컬
Scullery,식기(食器) 씻는곳
Scupper Pipe,배수관(排水管)
Scuttle Blind,현창안덮개
Scuttle Plug,현창바깥덮개
Sea Anchor,시앵커
Sea Chest,해수 흡입구(吸入口)
Sea Chest Cleaning Valve,해수흡입구청소밸브
Sea Margin,시마진
Sea Screen,물튀김막
Sea Suction Valve,해수흡입밸브
Sea Trial,해상시운전
Sea Water Lubricated Stern Tube Bearing,해수윤활식선미관베어링
Sea Water Pipe,해수관
Sea-going ship,원양항해선
Seabed Exploring Ship,해저자원탐사선
Seabed Running Ship,해저광물채취선
Seafarers,선원
Seagoing service,승무 경력
Seakeeping,내헌공
Seal Weld,누설방지 용접
Sealer,물개잡이배
Sealing Air,밀봉용(密封用) 에아
Seam Welding,심용접
Seamen`s Competency Certificate,해기면장
Seaplane Carrier,수상기모함
Searchlight ( Projector),탐조등
Season Crack,시효균열
Seasoning,시효처리
Seating Ring,자리링
Seaworthiness of the Vessel,선박 내항성(耐航性)
Second Deck,제이갑판
Second Engineer,이등기관사
Second Wirwless Operator,이등통신사
Secondary Electron,전자 도전작용 (2 차 )
Secondary Source,이차전원장치
Secretariat,사무국
Secretary-General,사무총장
Section (Sec.),단면도(斷面圖)
Section Modulus,단면계수
Section Steel,형재
Security assurance,보안 인증
Sediment Davit,오물인양용 대빗트
Segregation,분리(分離)
Segrigation,편석
Selective Catalytic Reduction (SCR),선택적 촉매 환원 시스템
Self Closing Valve,자동닫힘 밸브
Self Elevating Drilling Unit,갑판승강형 굴착선
Self Ignition Temperature,자연 발화온도
Self Priming Pump,자체호수(呼水)펌프
Self Righting Type Life Boat,오뚝이형구명정
Self Supporting cable,자기지지형 가공 케이블
Self-Assessment of Flag State Performance,기국자체평가제도
Self-Unloading Cargo Gear,자체 하역설비
Self-activating Smoke Signal,자동연발신호
Semi-Balanced Rudder,반균형(半均衡) 타
Semi-Tandem,세미탠덤방식
Semi-after Engine Vessel,준선미기관선
Semi-after Engined Vessel,유사선미기관선
Semi-automatic Welding,반자동용접
Semi-balanced Rudder,반평형타
Semi-block,중조(中組)단계 블록
Semi-portable Fire Extinguisher,반이동식소화기
Semi-submersible Drilling Rig,반잠수식 시추선
Semi-submersible Drilling Unit,반잠수형굴착선
Semiconductor On Insulator,절연 기판상의 반도체
Senhouse Slip,센하우스 슬립
Senior Third Engineer,수석삼등기관사
Senior Third Officer,수석삼등항해사
Sensitiveness,감도
Sensitivity,감도계수
Sensitivity Time Control,감도의 시간 조정
Sensitivity analysis,민감도 분석
Separately Excited,타려 발전기
Separately Excited Motor,타려 전동기
Separator,분리기(分離器)
Sequence of Crank,크랭크순위
Sequence of Welding,용접 순서(熔接順序)
Sequential Start,순차기동(順次起動)
Series Construction of Ship,시리즈선 건조(建造)
Series Flow Turbine,직열흐름터빈
Series Welding,직열용접
Service Air Reservoir,일반용공기탱크
Service Bolt,서비스볼트
Service Speed,항해속력
Set Goal (for),목표 설정(目標設定)
Set-up Time,준비 시간
Settling Tank,침전탱크
Sewage Carrier,오물해양폐기선
Sewage Disposal,오수처리(汚水 處理)
Sewage Treatment Plant,오수 처리장치
Sewage Treatment unit,분뇨처리장치
Sewage water,오수
Sextant,육분의
Shackle,샤클
Shaft,축
Shaft Angle,축각
Shaft Bearing,축베어링
Shaft Bracket,축브래킷
Shaft Brake,축브레이크
Shaft Cone Part,축콘파트
Shaft Coupling,축커플링
Shaft Cut-off Test,축분리운전시험
Shaft Eccentricity,축 편심(軸偏心)
Shaft Grounding Device,축부착 접지장치
Shaft Hanger,샤프트행어
Shaft Hosepower,축마력
Shaft Immersion,축심깊이
Shaft Liner,축라이너
Shaft Seal,축봉 장치(軸封裝置)
Shaft Sleeve,축슬리브
Shaft Tunnel,축로(軸路)
Shaft Withdrawal Plan,선미축 발출방안서
Shafting,축계
Shafting Efficiency,축 전달효율
Shallow Water Effect,얕은물영향
Shallow Water effect,천수영향(淺水 影響)
Shaping Machine,세이핑머신
Shared Socioeconomic Pathway (SSP),공통사회·경제 경로
Sharp Freezing,저온동결법
Shear Foece,전단력
Shear Fracture,전단파괴
Shear Stress,전단응력
Shear Vibration,전단진동
Shearing Force,전단력(剪斷力)
Shearing Machine,전단기
Shearing Strength,전단강도(剪斷强度)
Sheathed Deck,피복갑판(被覆甲板)
Sheathing,피복
Sheave,시브
Sheer Plan,선체 측면도(側面圖)
Sheer Strake,현측 후판(舷側厚板)
Sheet Bender,판굽히개
Sheet Steel,박강판
Sheetmetal Forming,판금성형(板金成形)
Shell Expansion Plan,외판 전개도
Shell Plating,외판(外板)
Shell type phase,외철형 변압기
Shelter Deck,차랑갑판
Shelter Decker,차랑갑판선
Shft Rake,축경사
Shielded-arc Welding,쉴드 아크용접
Shielding Gas,차폐(遮蔽) 가스
Shift,회항
Shifting Board Stanchion,시프팅보드 버팀기둥
Shim Plate,높이조정 판
Shimble,심블
Shingle Ballast,자갈밸러스트
Ship Breaker,선박해체업자
Ship Center Line,선체중심선
Ship Construction Contract,선박 건조계약
Ship Conversion,선박개조(船舶改造)
Ship Energy Efficiency Management Plan (SEEMP),선박에너지효율관리계획서
Ship Inspection Certificate,선박검사증서
Ship Maneuverability,선박의 조종성
Ship Repair Yard,수리조선소
Ship Security Alert System (SSAS),선박 보안 경보 시스템
Ship Security Officer (SSO),선박 보안책임자
Ship Security Plan (SSP),선박 보안 계획
Ship Steel,조선용강재
Ship Steel Plate,조선용강판
Ship Strength,선체강도
Ship Type,선종(船種)
Ship agent,선박 대리점
Ship's spare parts,선박 예비부품
Ship's stores,선용품
Ship`s Fitting,선구
Ship`s Logbook,선용항해일지
Ship`s Speed Radio Measuring Equipment,전파식선박속도측정장치
Shipbuilder,조선기술자
Shipbuilding,조선
Shipment,출하
Shipowner,선주(船主)
Shipside Valve,선체부착(附着) 밸브
Shipwreck,조난선
Shipwright,선대 목공(船臺木工)
Shipyard,조선소
Shock Absorber,완충기
Shock Pulse Monitoring (SPM),회전기(回轉機)진동， 충격감시장치
Shoe Piece,슈우 피이스
Shop Loading Information,공장 부하정보
Shop Primer,솝 프라이머
Shop Test,제조공장 시험
Shop Trial,공장시운전
Shore Connection,육상에서 공급받는 연결부
Shore Connection Box,선외급전상자
Shore Power Receiving,육전 수전(陸電受電)
Shore leave,상륙 허가
Short Bunker,연료소진
Short Circuit Current,단락전류
Short Floor Frame,단늑판
Short International Voyage,단거리국제항해
Short Stay,쇼트스테이
Short-Circuit Test,단락 시험(短絡試驗)
Shorten Construction Period,건조기간 단축(短縮)
Shorten Lead Time,조달기간 단축
Shot Blasting,쇼트 블라스팅
Shoulder,어깨
Shringkage Aloowance,수축여유
Shringkage Crack,수축균열
Shrinkage Allowance,수축 여유(收縮餘裕)
Shrinkage Fitting,냉간 박음
Shrinkage Stress,수축응력
Shroud,도풍판(導風板)
Shrouded Propeller,슈라우드프로펠러
Shunt Generator,분권 발전기
Shunt Motor,분권 전동기
Shunt generator,분권 발전기 ( 分捲發電機 )
Shut-Down,위급정지(엔진이상시)
Shuttle Tanker,셔틀 탱커
Sid Thruster,사이드스러스터
Side Bend Specimen,측면굽힘 시험편
Side Frame,선측늑골
Side Girder,사이드거더
Side Hopper Barge,현측개폐호퍼선
Side House,측갑판실
Side Line Winch,사이드라인윈치
Side Longitudinal,선측종늑골
Side Openning,현측개구(舷側開口)
Side Ramp,사이드 램프
Side Scuttle/ Porthole/ Portlight,환창(丸窓)
Side Shore,선측지주
Side Skelson,측내용골
Side Sparring,선측내장(船側內張)판
Side Stooer,사이드스토퍼
Side Stringer,선측스트링거
Side Transverse,선측트랜스버스
Side Water Course,선측빌지홈
Sidebend Test,옆굽힘시험
Sight Glass,사이트글라스
Signal Lamp,신호등
Signaling Light for Air Horn,기적신호등
Silencer,소음기(消音器)
Silicon Carbide,탄화 규소
Silicon Controlled Rectifier,실리콘 제어 정류기
Silicon Controlled Switch,실리콘 제어 스위치
Silicon Intensifier Target,정전유도형 트랜지스터
Silicon Steel Plate,규소강판
Silk Room,실크룸
Silver Brazing Coupling,은납땜 카플링
Similarity,유사성(類似性)
Simplex Strainer,단식(單式) 스트레나
Simpson`s Rule,심프슨공식
Sine Wave,정현파
Single Acting Engine,단동기관
Single Anchor Mooring,단묘박
Single Bottom,단저
Single Groove Joint,한면홈이음
Single Operator Welding Machine,단식 아크용접기
Single Point Mooring Buoy,일점계류부이
Single Pole Single Throw,단극 단투 개폐기
Single Screw Vessel,일축선
Single Window,싱글윈도우
Single Wire System,단선긷 배선방식
Single-Screw Ship,일축선(一軸船)
Singlephase Induction,단상 유도 전동기
Singlephase Transformer,단상 변압기
Sinker,싱커
Siren,사이렌
Sirocozone System,시로코존방식
Sister Hook,시스터훅
Sister Ship,자매선
Sistership,자매선(姉妹船)
Size Effect,치수효과
Skeg,스케그
Skeleton Diagram,골조도
Skeleton Drawing,골격도(骨格圖)
Skelp,스켈프
Skid Plate,활판(滑板)
Skill Training,기능향상교육
Skill Upgrading,기량 향상(技倆向上)
Skills Inventory,종업원 능력재고표
Skimming,스키밍
Skin Tank,선체부(船體附) 탱크
Skipper,소형선 선장
Skylight,천창
Slab Keel,슬래브용골
Slack Coal,분탄
Slack Water,게조
Slag Inclusion,슬래그 혼입
Slamming,선수하부의 파랑충격
Slapping,슬래핑
Sleeve Joint,슬리브 이음
Slewing Crane,선회식크레인
Sliding Cylinder Double Acting Engine,이동실린더왕복동기관
Sliding Door,미닫이문
Sliding Support,슬라이딩 써포트
Sliding Way,진수미끄럼대
Slip Hook,슬립훅
Slip Ring,슬립링
Slip-on Welding Flange,삽입용접플랜지
Slipway Launching,선대진수
Slop Tamk,슬롭탱크
Slop Tank,슬롭 탱크
Slope,기울기
Slope Alignment,슬로프얼라인먼트
Slot,슬록
Slot Weld,슬롯 용접
Slot Welding,슬롯용접
Slotted Girder,홈파인거더
Slotted Web,홈파인웨브
Slow-Down,감속(엔진이상시）)
Sludge,슬러지
Slugging,슬러깅
Small Island Developing States (SIDS),군소도서개발국
Smoke Detector,연기탐지기
Smoke Helmet,방연헬밋
Smoke Pipe Fire Alarm System,연관식화재경보장치
Smoke Tube Boiler,연관식(煙管式)보일러
Smothering Steam Pipe,소화용증기관
Snatch Block,개폐식 도르래
Snip,스닙
Sodium Vapor Light,나트륨등(燈)
Soft Solder,연납
Soft Water,연수
Soft Wood,연질목재
Soil Pipe,오수관
Solar Battery,태양전지(太陽電池)
Solder,땜납
Soldering,땜질
Soldering Iron,납땜인두
Solenoid Valve,솔레노이드밸브
Solid Casting,일체주물
Solid Crank,일체크랭크
Solid Floor,실체 늑판(實體肋板)
Solid Frame,단재늑골
Solid Pillar,중실기둥
Solid Plate Frame,단판늑골
Solid Propeller,일체 프로펠러
Solid Shaft,줄실축
Solid Wire,솔리드 와이어
Sonar (SONAR : Sound Navigation and Ranging),소나
Sonar : SOund NAvigation and Ranging,음탐기
Soot,수트
Soot Blower,수트블로어
Sound Absorption,흡음
Sound Insulation,방음재(防音材)
Sound Insulation Construction,방음구조
Sound Level Meter,소음계
Sound Powered Telephone,음압(音壓) 전화기 (외부 전원 불필요）
Sound Structure,안전 구조(安全構造)
Sounding Pipe,측심관(測深管)
Sounding Rod,측심봉
Space Heater,전기장치 내부(內部) 응축 방지용 전열기
Span of Control,통제 범위(統制範圍)
Spar Varnish,스파바니시
Spare Part,예비품(豫備品)
Spare Parts,예비품
Spare Room,예비실
Spark Igniter,스파크점화기
Sparring,선측내장(船側內張)판
Spatial Analysis,공간분석(空間分析)
Spatter,스패터
Spatter Loss,스패터 손실
Special Rules,특별규칙
Special Service Ship,특수작업선
Special Steel,특수강(特殊鋼)
Special Survey,정기검사
Special category space,특수분류구역
Specialized Agencies of the United Nations,유엔전문기구
Specific Gravity,비중(比重)
Specific Heat,비열(比熱)
Specification (Spec.),사양서(仕樣書)
Spectacle Flange,스펙타클 플렌지
Spectacle Stern Frame,안경꼴 선미골재
Spectrum,스펙트럼 [ 방사의 ]
Specular reflection,경면 반사
Speed Governor,조속기(調速機)
Speed Log,선속(船速) 지시기
Speed Reduction,감속
Speed Regulation,속도 조정(速度調整)
Speed Trial,속력시운전
Speed of Advance of Propeller,프로펠러전진속도
Speedmeter,속도계
Sphere,구형광속계
Spherical Tank,구형(球形) 탱크
Spigot,스피것
Spilled Oil Collecting Device,부유유수인입장치
Spindle,스핀들
Spiral Duct,나선형(螺旋形) 덕트
Spiral Spring,와형스프링
Spirit Level,수준기
Splinter Bulkhead,방충격벽
Split Primary Type Reduction Gear,스플플릿프라이머리형 감속장치
Split Secondary Type Reduction Gear,스플릿세컨더리형 감속장치
Spoiler,양력감소장치
Spontaneous Combudtion,자연연소
Spontaneous Ignition,자연발화
Spool Piece,스푸울 피이스
Spot Heating,점 가열(點加熱)
Spot Inspection,현장 검사(現場檢査)
Spot Weldimg,점용접
Spot Welding,점 용접
Sprash Proof,물튀김막이
Spray Proof,물보라막이
Spray Strip,물보라막이띠
Spread Solar Power,위성 태양 발전
Spring Line,스프링 라인
Spring Steel,스프링강
Spring Tide,대사리
Spring Washer,스프링 와서
Springing,스프링잉
Sprinkler System,살수장치
Spud Keeper,스퍼드키퍼
Square,직각자
Square Bar (Sq. Bar),사각봉(四各棒)
Square Netter,부망어선
Square Station,분할스테이션
Square Stern,각형선미
Squareness,직각도(直角度)
St. Lawrens Seaway Signal Light,센트로렌스시웨이 신호등
Stability,복원성
Stability Curve,복원력(復原力) 곡선
Stabilizer,동요감소장치
Stable Equilibrium,안정평형
Stacked Avalanche,사모스
Stage Plank,발판판자
Staggered Intermitent Fillet Weld,지그재그필릿용접
Staggered Lauout,엇갈림관배치
Staggered Welding,지그재그형 용접
Staging,작업대(作業臺)
Staircase,계단(階段)
Stairway,계단(階段)
Stand Roller,스탠드롤러
Stand-by Generator,예비발전기
Stand-by Machine,예비기
Stand-by Power,예비전원
Standard Check List,표준점검항목표
Standard Compass,표준나침반
Standard Deviation,표준편차(標準偏差)
Standard Drawing,표준도
Standard Fire Test,표준화재시험
Standard Range,표준범위(標準範圍)
Standard Salt Water,표준해수
Standard Sheer,표준현호
Standard Ship,표준선(標準船)
Standard Signal Generator,표준신호 발생기
Standard Specification,표준사양서
Standard Time,표준 시간(標準時間)
Standard Tolerance,표준공차(標準公差)
Standard Voltage,표준전압
Standard design,표준도면(標準圖面)
Standardization,표준화(標準化)
Standing Rigging,고정용(固定用)wire (마스트등의
Staple,꺽쇠
Starboard,우현
Start and Completion Date,착수및 완료일
Starter,시동기
Starting Air,시동공기
Starting Air Reservoir,시동공기 탱크
Starting Engine,시동기관
Starting Test,시동시험
Starting Transformer,시동용 변압기
Starting and Runoff Tabs,용접 착수/완료점의 가이드
Starting electrode,시동전극
Starting voltage,시동전압
Statement,"성명, 담화문"
Static Electricity,정전기
Static Fuel Consumption,정적연료소비량
Static Induction,정전 유도
Static Load,정하중
Static Stability,정적(靜的) 복원력
Statical Stability,정적복원력
Station,스테이션
Station Bill,비상배치(非常配置)표
Station Line,스테이션 라인
Statistical Analysis,통계적(統計的) 분석
Statutory Deck Line,법정갑판선
Statutory Freeboard,법정건현
Statutory Spare Parts,법정(法定)예비품
Stay,선체 내측지주(支柱)
Stay and Shores,선체건조중 지주 (내측/외측)
Steady (Course),스테디
Steady Turning,안정선회
Steady Vessel,안정선
Steady Wind,정상풍
Steam Blast,증기분사
Steam Boiler,증기보일러
Steam Engine,증기기관
Steam Generator,증기발생기
Steam Hammer,증기해머
Steam Heater,증기난방기
Steam Meter,증기미터
Steam Reciprocating Engine,증기왕복동기관
Steam Ship,기선
Steam Siren,증기사이렌
Steam Smothering System,증기 소화장치
Steam Trap,증기 트랩
Steam Turbine,증기 터어빈
Steam Turbine Ship,증기터빈선
Steam Whistle,증기기적
Steel Cutting (S/C),강재 절단(鋼材切斷)
Steel Deck,강갑판
Steel Hatch Cover,강제창구덮개
Steel Hawser,강제 호우저
Steel Ingot,강괴
Steel Ordering,강재 주문
Steel Plate,강판
Steel Ship,강선
Steel Stock Yard,강재적치장
Steel Tower Scaffold,고정식 작업대
Steerable Duct Propeller,조종식덕트프로펠러
Steerage Way,최저조타속력
Steerin Gear Test,조타시험
Steering Committee,운영위원회
Steering Compass,조타컴퍼스
Steering Engine,조타기관
Steering Gear Alarm,조타기경보
Steering Gear Room (S/G Rm),타기실(舵機室)
Steering Quadrant,조타쿼드런트
Steering Rudder,수직타
Steering Test,조타 시험(操舵試驗)
Stem,선수재
Step in the Construction Process,건조공정의 단계
Step-up Gear,증속기
Stepped Bulkhead,유단격벽
Sterilizer,살균소독기
Stern Body,선미부
Stern Bulb,선미단벌브
Stern Bush,선미관(船尾管) 부쉬
Stern Chute,스턴슈트
Stern Construction,선미 구조(船尾構造)
Stern Construction Profile,선미구조도
Stern Engine,선미기관
Stern Frame,선미골재(船尾骨材)
Stern Light,선미등
Stern Line,스턴라인
Stern Ramp,선미(船尾) 램프
Stern Thruster,선미 스라스트
Stern Tube,선미관(船尾管)
Stern Tube Bearing,선미관베어링
Stern Tube Bush,선미관 부시
Stern Tube Cooling Water Tank (S/T C.W.Tk),선미관 냉각용 청수탱크
Stern Tube Gland,선미관글랜드
Stern Tube LubricatingOil {ump,선미관윤활유펌프
Stern Tube Shaft,선미관축
SternTube Nut,선미관너트
Sternpost,타주재
Steward,주방원
Stiffener,보강재
Stiffener (stiff.),보강재(補强材)
Stiffener Member,골재
Stiffening Member,보강재
Still Water,정수
Stinger,스팅어
Stock Anchor,유간대묘
Stock allowance,가공여유(加工餘裕)
Stockless Anchor,스톡리스앵커
Stocktaking,재고조사(在庫調査)
Stone Carrier,돌운반선
Stool,스투울
Stoppage of an operation,작업 중지
Stoppimg Distance,정지거리
Storage Battery,축전지(蓄電池)
Storage of Cut Parts,절단부재 보관
Storm Rail,스토옴 레일
Storm Rail Bracket,스톰레일브래킷
Storm Valve,스토옴 밸브
Stowage Factor,적하율
Stowage Plan,화물적재도
Stowage/ Segregation,위험물 적재 및 격리
Stowaway,밀항자
Stowaways,밀항자
Straight Lined Vessel,직선형선
Straight Poiarity,정극성
Straight Stem,직선선수
Straight Timber,직재
Straightening,곡직(曲直)
Straightning,바로잡기
Strain Gage,스트레인게이지
Strain Hardening,변형경화
Strait,해협
Strake below Sheer Strake,부현측후판
Stranding,좌초 사고(坐礁事故)
Strapped Joint,덮개판 이음
Stream Line,중묘줄
Streamline Rudder,유선타
Strectcher,구급용 들것
Street lighting,가로조명
Strength Deck,강력갑판(强力甲板)
Strength Freeboard,강도건현
Stress Analysis,응력해석(應力解析)
Stress Concentration,응력 집중(應力集中)
Stress Fatigue,응력피로
Stress Relief Heat Treatment,응력제거열처리
Stress Relieving,응력 제거(應力除去)
Stress due to Vibration,진동응력
Striking Plate,스트라이킹 판
String Bead,스트링비드
Stringer Deck,스트링거 데크
Stringer Plate,스트링거 판
Stringer(Stri.),선측 종통재(縱通材)
Stripe Coat,용접부등 선행도장
Stripping Pump,스트리핑 펌프
Stroke,행정
Stroke Volume,행정체적
Strong Beam,특설(特設)비임
Strongback,스트롱백
Structural Detail,구조 상세(構造詳細)
Structural Deterioration,선각구조의 열화
Structural Shape,구조용 형강재
Structural Steel,구조용강(構造用鋼)
Structural accessibility,구조 접근성
Structure Over Upper Deck,상부구조
Structureborne Noise,고체전달 소음(騷音)
Strut Bearing,스트럿베어링
Strutual lighting;,건축화 조명
Stud Bolt,스터드 볼트
Stud Welding,스터드 용접
Stud Welding Machine,스터드 용접기
Stuffing Box,스터핑 박스
Sub-Block Assembly/ Subassembly,중조립(中組立)
Sub-Committee,전문위원회
Sub-Standard Vessel,기준미달선박
Subcontracting Cost,외주 비용(外注費用)
Subcontracting Management,외주관리(外注管理)
Subdivision,구획(區劃)
Subdivision Rule,구획만재흘수선 규칙
Submarine,잠수함(潛水艦)
Submarine Rescue Ship,잠수함구조선
Submarine Signal,수중신호
Submerged Arc Welding,서브머지드 아크용접
Submersible Dredger,잠수준설선
Subordinate,하급자(下級者)
Subsidiary Body for Scientific and Technological Advice (SBSTA),과학기술자문부속기구
Substandard Vessel,기준미달(基準未達)선
Substantially Completed,공사완료 상태(狀態)
Substation,변전소(變電所)
Substitution of the Materials,자재 대체(資材代替)
Subsurface Wave,수면아래파형
Succeeding,후속(後續)의
Successive Ship,후속선(後續船)
Suction,흡입
Suction Drdger,커터리스펌프준설선
Suction Filter,흡입 여과기
Suction Head,흡입 수두(吸入水頭)
Suez Canal Tonnage,수에즈운하톤수
Suez Canal Tonnage Certificate,수에즈운하톤수증서
Suezmax,수에즈막스
Suggestion System,제안 제도(提案制度)
Summation Table,집계표(集計表)
Summer Freeboard,하기건현(夏期乾舷)
Summer Load Line,하기만재흘수선
Summer Tank,하기탱크
Summer Timber Load Line,하기목재만재흘수선
Summer Zone,하계구역
Sunken Forecastle Deck,저선수루갑판
Sunken Superstructure,저선루
Super Block,선행탑재 블록
Super Conducting Quantum,스퀴드
Supercharging,과급
Superheater,과열기(過熱器)
Superintendent,감독
Superintendent Engineer,선주감독기사
Supersonic Type Flow Meter,초음파유량계
Supersonic Type Level Gauge,초음파액면계
Superstructure,선루
Supervisory Control & Data,지역 급전 시스템
Supervisory Training,감독자 훈련
Support,지지물
Support (Supp't),지지대(支持臺)
Support Cap,지주용 캡
Supporting Block,지지용 블록
Surface Acoustic Wave,찬성 표면파
Surface Bend Test,표면굽힘시험
Surface Defect,표면 결함(表面缺陷)
Surface Hardening,표면경화
Surface Inspection,표면검사
Surface Prep. and Painting,전처리 및 도장
Surface Roughness,표면거칠기
Surface Tension,표면장력
Surface Treatment Grade,전처리(前處理) 등급
Surfacing,표면 피복용접
Surge Absorber,서지 흡수기
Surge Generator,서지 발생기
Surge Impedance,서지 임피던스
Surge Tank,서지탱크
Surge Voltage,서지 전압
Surging,서징
Survey Meter,탐사계
Survey Report,검사 보고서
Surveying Ship,측량선
Surveyor / Inspector / Auditor / Investigator,검사관 / 검사원 / 심사관 / 사고조사관
Survival Craft,생존정
Survival Suit,방수및 방온구명복
Suspended Solid,부유 물질(浮遊物質)
Sution Side,흡입면
Swage Bulkhead,스웨지 격벽
Swash Bulkhead,제수 격벽(制水隔壁)
Swaying,스웨잉
Sweat Pipe,스웨트파이프
Swell,너울
Swimming Pool,수영장
Swing Check Valve,스윙 체크밸브
Switch Box,스위치함
"Switchboard, Switchgear",배전반
Swivel,스위블
Swivel Hook,스위블 훅
Swivel Joint,스위블 이음
Symbols,기호(記號)
Symmetrical (sym.),대칭(對稱)
Synchronization,동기화(同期化)
Synchronous Generator,동기 발전기
Synchronous Impedance,동기 임피던스
Synchronous Induction,유도 전동기
Synchronous Motor,동기 전동기
Synchronous Reactance,동기 리액턴스
Synchronous Speed,동기 속도
Synchronous phase,동기 조상기
System,시스템，계통
System-Oriented Work,시스템위주 작업
T/G (Turbo-Generator),터어빈 발전기
TACK WELDING,가용접
TANGENT LINE,탄젠트라인
TANK,액체 저장 탱크
TAR EPOXY PAINT,W.B.TK에 주로 사용되는 PAINT
TBT (Tributyl-Tin)-Based,유기주석계
TCG (Transverse Center of Gravity),횡방향 중심(重心)
TDC (Top Dead Center),상사점(上死點)
TECHNI-GAZ,멤브레인형 LNG선을 개발한 프랑스의 한 회사
TECHNICAL ASSISTANCE,기술지도
TELEGRAPHIC TRANSFER,전신 송금
TEMPERATURE INDICATING,템필스틱
TEMPERATURE INDICATING CRAYONS,템필스틱
TEMPERATURE RELAY,온도 계전기
TEMPERATURE RISE,온도 상승
TENSILE STRENGTH,인장 강도
TERMINAL LUG,단자
TEST LOAD,시험 하중
TEST PRESSURE,시험 압력
TEU (Twenty-Feet Equivalent Unit),컨테이너(20ft) 환산 적재량
TGA,열중량 분석
THE ASSOCIATION OF DANISH SHIPBUILDERS,덴마크 조선공업협회
THE ASSOCIATION OF WEST EUROPEAN SHIPBUILDERS,서유럽 조선공업협회
THE BALTIC AND INTERNATION MARITIME COUNCIL,발틱 국제해운동맹
THE INSTITUTE OF ELECTRICAL AND ELECTRONICS ENGINESS,"전기,전자 기사회"
THE INTERNATIONAL ENVIRONMENTAL EDUCATION PROGRAM,국제 환경 교육 프로그램
THE INTERNATIONAL TANKER NOMINAL FREIGHT SCALE ASSOCIATION LTD.,LONDON BROKER대표위원회라고도 할 수 있는 협회
THE ITALIAN SHIPBUILDERS ASSOCIATION,이태리조선공업협회
THE JAPANESE SHIPOWNER'S ASSOCIATION,일본선주협회
THE ORGANIZATION OF EUROPEAN ECONOMIC COOPERATION,유럽 경제 협력기구
THE WELDING INSTITUTE,영국 용접 연구 학회
THEORY SPRAY RATIO,이론 도포율
THERMALLY STIMULATED CURRENT,열자극 전류
THERMISTER,서미스터
THERMISTER WATTMETTER,서미스터 전력계
THERMO MECHANICAL CONTROLLED PROCESS STEEL,TMCP 강 (고장력강의 일종)
THICKNESS,두께
THIN FILM TRANSISTOR,박막 트랜지스터
THOUSAND MILLION (TON-MILES),해상동물량 단위로서 10억 TON-MILES이다
THP (Thrust Horse Power),추력마력(推力馬力)
THYRISTOR INVERTER,사이리스터 인버터
THYRISTOR MOTOR,사이리스터 모터
TICAD,도쿄아프리카개발국제회의
TIG (Tungsten Inert Gas Arc Welding) TIG,용접
TIME BASE CORRECTION,시간축 교정장치
TIME COMPRESSION MULTIPLEXING,시분할 방향 제어 전송방식
TIME DELAY,지연시간
TIME DIVISION MULTIPLE ACCESS,시분할 다원 접속
TIME DIVISION MULTIPLEX,시분할 다중방식
TIME SHARING SYSTEM,시분할 방식
TLV(Threshold Limit Value),작업장 오염물질 허용농도(許容濃度)
TMCP(Thermo Mechanical Controlled Process) Steel TMCP,강
TML,운송허용수분치
TOTAL PRODUCTIVE,종합생산보전
TOTAL PRODUCTIVE MAINTENANCE,종합생산보전
TOTAL QUALITY,전사적품질경영
TOTAL QUALITY CONTROL,종합품질관리
TOTAL QUALITY MANAGEMENT,전사적품질경영
TOUCH-UP,"터치업, (도장작업의) 가수 작업"
TPC (Tonnes per Centimeter Immersion),매(每) 센치 배수톤수
TPM(Total Productive maintenance),전사적 설비관리
TQC (Total Quality Control),전사적 품질관리
TRACEABILITY,트레이셔 빌리티
TRANSFORMER,몰드 변압기의 특징
TRANSFORMER CORES,몰드 변압기 코어
TRANSMISSION CONTROL,전송제어
TRANSMISSION CONTROL UNIT,전송제어장치
TRANSMISSIONLOSS COEFFICIENT,송전 손실
TRANSMIT,송신
TRANSMITTER,"전송기, 송신기"
TRANSMITTER DISTRIBUTOR,자동 송신기
TRANSVERSE BULKHEAD,횡 격벽
TRANSVERSE METACENTER ABOVE BASE LINE,횡 METER 센터 높이
"TRANSVERSE, TRANSVERSE BULKHEAD","횡-, 횡격벽"
TRAVEL SPEED,이송 속도
TRAVELLING WAVE TUBE,진행파관
TRIGLYCINE SULFATE,황산 트리글리신
TSL (Techno-Super Liner),초고속선(超高速船)
TSR (Theory Spray Ratio),이론 도포율(塗布率)
TSS,통항분리방식
TSW / CSW,무역싱글윈도우 / 통관싱글윈도우
TUNGSTAN INERT GAS ARC WELDING,TIG 용접 (GTAW의 일종)
TUNGSTAN INERT GAS WELDING,TIG 용접
TURBINE GENERATOR,터빈 발전기
TURBO CHARGER,파급기
TWENTY FOOT EQUIVALENT UNIT,20' CONTAINER (적재수량 측정단위)
TYPICAL,대표적인
Table Type Magnetic Compass,테이블자기컴퍼스
Table of Contents,목차(目次)
Tachometer,회전 속도계
Tacit acceptance,묵시적 수락
Tack Welding,가용접
Tackle,태클
Tacometer Revolution Indicator,회전계
Tact System,택트 시스템
Tail Block,꼬리도르래
Tailshaft,선미축(船尾軸)
Talk Back System,쌍방향통신가능 확성장치
Tally Man,검수원
Tally Office,하역(荷役) 사무실
Tandem Building System,탠덤건조법
Tandem Propeller,탠덤프로펠러
Tandum Launching,탠덤진수
Tank,탱크
Tank Cleaning Heater,탱크클리닝가열기
Tank Cleaning Hole,탱크청소구
Tank Cleaning System,탱크청소장치
Tank Top (T/Top),이중저(二重底)위
Tank Top Plate,탱크정판
Tankage,탱크내적재
Tap Bolt,탭볼트
Tape Measure,줄자
Taper (Tapered) Liner,테이퍼라이너
Taper Bolt,테이퍼볼트
Taper Gauge,테이퍼게이지
Taper Pin,테이퍼핀
Tapping Machine,태핑기
Tar Pintle,타핀틀
Taut Wire Measuring Gear,토트와이어장치
Technical Officer,모델코스 기술담당자
Technical Problem,기술적인 문제
Technical Support,기술 지원(技術支援)
Technical cooperation Fund,기술협력 기금
Technical cooperation consultants,기술협력 컨설턴트
Technological Advances,기술적 진보
Technology Innovation,기술혁신
Tee,티(T)
Tee Joint,티(T)형 이음
Telegraph,텔레그래프
Telemotor,텔레모터
Telephone Booth,전화기 방음상자
Telescopic Mast,신축마스트
Telescopic pipe,신축관
Telltale System,집합경보(集合警報)및 신호 표시장치
Temper Bend Test,가열굽힘시험
Temper Current,템퍼전류
Temperature Controller,온도 조절기
Temperature Deviation Alarm,편차온도경보기
Temperature Relay,온도 계전기
Temperature Rise,온도 상승
Tempilstick (Temperature Chalk),온도감지 쵸크
Template Gage,판게이지
Template for Bending,곡작업용 형판(型板)
Temporary Repair,임시 수리(臨時修理)
Temporary Source of Emergency Power,임시전원
Temporary admission,일시수입
Tender,보급선
Tensile Strength,인장강도
Tensile Stress,인장응력
Tension Test,인장시험
Tentative Rule,잠정 규칙(暫定規則)
Tention Member,인장부재
Terminal Box,단자함
Terminal Lug,단자
Terms and Conditions,이용약관
Test Hammer,검사 해머
Test Head,시험 수두(試驗水頭)
Test Load,시험 하중(試驗荷重)
Test Piece,시험편
Test Piece / Test Specimen,시험편(試驗片)
Testing Machine,시험기
The Joint Group of Expert on the Scientific Aspects of Marine Environmental Protection (GESAMP ),해양환경전문가그룹
The Ocean Cleanup,오션클린업
The Regional Cooperation Agreement on Combating Piracy and Armed Robbery against ships in Asia - Information Sharing Centre (ReCAAP-ISC),아시아해적퇴치협정 해적정보공유센터
The Summary Report,종합 보고서
The Validation Organ,유효화 조직
"The international Convention on the control of Harmful Anti-fouling Systems on ships, 2001",선박유해방오시스템 사용규제 협약
Theodolite,데오돌라이트
Theoretical Throat,목의 이론두께
Thermal Conductivity,열전도도(熱傳導度)
Thermal Efficiency,열효율
Thermal Expansion,열 팽창(熱膨脹)
Thermal Insulation Door,방열문
Thermal Oil,열매체유(熱媒體油)
Thermal Protective Aid,보온복
Thermal Reactor,열중성자로
Thermal Shield,열차폐
Thermal Shock,열충격
Thermal Stress,열응력
Thermally Stimulated Current,열자극 전류
Thermister,서미스터
Thermister Wattmetter,서미스터 전력계
Thermit Welding,테르밋용접
Thermo Paint,온도감지 페인트
Thermocouple,열전대
Thermometer Pocket,온도계 포켓
Thermostat,온도(溫度) 스위치
Thermostatic Expansion Valve,감온(感溫) 팽창밸브
Thimble,딤블
Thin Film Transistor,박막 트랜지스터
Third Deck,제삼갑판
Thorough Examination,정밀검사(精密檢査)
Thread Gauge,나사게이지
Thread Miller,나사밀러
Threading Machine,나사깍는 기계
Three Deck Vessel,삼층갑판선
Three Phase,삼상
Threshold Limit,허용한계(許容限界)
Throttle Valve,스로틀(교축) 밸브
Through Beam,전통보
Through Bracket,관통 브래킷
Through for Steering Chain,조타줄홈
Thrust,추력
Thrust (Shaft) Collar,추력받이칼라
Thrust Block,추력블록
Thrust Breakdown,추력상실
Thrust Pad,드러스트 패드
Thrust Shaft,추력축
Thyristor Inverter,사이리스터 인버터
Thyristor Motor,사이리스터 모터
Tidal Current,조류
Tidal Range,조석(潮汐)의 차이
Tide,조석
Tide Signal Station,조류신호소
Tide Table,조석표
Tie Angle (Bar),타이엘(L)형재
Tie-bolt,타이볼트
Tightness,내밀성(耐密性)
Tile Work,타일 공사
Tiller,틸러
Timber Carrier,목재 운반선
Timber Freeboard,목재만재흘수선
Time Base Correction,시간축 교정장치
Time Compression,시분할 방향 제어 전송방식
Time Delay,지연시간
Time Division Multiple,시분할 다원 접속
Time Division Multiplex,시분할 다중방식
Time Sharing System,시분할 방식
Time Study,시간 연구(時間硏究)
Time of arrival,입항시기
Timing Gear,타이밍 기아
Tinman`s Shears,양철가위
Tip Cavitation,날개끝 캐비테이션
Tip Clearance,날개끝 틈새
Tip Emergence,날개끝 노출
Tip Leakage,날개끝 누출
Tipping Moment,티핑모멘트
ToR (Terms of Reference),위임사항
Toe,토
Toe Angle of an Offset Rudder,중립타각
Toe of Weld,용접끝
Toggle,토글
Toggle Switch,토글 스위치
Tongued Washer,혀붙이 와셔
Tonnage Certificate,톤수증서
Tonnage Deck,측도갑판
Tonnage Duce,톤세
Tonnage Mark,톤수표시
Tonnage Measurement,정량측도
Tons per Centineter Immersion,센티미터당배수톤
Tool Board,공구대(工具臺)
Tool Steel,공구강
Top Bracing,상부(上部) 브레이스
Top-down Approach,하향식방법
Topmast,톱마스트
Topology,위상(位相)
Topping Lift,토핑리프트
Topping Unit,토핑유닛
Topping Winch,토핑윈치
Topside Tank,상부현측(舷側) 탱크
Torch,절단기 화구(火口)
Torch Head,토치 헤드
Torch Lamp,토치램프
Torpedo Net Boom,방뢰망 붐
Torque Breakdown,토크상실
Torque Meter,토크계
Torque Wrench,토크 렌치
Torremolinos Protocol of International Convention for the Safety of Fishing Vessels,토레몰리노스 의정서
Torsion,비듦
Torsion Rigidity,비틂강성
Torsional Vibration,비틀림진동
Torsionmeter,토오션 미터
Tortional Vibration Test,축계비틂 진동시험
Total Inspection,전수검사(全數 檢査)
Total Redidtance,전저항
Total Residual Oxidant (TRO),잔류산화물
Touch Up,칠땜질
Tow Line,토라인
Tow Rope Resistance,예인저항
Towing Arch,예인줄받이아치
Towing Hook,예인용(曳引用) 훅
Towing Log,예항로그
Towing Power,예항력
Towing Rope,예인로프
Towing Tank,예인수조
Towing Winch,예인윈치
Toxic symptom,중독 증상(中毒症狀)
Toxicity,독성(毒性)
Traceability,트레이셔 빌리티
Tracking,추적
Trade Wind,무역풍
Train Ferry,열차도선
Training Ship,연습선
Training Squadron,연습선대
Tramp Ship (Tramper),부정기선(不定期船)
Tramper,부정기선
Transceiver,송수신기
Transducer,변환기
Transeiver,송수신기(送受信器)
Transfer Workers Between Shops,공장간의 작업자이동
Transformer,몰드 변압기의 특징
Transformer Cores,몰드 변압기 코어
Transient,천이
Transit,트랜싯트
Transition Point,천이점
Transmission Control,전송제어
Transmission Control Unit,전송제어장치
Transmissionloss,송전 손실
Transmit,송신
Transmitter Distributor,자동 송신기
Transmitting Compass,발신식컴퍼스
Transom Beam,선미보
Transom Stern,트랜섬선미 (角形 船尾)
Transport document,운송서류
Transverse Bulkhead,횡격벽
Transverse Bulkhead (Transv. Bhd),횡 격벽(橫隔壁)
Transverse Contraction,횡수축
Transverse Frame,횡늑골
Transverse Member,가로 부재
Transverse Metacenter,횡메타센터
Transverse Stability,횡복원력
Transverse Strength,횡 강도(橫强度)
Transverse Web,트랜스버스웨브
Trap,트랩
Traveling Crane,이동크레인
Travelling Crane,주행(走行) 크레인
Travelling Wave Tube,진행파관
Traverse Feed,가로 이송
Trawl Otter Board,트롤망오터보트
Trawl Winch,트롤 윈치
Trawler,트롤선
Treaty,조약
Trend Analysis,추세 분석(趨勢分析)
Trend Line,추세선(趨勢線)
Trial,시운전
Trial Condition,시운전(試運轉) 상태
Trial Conference,시운전 회의 (선주/선급등)
Trial Maneuvering,시험조작
Trial Speed,시운전 속도
Trial and Error Method,시행착오(試行錯誤)법
Triglycine Sulfate,황산 트리글리신
Trim,트림
Trim Weight,트림웨이트
Trim by Bow,선수(船首) 트림
Trim by Stern,선미(船尾) 트림
Trimming Bracket,트리밍브래킷
Trimming Moment,트리밍모멘트
Trimming Table,트리밍표
Trimming Tank,트리밍탱크
Trip Test,트립시험
Triple Screw Vessel,삼추진기선
Triplex Safety Glass,삼중안전유리
Tripping Bracket,트리핑 브래킷
Trnsmission Shaft Loose Joint,전동축신축이음쇠
Trnsponder,트랜스폰더
Trolley,트롤리
Troopship,병력수송선
Tropical Freeboard,열대건현
Tropical Lord Line,열대만재흘수선
Tropical Zone,열대
Trouble Observed,관찰(觀察)된 고장
Trouble Shooting,고장발견방법
True Wind Direction,참풍향
True Wind Velocity,참풍속
Trunk Deck,트렁크갑판
Trunk Hatchway,트렁크창구
Trunk Piston Engine,트렁크피스톤기관
Trunk Vessel,트렁크선
Trunk Way,트렁크웨이
Tucking Allowance,평패널의 용접수축량
Tug Boat,예인선(曳引船)
Tuna Long Liner,다랑어주낙어선
Tuning Wheel,튜닝휠
Tunnel Flat,터널갑판
Tunnel Recess,터널리세스
Turbine,터빈
Turbine Casing,터빈케이싱
Turbine Disk,터빈바퀴
Turbine Pump,터빈펌프
Turbine Rotor,터빈로터
Turbine Wheel,터빈날개바퀴
Turbine generator,터빈 발전기
Turbo Electric Motor Ship,터빈전동기선
Turbo Generator,터빈발전기
Turbo-compressor,터빈압축기
Turbo-electric Drive,터빈전기추진
Turbocharger,터어보과급기(過給機)
Turbulence Stimulator,난류촉진장치
Turbulent Fliw,난류
Turbulent Flow,난류(亂流)
Turbulent Velocity,난류 속도(亂流速度)
Turnbuckle,터언버클
Turning,선회
Turning Force,회전력
Turning Gear,터닝기어
Turning Radius,선회반지름
Turning Round,회두
Turning Wheel,회전륜
Turnkey Base,턴키 방식(方式)
Turntable,턴테이블
Turret,포탑
Turret Lathe,터릿선반
Turret Vessel,터릿선
Tween Deck,중갑판(中甲板)
Tween Deck Cargo Space,갑판간 화물창
Tween Deck Ladder,갑판간사다리
Twin Rudder,쌍타
Twin Screw Vessel,쌍추진기선
Twin-Screw Ship,이축선(二軸船)
Twisting Moment,비틀림 모우먼트
Twisting Test,비틂시험
Two Anchor Mooring,쌍묘박
Two-Stage Pump,이단(二段) 펌프
Type Approval,형식 승인(型式承認)
Typical Detail,기준상세(基準詳細)도
Typoon,태풍
U-Tube,유형관(U 形管)
UCL (Upper Control Limit),관리 상한선
UHF (Ultra High Frequency),극초단파(極超短波)
UL-MD (Underwriters Laboratories- Marine Department),미국공공안전관련 검사기관（해양）
ULCC(Ultra Large Crude Oil Carrier),초대형 원유운반선（３００Ｋ초과）
ULTRA HIGH FREQUENCY,극 초단파
ULTRA LARGE CRUDE OIL CARRIER,"초대형 유조선(300,000 DWT급 이상)"
ULTRASONIC TEST,초음파검사
UMS(Unattended Machinery Space),기관실 무인화등급
UN,국제연합
UN / CEFACT,UN 무역촉진 및 전자상거래 표준화기구
UN MTC,UN 위험물 시험 방법 및 판정 기준 매뉴얼
UN Model Regulations,UN 모델 규정
UN Number,유엔번호
UN TDG,UN 위험물 운송 전문가 위원회
UN/EDIFACT,행정·상업·운송을 위한 전자데이터 교환
UNATTENDED MACHINERY AUTOMATION,KR(한국선급) 무인화 등급
UNATTENDED MACHINERY SPACE,GL(독일 선급) 무인화등급
UNBALANCED CIRCUIT,불평형 회로
UNBALANCED CURRENT,불평형 전류
UNBALANCED LOAD,불평형 부하
UNCLOS,유엔해양법협약
UNCLOS (United Nations Convention on the Law of the Sea),유엔해양법협약
UNDAF,유엔개발원조프레임워크
UNDERWRITERS LABORATORIES INC.,미국 화재보험협회
UNDESA,유엔경제사회처
UNDG,유엔개발그룹
UNDP,유엔 개발 계획
UNEP,유엔 환경 계획
UNEQUAL ANGLE,부등변 형강재(산형재)
UNFCCC,유엔기후변화협약
UNIJUNCTION TRANSISTOR,단접합 트랜지스터
UNINTERRUPTIBLE POWER SUPPLY,무정전 전원장치
UNION ESPANOLA DE CONSTRUCTOR NAVALES,스페인 조선공업협회(87년 설립)
UNIT OF MEASUREMENT,계획 수량
UNITAR,유엔훈련연구기구
UNITED NATIONS,국제 연합
UNITED NATIONS CONFERENCE on TRAD AND DEVELOPMENT,국제연합 통상개발회의
UNITED NATIONS ENVIRONMENTAL PROGRAM,환경보호 문제를 담당하기 위해 만들어진 UN 산하기구
UNITED STATES COAST GUARD,미국 연안경비대
UNITED STATES TRADE REPRESENTATIVE,미국 무역대표부
UNJSPF,유엔합동직원연금기금
UNODC (UN Office on Drugs and Crime),유엔마약범죄사무소
UNSOM,유엔소말리아지원단
UNSP barges,비자항 무인부선
UPPER DECK,상갑판
UPS(Uninterruptable Power Supply),무정전 전원장치
UR (Uruguay) Round,우루구와이 라운드
USCG,미국 해안경비대
USCG (United States Coast Guard),미국 연안경비대
USER'S DESIGN,사용주의설계사양서
USER'S DESIGN SPECIFICATION,사용주의설계사양서
UT (Ultrasonic Test),초음파 탐상 시험
UT : Ultrasonic Test,유티
UV (Ultra Violet) Sterilizer,자외선 살균기
UVP (Under voltage Protection),저전압(低電壓) 보호
UVR (Under voltage Release),저전압 해방 (자동 복귀)
Ullage,얼리지
Ullage Port,유면측정(油面測定)공
Ullage Table,얼리지표
Ultimate Strength,최종강도
Ultra High Frequency,극초단파
Ultrasonic Test : UT,울트라소닉 테스트
Ultrasonic Thickness Gauging,초음파 두께측정
Ultrasonic Welding,초음파용접
Ultraviolet Dosimeter,자외선 측정기
Unattended Machinery Automation Ship : UMA,기관구역무인화선
Unbalance,불평형(不平衡)
Unbalanced Circuit,불평형 회로
Unbalanced Current,불평형 전류
Unbalanced Load,불평형 부하
Unbalanced Rudder,불평형타
Under Construction,건조중(建造中)
Underbead Crack,비드밑 균열
Undercut,언더컷
Underdeck Area,덱크하부 구역
Underground Drainage,지하 배수설비
Underground Water,지하수(地下水)
Underlaying,밑깔기 용접
Underwater Cutting,수중절단
Underwater Inspection,수중검사(水中檢査)
Underwater Observation Boat,해중투시선
Underwater Welding,수중용접
Underwater welding,수중용접(水中熔接)
Underwriter,해상보험업자
Underwriters Laboratories,미국 화재보험협회
Undrewater Telephone,수중통화기
Unequal Angle,부등변 산형강
UniJunction Transistor,단접합 트랜지스터
Uninterruptible Power Supply,무정전 전원장치
Union Joint,유니언연결
Unionmelt Welding,유니언멜트식 용접
Unique tracking number,고유번호
Unit Assembly,소조립(小組立)
Unit Length,단위 길이
Unit Outfitting (Machinery unit/ Pipe Unit),유니트 의장
Unit Switch,유닛스위치
Unit of Scale,척도 단위
Universal Chock,유니버어설 초크
Universal Fairlead,유니버설페어리드
Universal Joint,만능(萬能) 이음
Unlawful practices,불법행위(불법관행)
Unlimited Waters,무제한 수역
Unmanned Control,무인 조정(無人調整)
Unstable Equilibrium,불안정평형
Unsymmetrical,비대칭(非對稱)
Upper Bridge Deck,상부선교갑판
Upper Deck,상갑판(上甲板)
Upper Turn of Bilge,외판만곡부상단
Upper-tween Decks,상층갑판공간
Uppermost Cotinuous Deck,최상전통갑판
Upset Welding,업셋용접
Upsetting Moment,전복모멘트
Upside Down,반전(反轉)
Upstream,상류(上流)
Uptake,연돌(煙突)
Upward Trend,상승 추세(上昇趨勢)
Urinal,소변기(小便器)
Usability Test,사용성능 시험
Use Overtime or Shift Working,잔업 또는 교대근무 활용
User Centered Design (UCD),사용자 중심 설계
User interface design,사용자 인터페이스 설계
Utility and Electrical Service,공무 지원(工務支援)
V Belt Drive,브이벨트구동
VACUUM CIRCUIT BREAKER,진공 차단기
VACUUM ELECTRIC FURNACE,진공 전기로
VACUUM INTERRUPTER,진공 인터럽터
VACUUM LOADBREAKER SWITCH,진공 개폐기
VACUUM PRESSURE IMPREGNATION,진공 주입 ( 함침 )
VACUUM TUBE VOLT METER,진공관 전압계
VALUE ADDED NETWORK,부가가치 통신망
VALUE ADDED TAX,부가 가치세
VALUE ANALYSIS,가치 분석
VALUE ENGINEERING,가치 공학
VAPOR PHASE INHIBITOR,기화성방청제
VARIABLE FREQUENCY OSCILLATOR,가변 주파수 발진기
VARIABLE VOLTAGE VARIABLE FREQUENCY,가변 전압 가변 주파수
VCG (Vertical Center of Gravity),수직 중심(垂直重心)
VCI (Volatile Corrosion Inhibitor),기화성 부식억제제
VDE (Verband Deutscher Elektrotechniker),독일전기공학회
VDES,VHF 데이터 교환 시스템
VDR,항해자료기록장치
VDU (Visual Display Unit),영상지시장치
VEILING GLARE,광막 글레어
VEILING LUMINANCE,광막휘도
VEILING REFLECTION,광막반사
VENDOR DEVIATION,사양불일치승인요청서
VENDOR DEVIATION REQUEST,사양불일치승인요청서
"VENTILATION, VENTILATOR","통풍, 통풍기"
VERBAND DEUTSHER ELECTROTECHNIKER,독일 전기 기자협회
VERIFICATION,확인 ( 검증)
VERTICAL,수직
VERTICAL CENTER OF BUOYANCY ABOVE BASE LINE,부력 중심의 종방향 높이
VERTICAL CENTER OF GRAVITY,무게중심의 수직방향 높이
VERTICAL CENTER OF GRAVITY ABOVE BASE LINE,선체무게 중심의 종방향 높이
VERTICAL DOWNWARD,수직 하진
VERTICAL LADDER,수직 사다리
VERTICAL POSITION,수직 자세
VERTICAL POSITION WELDING,수직 자세 용접
VERTICAL PRISMATIC COEFFICIENT,연직주형 계수
VERTICAL UPWARD,수직 상진
VERY HIGH FREQUENCY,초단파
VERY LARGE BULK CARRIER,대형 BULK 운송선
VERY LARGE CRUDE OIL CARRIER,"175,000DWT 이상 30만DWT 이하의 대형 TANKER"
VESSEL OPERATION COMMON CARRIER,COMMON CARRIER로서 자신이 직접 선박을 보유하고 있는 운송인
VESTIGIAL SIDE BAND,잔류 측파대
VGFSP,자발적 기국이행 지침
VGM,컨테이너 총중량 검증제도
VHF (Very High Frequency),초단파(超短波)
VHF Radio,초단파대역 무선통신장비
VICKERS HARDNESS,비커스 경도
VIDEO RESPONSE SYSTEM,화상 응답 시스템
VIMSAS,자발적 회원국감사
VISIBLE RADIATION,가시 방사
VISUAL DISPLAY TERMINAL,영상 표시 단말장치
VISUAL FLUORESCENT DISPLAY,가시형광 표시장치
VISUAL INSPECTION,용접외관검사
VISUAL TEST,육안검사
VIT (Variable Injection Timing),가변분사시기 조정
VLBC(Very Large Bulk Carrier),초대형 살물선 (１８０－２００Ｋ）)
VLCC(Very Large Crude Oil Carrier),초대형 원유 운반선 (１７５－３００Ｋ）)
VLOC (Very Large Ore Carrier),초대형광석운반선
VMS,선박 모니터링 시스템
VMS (Voyage Management System),항해종합관리시스템
VOC (Volatile Organic Compounds),휘발성 유기물질
VOLTAGE,공칭 전압
VOLTAGE CONTROLLED OSCILLATOR,전압제어 발진기
VOLTAGE FREQUENCY CONVERTER,전압 주파수 변환기
VOLTAGE STANDING WAVE RATIO,전압 정재파비
VOLTS ALTERNATING CURRENT,교류 전압
VOLUME UNIT,음량 단위
VRC (Valve Remote Control),원격제어 밸브
VTS,해상교통관제시스템
Vacuum,진공
Vacuum Box,진공누설시험 지그
Vacuum Breaker,진공차단기
Vacuum Circuit Breaker,진공 차단기
Vacuum Cleaner,진공 소제기
Vacuum Distillation,감압증류(減壓蒸溜)
Vacuum Electric Furnace,진공 전기로
Vacuum Gauge,진공계
Vacuum Interrupter,진공 인터럽터
Vacuum Loadbreaker Switch,진공 개폐기
Vacuum Pressure,진공 주입 ( 함침 )
Vacuum Pump,진공 펌프
Vacuum Test,진공 시험(眞空試驗)
Vacuum Tube Volt Meter,진공관 전압계
Value Added Network,부가가치 통신망
Value Analysis,가치 분석(價値分析)
Value Engineering,가치공학(價値工學)
Valve List,밸브 목록표
Valve Spindle Spnner,밸브스패너
Valve Sticking,밸브용화
Vanish,바니시
Vapor Lock,베이퍼록
Vaporizing Chamber,증발실(蒸發室)
Vapour Lock,증기폐색(蒸氣閉塞)
Variable Frequency,가변 주파수 발진기
Variable Pitch Propeller,불균일피치프로펠러
Variable Speed,가변속도(可變速度)
Variable Voltage Variable,가변 전압 가변 주파수
Variable Voltage Welding Machine,가변전압용접기
Varnish,와니스 (니스)
Vedette Boat,함재초계정
Vegetable Chamber,채소창고
Vehicle-carring Ship,차량운반선
Veiling glare,광막 글레어
Veiling luminance,광막휘도
Veiling reflection,광막반사
Vendor Drawing (V/D),제작자도면
Vendor Guarantee,제조회사 보증
Vendor Information,제조업체 정보
Vendor Lead Time,제조업체 소요기간
Venecian Door,베니션도어
Veneer,베니어
Veneer Board,베니어판
Vent (Hole),통기구멍
Vent Pipe,벤트관
Ventilating Flap,통풍플랩
Ventilation Flap,통풍 플랩
Ventilation Plan,통풍관배치도
Ventilation Trunk,통풍트렁크
Ventilator,통풍통(通風筒)
Verband Deutsher,독일 전기 기자협회
Vernier Caliper,부척(副尺) 캘리퍼
Vertical (Position) Welding,직립용접
Vertical Boiler,직립형보일러
Vertical Coupling,수직연결
Vertical Downhand Welding,수직 하향용접
Vertical Engine,직립기관
Vertical Keel,버티컬킬
Vertical Ladder (V/L),수직 사다리
Vertical Position,수직자세
Vertical Prismatic Coefficient,연직주형(비척)계수
Vertical Section,수직 단면(垂直斷面)
Vertical Stiffener,수직방요(垂直防搖)재
Vertical Web,연직(鉛直) 웨브
Vertical Welding,수직 용접(垂直熔接)
Very High Frequency,초단파
Vestigial Side Band,잔류 측파대
Vetilation Cock,통풍콕
Vhuck,척
Viable organisms,생존생물
Vibration,진동
Vibration Absorber,흡진기
Vibration Damper,진동감쇠장치
Vibration Level,진동레벨
Vibrator,진동기
Vice Admiral,해군중장
Victualler,식량수송선
Video Response System,화상 응답 시스템
Vimration Feeder,진동피더
Vinyl Tile,비닐 타일
Virtual Reality,가상현실(假想現實)
Virtual Work,가상적(假想的) 일
Viscometer,점도계(粘度計)
Viscosimeter,점도계
Viscosity,점도
Viscosity Controller,점도조절(粘度調節)기
Viscous Pressure Resistance,점성압력저항
Viscous Resistance,점성저항
Visibility,가시도(可視度)
Visible Air Whistle,발연기적
Visible radiation,가시 방사
Visual Display Terminal,영상 표시 단말장치
Visual Fluorescent Display,가시형광 표시장치
Visual Inspection,육안 검사(肉眼檢査)
Visual Inspection : VI or Appearance Test : AT,육안검사
Vital Points,주요한 점，핵심
Voice Tube,전성관(傳聲管)
Void Space,보이드 스페이스
Volatile Organic Compounds (VOCs),휘발성유기화합물
Volatile Solvent,휘발성 용매제
Voltage,공칭 전압
Voltage Controlled,전압제어 발진기
Voltage Drop,전압강하(電壓降下)
Voltage Frequency,전압 주파수 변환기
Voltage Reducing Device,전격방지장치
Voltage Regulator,전압 조정기
Voltage Standing Wave Ratio,전압 정재파비
Volts Alternating Current,교류 전압
Volume Unit,음량 단위
Volumetric Efficiency,용적 효율(容積效率)
Volumetric Expansion Coefficient,체팽창(體膨脹)계수
Vortex,소용돌이
W-1 (One-man Watch Keeping),항해선교 자동화부호(DNV)
WAEE,WAEE
WALL & CEILING,선체도장 구역 구분시 사용
WATER BALLAST TANK,발라스트 탱크
WATER CLOSET,수세식 화장실
WATER LEVEL DETECTORS,수위 감지기
WATER PLANT COEFFICIENT,수선면적 계수
WATER SCUPPER,물 배수구
WATER TIGHT,수밀
WATER TIGHT BULKHEAD,수밀 격벽
WATER TIGHT OR WEATHER TIGHT,수밀(혹은 풍우밀)
WATERTIGHT,수밀성
WAVELENGTH DIVISION MULTIPLEXING,파장 다중 분할
WBT (Water Ballast Tank),발라스트 탱크
WCA Code of Conduct,서·중앙아프리카 행동강령
WEIGHT,"무게, 하중"
WEIGHT & CENTER OF,무게및무게중심
WEIGHT & CENTER OF GRAVITY,무게및무게중심
WELD PROCEDURE,용접절차사양서
WELD PROCEDURE SPECIFICATION,용접절차사양서
WELDER QUALFIFICATION TEST,용접사 자격시험
WELDER QUALIFICATION,용접자격시험
WELDER QUALIFICATION TEST,용접자격시험
WELDING,용접
WELDING PROCEDURE QUALIFICATION TEST,용접법 승인시험
WELDING PROCEDURE SPECIFICATION,용접시공 절차서
WELDING RESEARCH COUNCIL,용접 연구 평의회
WET BULB,습구 온도계(WET BULB THERMOMETER)
WET FILM THICKNESS(μ),젖은 도막 두께 (↔ DFT )
WFT (Wet Film Thickness),습도막(濕塗膜)
WHEEL HOUSE,조타실
WHO (World Health Organization),세계 보건기구
WIDE ADDED NETWORK,광역 통신망
WIDE AREA NETWORK,원거리 통신망
WIG (Wing in Ground),위그선
WIG (Wing in Ground-Effect) Ship,해면효과익선
WINDAGE LOSS,풍손
WINDING,몰드 변압기 권선
WIPO,세계지식재산기구
WITH AVERAGE,단독 해손 담보
WMU,세계해사대학
WMUWA,세계해사대학 여성협회
WOMESA,동남아프리카 해사 여성협회
WORK COMMENCEMENT,착공
WORK ORDER,작업지시서
WORKING HOLE,작업용 구멍
WORKING PRESS,작동 압력
WORLD TRADE ORGANIZATION,세계 무역 기구
WOUND CORE,권철심
WOUND CORE TRANSFORMER,권철심 변압기
WOUND ROTOR,권선형 회전자
WOUNDROTOR INDUCTION MOTOR,권선형 유도전동기
WPS (Welding Procedure Specification),용접시공 절차서
WRC,세계전파통신회의
WSD (Work Sequence Diagram),단계별 공사요령서（의장공사）
WWNWS,전 세계 항행경보 서비스
Wage Rate,임율(賃率)
Wagon Deck,차량갑판
Waist Deck,중앙부갑판
Waiting Time,작업대기시간
Wake,후류
Wake Equalizing Duct,프로펠라측 덕트
Walkie-Talkie,워어키 토오키
Walkway during Construction,건조중(建造中) 통로
Wall Crane,벽붙이 크레인
War Ship,군함
Wardrobe,옷장
Warehouse,창고(倉庫)
Warning Light,경계등
Warship,군함(軍艦)
Wash Basin,세면기(洗面器)
Wash Bulkhead,물막이격벽
Waste Heat,폐열(廢熱)
Waste Heat Boiler,폐열보일러
Waste Heat Recovery System,폐열회수시스템
Waste Heat Recovery System (WHRS),선박 폐열 회수장치
Waste Oil Tank (W.O. Tk),폐유(廢油)탱크
Waste Oil Treating Device,폐유처리장치
Water Boat,급수선
Water Closet (W.C),화장실(化粧室)，변소
Water Content,수분 함량(水分含量)
Water Cooling,수냉
Water Hammering,수격작용(水擊作用)
Water Jacket,물재킷
Water Line,수선(水線)
Water Meter,수량계
Water Plane,수선면(水線面)
Water Pollution,수질 오염(水質汚染)
Water Proof,방수
Water Softner,연수장치
Water Spray Pump,물분무펌프
Water Supply Test,통수시험
Water Trap,드레인 트랩
Waterjet,물분사
Waterjet Propulsion,워터제트 추진
Waterjet Ship,물분사선
Waterline Length,수선길이
Waterplane,수선면
Waterplane Area,수선면적
Waterproof,방수(防水)
Watertight,수밀
Watertight Bulkhead,수밀격벽
Watertight Bulkhead (W.T Bhd),수밀 격벽(水密隔壁)
Watertight Compartment,수밀 구획(水密區劃)
Watertight Floor,수밀늑판
Watertight Test,수밀 시험(水密試驗)
Watt-Hour Meter,적산전력계
Wattmeter,전력계
Wave,파
Wave Crest,파정
Wave Frequency,파진동수
Wave Height,파고
Wave Length,파장
Wave Making Resistance,조파 저항(造波低抗)
Wave Period,파도주기
Wave Shearing Force,파전단력
Wave Steepness Ratio,파기울기
Wavelength Division,파장 다중 분할
Wax Pattern,밀본
Waybill,운송장
Wear Respirator,마스크 착용
Wear and Tear,쇠모(마모)
Weardown,마모(磨耗)
Weather Adjustment,천후조정
Weather Effect,일기 영향(日氣影響)
Weather Forecast,일기 예보(日氣豫報)
Weather Tight,풍우밀
Weather Tight Door,풍우밀문
Web Frame,특설 늑골(特設肋骨)
Wedge,쐐기
Weekday,평일 (平日)
Weight Curve,중량곡선
Weight Estimation,중량추정
Weight on Board,적재중량
Weighted Average Method,가중평균(加重平均)법
Weighted Index Number,가중 지수(加重指數)
Weighted Mean,가중 평균(加重平均)
Weld Condition,용접 조건(熔接條件)
Weld Defects,용접 결함(熔接缺陷)
Weld End,용접 끝단부
Weld Geometry,용접 형상(熔接形象)
Weld Length,용접길이
Weld Metal,용접금속
Weld Penetration,용입
Weld Size,용접 치수
Weld Zone,용접부
Weldability,용접성
Weldabiltiy,용접성(熔接性)
Welded Construction,용접 구조(熔接構造)
Welded Joint,용접이음
Welder Performance Test,용접사 기량시험
Welder's Qualification Test,용접사 자격시험
Welding Arc Voltage,용접 아크전압
Welding Current,용접 전류(熔接電流)
Welding Dissimilar Metals,이종금속의 용접
Welding Distortion,용접변형
Welding Flux,용접용 플럭스
Welding Head,용접헤드
Welding Machine,용접기
Welding Material,용접재료
Welding Metallurgy,용접 금속학
Welding Pass Sequence,용접순서(熔接順序)
Welding Position,용접자세(熔接姿勢)
Welding Procedure,용접 시공법
Welding Procedure Qualification Test,용접법 승인시험
Welding Procedure Test,용접시공시험
Welding Process,용접법
Welding Reinforcement,용접덧붙임
Welding Rod,용접봉(熔接棒)
Welding Sequence,용접 순서/방법
Welding Shrinkage,용접 수축(熔接收縮)
Welding Stress,용접응력
Welding Symbols,용접 기호(熔接記號)
Welding Table,용접대
Welding Throat,용접각목(熔接脚目)
Welding Tip,용접구멍
Welding Torch,용접 토오치
Welding Transformer,용접변압기
Welding Wire,용접용 와이어
Weldolet,용접식 돌기물
Welfare Provisions,복리 후생(福利厚生)
Well Deck,웰갑판
Wet Dock,계류 독
Wet Provision,부식(냉동/냉장요)
Wet Steam,습증기(濕蒸氣)
Wether Deck,노천갑판
Wether Ladder,노천사다리
Wetted Surface Area,침수 면적(沈水面積)
Whale Back Vessel,경배선
Whale Mother Ship,포경모선
Whale Scouting Vessel,탐경선
Whale Winch,포경윈치
Wharf Crane,안벽 크레인
Wharfage,부두 사용(료)
Wharfinger,부두관리인
Wheelhouse (W/H),조타실(操舵室)
Whipping,휘핑
Whirling Vibration,횡진동(橫振動)
Whistle,기적(氣笛)
White Lead Paint,백연페인트
White List,STCW 협약의 완벽한 이행 국가
White Zinc Paint,백색아연페인트
Wide Added Network,광역 통신망
Wide Area Network : WAN,광역통신망
Wide Blade,공폭날개
Widely Spaced Hold Beam,특설창내빔
Wilful misconduct,고의적 불법행위
Winch,윈치
Winch Man,윈치조종수
Winch Platform,윈치프랫폼
Wind Direction,풍향
Wind Tunnel Tedt,풍동시험
Wind-generated Wave,풍랑
Windage Loss,조풍손실
Winding,몰드 변압기 권선
Winding Staires,나선계단
Window Wiper,윈도와이퍼
Wing Bulkhead,현측격벽
Wing Screw Propeller,현측나선프로펠러
Wing Shaft,현측축
Wing Tank,현측(舷測) 탱크
Winter Load Line,동계만재흘수선
Wire Brush,와이어브러시
Wire Feed Motor,와이아 송급 모타
Wire Gauge,와이어게이지
Wire Guy,와이어가이
Wire Reel,와이어릴
Wire Rope,와이어로프
Wireless Control,무선조종
Wireless Room,무중실
Wireless Watcher,무중당직
Wiring,배선
Wiring Diagram,배선도
Withdrawal of Classification,탈급
Wood Deck,목갑판(木甲板)
Wood Lathe,목공선반
Wooden Deck,목갑판
Wooden Ship,목선
Wooden Shipyard,목선조선소
Work Load,작업 부하(作業負荷)
Work Management,작업 관리(作業管理)
Work Measurement,작업 측정(作業測定)
Work Order(W/O),작업지시(서)
Work Programme,작업 프로그램
Work Ratio,일비
Work Station,전문 작업장
Working Drawing,공작도(工作圖)
Working Group,작업반
Working Lamp,작업등(作業燈)
Working Pressure,작동 압력(作動壓力)
Working Space,작업 공간
Working Stroke,작업행정
Working Table,작업대
Workshop,공작실
Workshop (W/S),작업장
World Maritime Day,세계 해사의 날
Worm Gear,웜기어
Worm Wheel,웜휠
Wound Core,권철심
Wound Core Transformer,권철심 변압기
Wound Rotor,권선형 회전자
Woundrotor Induction Motor,권선형 유도전동기
Wreck,난파선
Wrench,렌치
Wrought Iron,연철
X-Ray Radiography,엑스선 투과시험
XML,확장성 생성언어
YARD NEED DATE,도착요구일
YIELD STRENGTH,항복 강도
YTTRIUM ALUMINUM GARNET,이트륨 알루미늄 가닛
YTTRIUM IRON GARNET,이트륨 철 가닛
Yacht,요트
Yawing,선수 동요(船首動搖)
Yield Point,항복점(降伏點)
Yield Strength,항복 강도(降伏强度)
Yoke,요크
Yttrium Aluminum Garnet,이트륨 알루미늄 가닛
Yttrium Iron Garnet,이트륨 철 가닛
Z-bar,제트(Z)형재
ZD (Zero Defect),무결점(無缺點)운동
ZOFM (Zone Outfitting Method),구획의장방식
ZPTM (Zone Painting Method),구획도장방식
Zebra Mark,얼룩무늬 마크
Zero Emission Vessel (ZEV),탄소제로선박
Zigzag Joint,지그자그형 이음
Zigzagging,지그재그조정
Zinc Anode,방식아연(防蝕亞鉛)
Zinc Bath,용융아연조
Zinc Phosphating,아연 인산염피막 처리
Zone Outfitting,구획의장(區劃艤裝)
Zone by Area by Stage,구역별/공정단계별 Zone구분
Zone-Oriented Work,구획위주작업
amendment Plan,개정도면
blow out prevention,분출방지장치
cable Drum,케이블드럼
cap Nut,캡너트
capstan Bar,캡스턴막대
carburization,탄소첨가
collision Avoidance Redar System,레이더충돌예방장치
cramk Shaper,크랭크세이퍼
double Strapped Joint,양면덧판이음
e-Navigation,차세대 해양 안전 종합관리체계
e.g. (Exempli Gratia),예를 들면 (for example)
eLoran,차세대 장거리 무선항법 시스템
fore Mast,포어마스트
hawser Pipe,호저파이프
heavy Oil Engine,중유기관
hopper Barge,호퍼선
hull Shop,선각공장
i.e (id est),즉 (that is)
i.w.o(in way of),부근의
insulated Hold,단열화물창
life Jacket,구명동의
local lighting,국부조명
localized general lighting,국부적 전반조명
neutral Flame,중성불꽃
sheet Metal,박판
standard Deviation,표준편차
steam Radiator,증기방열기
steerage Passenger,보통선객
working Conditions,작업 여건(作業與件)
①Cross Section ②Transverse Plan,횡단면
